Month,Route,Service Category,Service Day of the Week,Average Daily Boardings
January 2019,1 California,Frequent Local,Sunday,"9,600"
February 2019,1 California,Frequent Local,Sunday,"11,500"
March 2019,1 California,Frequent Local,Sunday,"11,800"
April 2019,1 California,Frequent Local,Sunday,"10,800"
May 2019,1 California,Frequent Local,Sunday,"10,800"
June 2019,1 California,Frequent Local,Sunday,"11,600"
July 2019,1 California,Frequent Local,Sunday,"10,900"
August 2019,1 California,Frequent Local,Sunday,"11,500"
September 2019,1 California,Frequent Local,Sunday,"12,000"
October 2019,1 California,Frequent Local,Sunday,"11,700"
November 2019,1 California,Frequent Local,Sunday,"10,900"
December 2019,1 California,Frequent Local,Sunday,"9,700"
January 2020,1 California,Frequent Local,Sunday,"9,300"
February 2020,1 California,Frequent Local,Sunday,"11,200"
March 2020,1 California,Frequent Local,Sunday,"5,200"
April 2020,1 California,Frequent Local,Sunday,"2,700"
May 2020,1 California,Frequent Local,Sunday,"3,500"
June 2020,1 California,Frequent Local,Sunday,"4,000"
July 2020,1 California,Frequent Local,Sunday,"4,100"
August 2020,1 California,Frequent Local,Sunday,"4,200"
September 2020,1 California,Frequent Local,Sunday,"4,700"
October 2020,1 California,Frequent Local,Sunday,"5,000"
November 2020,1 California,Frequent Local,Sunday,"4,700"
December 2020,1 California,Frequent Local,Sunday,"3,700"
January 2021,1 California,Frequent Local,Sunday,"4,100"
February 2021,1 California,Frequent Local,Sunday,"4,800"
March 2021,1 California,Frequent Local,Sunday,"4,900"
April 2021,1 California,Frequent Local,Sunday,"5,200"
May 2021,1 California,Frequent Local,Sunday,"6,100"
June 2021,1 California,Frequent Local,Sunday,"6,600"
July 2021,1 California,Frequent Local,Sunday,"7,000"
August 2021,1 California,Frequent Local,Sunday,"7,200"
September 2021,1 California,Frequent Local,Sunday,"7,800"
October 2021,1 California,Frequent Local,Sunday,"7,300"
November 2021,1 California,Frequent Local,Sunday,"7,100"
December 2021,1 California,Frequent Local,Sunday,"6,200"
January 2022,1 California,Frequent Local,Sunday,"6,100"
February 2022,1 California,Frequent Local,Sunday,"6,800"
March 2022,1 California,Frequent Local,Sunday,"6,900"
April 2022,1 California,Frequent Local,Sunday,"7,700"
May 2022,1 California,Frequent Local,Sunday,"8,100"
June 2022,1 California,Frequent Local,Sunday,"9,700"
July 2022,1 California,Frequent Local,Sunday,"8,100"
August 2022,1 California,Frequent Local,Sunday,"9,000"
September 2022,1 California,Frequent Local,Sunday,"8,700"
October 2022,1 California,Frequent Local,Sunday,"8,900"
November 2022,1 California,Frequent Local,Sunday,"8,100"
December 2022,1 California,Frequent Local,Sunday,"7,700"
January 2023,1 California,Frequent Local,Sunday,"8,200"
February 2023,1 California,Frequent Local,Sunday,"8,500"
March 2023,1 California,Frequent Local,Sunday,"7,800"
April 2023,1 California,Frequent Local,Sunday,"8,800"
May 2023,1 California,Frequent Local,Sunday,"8,900"
June 2023,1 California,Frequent Local,Sunday,"9,800"
July 2023,1 California,Frequent Local,Sunday,"9,600"
August 2023,1 California,Frequent Local,Sunday,"10,400"
September 2023,1 California,Frequent Local,Sunday,"10,100"
October 2023,1 California,Frequent Local,Sunday,"10,100"
November 2023,1 California,Frequent Local,Sunday,"8,300"
December 2023,1 California,Frequent Local,Sunday,"9,100"
January 2024,1 California,Frequent Local,Sunday,"9,100"
February 2024,1 California,Frequent Local,Sunday,"9,300"
March 2024,1 California,Frequent Local,Sunday,"9,800"
April 2024,1 California,Frequent Local,Sunday,"10,400"
May 2024,1 California,Frequent Local,Sunday,"10,400"
June 2024,1 California,Frequent Local,Sunday,"11,200"
July 2024,1 California,Frequent Local,Sunday,"10,600"
August 2024,1 California,Frequent Local,Sunday,"10,800"
September 2024,1 California,Frequent Local,Sunday,"10,900"
October 2024,1 California,Frequent Local,Sunday,"10,500"
November 2024,1 California,Frequent Local,Sunday,"9,300"
December 2024,1 California,Frequent Local,Sunday,"9,500"
January 2025,1 California,Frequent Local,Sunday,"9,800"
February 2025,1 California,Frequent Local,Sunday,"10,200"
March 2025,1 California,Frequent Local,Sunday,"9,900"
April 2025,1 California,Frequent Local,Sunday,"10,600"
May 2025,1 California,Frequent Local,Sunday,"10,700"
June 2025,1 California,Frequent Local,Sunday,"11,300"
July 2025,1 California,Frequent Local,Sunday,"10,800"
August 2025,1 California,Frequent Local,Sunday,"11,300"
September 2025,1 California,Frequent Local,Sunday,"11,100"
October 2025,1 California,Frequent Local,Sunday,"10,800"
November 2025,1 California,Frequent Local,Sunday,"9,500"
December 2025,1 California,Frequent Local,Sunday,"10,200"
January 2026,1 California,Frequent Local,Sunday,"9,200"
February 2026,1 California,Frequent Local,Sunday,"10,300"
March 2026,1 California,Frequent Local,Sunday,"10,900"
April 2026,1 California,Frequent Local,Sunday,"10,400"
May 2026,1 California,Frequent Local,Sunday,"10,800"
June 2026,1 California,Frequent Local,Sunday,"12,100"
July 2026,1 California,Frequent Local,Sunday,"11,000"
August 2026,1 California,Frequent Local,Sunday,"11,300"
January 2019,1AX California A Express,Specialized,Sunday,
February 2019,1AX California A Express,Specialized,Sunday,
March 2019,1AX California A Express,Specialized,Sunday,
April 2019,1AX California A Express,Specialized,Sunday,
May 2019,1AX California A Express,Specialized,Sunday,
June 2019,1AX California A Express,Specialized,Sunday,
July 2019,1AX California A Express,Specialized,Sunday,
August 2019,1AX California A Express,Specialized,Sunday,
September 2019,1AX California A Express,Specialized,Sunday,
October 2019,1AX California A Express,Specialized,Sunday,
November 2019,1AX California A Express,Specialized,Sunday,
December 2019,1AX California A Express,Specialized,Sunday,
January 2020,1AX California A Express,Specialized,Sunday,
February 2020,1AX California A Express,Specialized,Sunday,
March 2020,1AX California A Express,Specialized,Sunday,
January 2019,1BX California B Express,Specialized,Sunday,
February 2019,1BX California B Express,Specialized,Sunday,
March 2019,1BX California B Express,Specialized,Sunday,
April 2019,1BX California B Express,Specialized,Sunday,
May 2019,1BX California B Express,Specialized,Sunday,
June 2019,1BX California B Express,Specialized,Sunday,
July 2019,1BX California B Express,Specialized,Sunday,
August 2019,1BX California B Express,Specialized,Sunday,
September 2019,1BX California B Express,Specialized,Sunday,
October 2019,1BX California B Express,Specialized,Sunday,
November 2019,1BX California B Express,Specialized,Sunday,
December 2019,1BX California B Express,Specialized,Sunday,
January 2020,1BX California B Express,Specialized,Sunday,
February 2020,1BX California B Express,Specialized,Sunday,
March 2020,1BX California B Express,Specialized,Sunday,
January 2019,2 Sutter,Grid,Sunday,"1,500"
February 2019,2 Sutter,Grid,Sunday,"1,600"
March 2019,2 Sutter,Grid,Sunday,"2,000"
April 2019,2 Sutter,Grid,Sunday,"2,200"
May 2019,2 Sutter,Grid,Sunday,"1,900"
June 2019,2 Sutter,Grid,Sunday,"1,900"
July 2019,2 Sutter,Grid,Sunday,"2,000"
August 2019,2 Sutter,Grid,Sunday,"2,000"
September 2019,2 Sutter,Grid,Sunday,"1,800"
October 2019,2 Sutter,Grid,Sunday,"1,800"
November 2019,2 Sutter,Grid,Sunday,"1,900"
December 2019,2 Sutter,Grid,Sunday,"1,600"
January 2020,2 Sutter,Grid,Sunday,"1,600"
February 2020,2 Sutter,Grid,Sunday,"1,900"
March 2020,2 Sutter,Grid,Sunday,"1,000"
April 2020,2 Sutter,Grid,Sunday,100
July 2022,2 Sutter,Grid,Sunday,600
August 2022,2 Sutter,Grid,Sunday,"1,100"
September 2022,2 Sutter,Grid,Sunday,"1,200"
October 2022,2 Sutter,Grid,Sunday,"1,200"
November 2022,2 Sutter,Grid,Sunday,"1,000"
December 2022,2 Sutter,Grid,Sunday,"1,000"
January 2023,2 Sutter,Grid,Sunday,"1,100"
February 2023,2 Sutter,Grid,Sunday,"1,100"
March 2023,2 Sutter,Grid,Sunday,"1,200"
April 2023,2 Sutter,Grid,Sunday,"1,400"
May 2023,2 Sutter,Grid,Sunday,"1,300"
June 2023,2 Sutter,Grid,Sunday,"1,300"
July 2023,2 Sutter,Grid,Sunday,"1,400"
August 2023,2 Sutter,Grid,Sunday,"1,500"
September 2023,2 Sutter,Grid,Sunday,"1,400"
October 2023,2 Sutter,Grid,Sunday,"1,500"
November 2023,2 Sutter,Grid,Sunday,"1,200"
December 2023,2 Sutter,Grid,Sunday,"1,300"
January 2024,2 Sutter,Grid,Sunday,"1,300"
February 2024,2 Sutter,Grid,Sunday,"1,500"
March 2024,2 Sutter,Grid,Sunday,"1,400"
April 2024,2 Sutter,Grid,Sunday,"1,700"
May 2024,2 Sutter,Grid,Sunday,"1,600"
June 2024,2 Sutter,Grid,Sunday,"1,700"
July 2024,2 Sutter,Grid,Sunday,"1,700"
August 2024,2 Sutter,Grid,Sunday,"1,800"
September 2024,2 Sutter,Grid,Sunday,"1,700"
October 2024,2 Sutter,Grid,Sunday,"1,600"
November 2024,2 Sutter,Grid,Sunday,"1,500"
December 2024,2 Sutter,Grid,Sunday,"1,500"
January 2025,2 Sutter,Grid,Sunday,"1,500"
February 2025,2 Sutter,Grid,Sunday,"1,700"
March 2025,2 Sutter,Grid,Sunday,"1,500"
April 2025,2 Sutter,Grid,Sunday,"1,800"
May 2025,2 Sutter,Grid,Sunday,"1,800"
June 2025,2 Sutter,Grid,Sunday,"1,800"
July 2025,2 Sutter,Grid,Sunday,"1,900"
August 2025,2 Sutter,Grid,Sunday,"2,000"
September 2025,2 Sutter,Grid,Sunday,"1,800"
October 2025,2 Sutter,Grid,Sunday,"1,800"
November 2025,2 Sutter,Grid,Sunday,"1,600"
December 2025,2 Sutter,Grid,Sunday,"1,700"
January 2026,2 Sutter,Grid,Sunday,"1,500"
February 2026,2 Sutter,Grid,Sunday,"1,700"
March 2026,2 Sutter,Grid,Sunday,"1,800"
April 2026,2 Sutter,Grid,Sunday,"1,800"
May 2026,2 Sutter,Grid,Sunday,"1,800"
June 2026,2 Sutter,Grid,Sunday,"1,800"
July 2026,2 Sutter,Grid,Sunday,"2,000"
August 2026,2 Sutter,Grid,Sunday,"2,000"
January 2019,3 Jackson,Grid,Sunday,"1,200"
February 2019,3 Jackson,Grid,Sunday,"1,500"
March 2019,3 Jackson,Grid,Sunday,"1,700"
April 2019,3 Jackson,Grid,Sunday,"1,500"
May 2019,3 Jackson,Grid,Sunday,"1,300"
June 2019,3 Jackson,Grid,Sunday,"1,200"
July 2019,3 Jackson,Grid,Sunday,"1,500"
August 2019,3 Jackson,Grid,Sunday,"1,900"
September 2019,3 Jackson,Grid,Sunday,"1,700"
October 2019,3 Jackson,Grid,Sunday,"1,700"
November 2019,3 Jackson,Grid,Sunday,"1,700"
December 2019,3 Jackson,Grid,Sunday,"1,500"
January 2020,3 Jackson,Grid,Sunday,"1,600"
February 2020,3 Jackson,Grid,Sunday,"1,600"
March 2020,3 Jackson,Grid,Sunday,900
April 2020,3 Jackson,Grid,Sunday,100
January 2019,5 Fulton,Grid,Sunday,"8,000"
February 2019,5 Fulton,Grid,Sunday,"7,900"
March 2019,5 Fulton,Grid,Sunday,"11,000"
April 2019,5 Fulton,Grid,Sunday,"10,300"
May 2019,5 Fulton,Grid,Sunday,"9,800"
June 2019,5 Fulton,Grid,Sunday,"9,200"
July 2019,5 Fulton,Grid,Sunday,"10,000"
August 2019,5 Fulton,Grid,Sunday,"10,500"
September 2019,5 Fulton,Grid,Sunday,"11,000"
October 2019,5 Fulton,Grid,Sunday,"11,100"
November 2019,5 Fulton,Grid,Sunday,"10,000"
December 2019,5 Fulton,Grid,Sunday,"8,200"
January 2020,5 Fulton,Grid,Sunday,"9,300"
February 2020,5 Fulton,Grid,Sunday,"10,100"
March 2020,5 Fulton,Grid,Sunday,"5,000"
April 2020,5 Fulton,Grid,Sunday,"1,000"
May 2020,5 Fulton,Grid,Sunday,"2,400"
June 2020,5 Fulton,Grid,Sunday,"3,200"
July 2020,5 Fulton,Grid,Sunday,"3,600"
August 2020,5 Fulton,Grid,Sunday,"3,600"
September 2020,5 Fulton,Grid,Sunday,"4,100"
October 2020,5 Fulton,Grid,Sunday,"4,200"
November 2020,5 Fulton,Grid,Sunday,"3,700"
December 2020,5 Fulton,Grid,Sunday,"2,800"
January 2021,5 Fulton,Grid,Sunday,"3,400"
February 2021,5 Fulton,Grid,Sunday,"4,400"
March 2021,5 Fulton,Grid,Sunday,"4,500"
April 2021,5 Fulton,Grid,Sunday,"4,600"
May 2021,5 Fulton,Grid,Sunday,"5,500"
June 2021,5 Fulton,Grid,Sunday,"6,100"
July 2021,5 Fulton,Grid,Sunday,"6,500"
August 2021,5 Fulton,Grid,Sunday,"7,100"
September 2021,5 Fulton,Grid,Sunday,"8,100"
October 2021,5 Fulton,Grid,Sunday,"7,200"
November 2021,5 Fulton,Grid,Sunday,"6,900"
December 2021,5 Fulton,Grid,Sunday,"5,900"
January 2022,5 Fulton,Grid,Sunday,"6,300"
February 2022,5 Fulton,Grid,Sunday,"7,300"
March 2022,5 Fulton,Grid,Sunday,"7,600"
April 2022,5 Fulton,Grid,Sunday,"7,900"
May 2022,5 Fulton,Grid,Sunday,"8,400"
June 2022,5 Fulton,Grid,Sunday,"7,900"
July 2022,5 Fulton,Grid,Sunday,"8,700"
August 2022,5 Fulton,Grid,Sunday,"10,500"
September 2022,5 Fulton,Grid,Sunday,"10,000"
October 2022,5 Fulton,Grid,Sunday,"10,200"
November 2022,5 Fulton,Grid,Sunday,"8,500"
December 2022,5 Fulton,Grid,Sunday,"7,700"
January 2023,5 Fulton,Grid,Sunday,"8,200"
February 2023,5 Fulton,Grid,Sunday,"8,900"
March 2023,5 Fulton,Grid,Sunday,"9,000"
April 2023,5 Fulton,Grid,Sunday,"10,600"
May 2023,5 Fulton,Grid,Sunday,"10,200"
June 2023,5 Fulton,Grid,Sunday,"9,300"
July 2023,5 Fulton,Grid,Sunday,"10,500"
August 2023,5 Fulton,Grid,Sunday,"12,600"
September 2023,5 Fulton,Grid,Sunday,"11,200"
October 2023,5 Fulton,Grid,Sunday,"11,200"
November 2023,5 Fulton,Grid,Sunday,"8,600"
December 2023,5 Fulton,Grid,Sunday,"8,800"
January 2024,5 Fulton,Grid,Sunday,"8,800"
February 2024,5 Fulton,Grid,Sunday,"8,700"
March 2024,5 Fulton,Grid,Sunday,"9,600"
April 2024,5 Fulton,Grid,Sunday,"10,600"
May 2024,5 Fulton,Grid,Sunday,"10,900"
June 2024,5 Fulton,Grid,Sunday,"9,900"
July 2024,5 Fulton,Grid,Sunday,"10,000"
August 2024,5 Fulton,Grid,Sunday,"12,000"
September 2024,5 Fulton,Grid,Sunday,"10,800"
October 2024,5 Fulton,Grid,Sunday,"11,500"
November 2024,5 Fulton,Grid,Sunday,"9,100"
December 2024,5 Fulton,Grid,Sunday,"8,500"
January 2025,5 Fulton,Grid,Sunday,"8,500"
February 2025,5 Fulton,Grid,Sunday,"9,300"
March 2025,5 Fulton,Grid,Sunday,"9,200"
April 2025,5 Fulton,Grid,Sunday,"10,400"
May 2025,5 Fulton,Grid,Sunday,"10,600"
June 2025,5 Fulton,Grid,Sunday,"9,100"
July 2025,5 Fulton,Grid,Sunday,"9,900"
August 2025,5 Fulton,Grid,Sunday,"12,400"
September 2025,5 Fulton,Grid,Sunday,"10,700"
October 2025,5 Fulton,Grid,Sunday,"11,100"
November 2025,5 Fulton,Grid,Sunday,"8,700"
December 2025,5 Fulton,Grid,Sunday,"8,700"
January 2026,5 Fulton,Grid,Sunday,"8,100"
February 2026,5 Fulton,Grid,Sunday,"9,500"
March 2026,5 Fulton,Grid,Sunday,"11,600"
April 2026,5 Fulton,Grid,Sunday,"10,600"
May 2026,5 Fulton,Grid,Sunday,"11,500"
June 2026,5 Fulton,Grid,Sunday,"10,800"
July 2026,5 Fulton,Grid,Sunday,"10,700"
August 2026,5 Fulton,Grid,Sunday,"12,500"
January 2019,5R Fulton Rapid,Rapid Bus,Sunday,
February 2019,5R Fulton Rapid,Rapid Bus,Sunday,
March 2019,5R Fulton Rapid,Rapid Bus,Sunday,
April 2019,5R Fulton Rapid,Rapid Bus,Sunday,
May 2019,5R Fulton Rapid,Rapid Bus,Sunday,
June 2019,5R Fulton Rapid,Rapid Bus,Sunday,
July 2019,5R Fulton Rapid,Rapid Bus,Sunday,
August 2019,5R Fulton Rapid,Rapid Bus,Sunday,
September 2019,5R Fulton Rapid,Rapid Bus,Sunday,
October 2019,5R Fulton Rapid,Rapid Bus,Sunday,
November 2019,5R Fulton Rapid,Rapid Bus,Sunday,
December 2019,5R Fulton Rapid,Rapid Bus,Sunday,
January 2020,5R Fulton Rapid,Rapid Bus,Sunday,
February 2020,5R Fulton Rapid,Rapid Bus,Sunday,
March 2020,5R Fulton Rapid,Rapid Bus,Sunday,
January 2019,6 Haight/Parnassus,Grid,Sunday,"4,500"
February 2019,6 Haight/Parnassus,Grid,Sunday,"5,200"
March 2019,6 Haight/Parnassus,Grid,Sunday,"5,300"
April 2019,6 Haight/Parnassus,Grid,Sunday,"5,500"
May 2019,6 Haight/Parnassus,Grid,Sunday,"5,000"
June 2019,6 Haight/Parnassus,Grid,Sunday,"4,700"
July 2019,6 Haight/Parnassus,Grid,Sunday,"4,600"
August 2019,6 Haight/Parnassus,Grid,Sunday,"5,300"
September 2019,6 Haight/Parnassus,Grid,Sunday,"5,600"
October 2019,6 Haight/Parnassus,Grid,Sunday,"5,400"
November 2019,6 Haight/Parnassus,Grid,Sunday,"4,900"
December 2019,6 Haight/Parnassus,Grid,Sunday,"3,900"
January 2020,6 Haight/Parnassus,Grid,Sunday,"5,400"
February 2020,6 Haight/Parnassus,Grid,Sunday,"5,500"
March 2020,6 Haight/Parnassus,Grid,Sunday,"3,400"
April 2020,6 Haight/Parnassus,Grid,Sunday,400
July 2022,6 Haight/Parnassus,Grid,Sunday,"1,500"
August 2022,6 Haight/Parnassus,Grid,Sunday,"2,500"
September 2022,6 Haight/Parnassus,Grid,Sunday,"2,600"
October 2022,6 Haight/Parnassus,Grid,Sunday,"2,900"
November 2022,6 Haight/Parnassus,Grid,Sunday,"2,400"
December 2022,6 Haight/Parnassus,Grid,Sunday,"2,400"
January 2023,6 Haight/Parnassus,Grid,Sunday,"2,600"
February 2023,6 Haight/Parnassus,Grid,Sunday,"2,800"
March 2023,6 Haight/Parnassus,Grid,Sunday,"2,800"
April 2023,6 Haight/Parnassus,Grid,Sunday,"3,100"
May 2023,6 Haight/Parnassus,Grid,Sunday,"2,900"
June 2023,6 Haight/Parnassus,Grid,Sunday,"2,900"
July 2023,6 Haight/Parnassus,Grid,Sunday,"2,900"
August 2023,6 Haight/Parnassus,Grid,Sunday,"3,400"
September 2023,6 Haight/Parnassus,Grid,Sunday,"3,500"
October 2023,6 Haight/Parnassus,Grid,Sunday,"2,900"
November 2023,6 Haight/Parnassus,Grid,Sunday,"2,600"
December 2023,6 Haight/Parnassus,Grid,Sunday,"3,000"
January 2024,6 Haight/Parnassus,Grid,Sunday,"2,900"
February 2024,6 Haight/Parnassus,Grid,Sunday,"3,300"
March 2024,6 Haight/Parnassus,Grid,Sunday,"3,200"
April 2024,6 Haight/Parnassus,Grid,Sunday,"3,200"
May 2024,6 Haight/Parnassus,Grid,Sunday,"3,400"
June 2024,6 Haight/Parnassus,Grid,Sunday,"3,500"
July 2024,6 Haight/Parnassus,Grid,Sunday,"3,500"
August 2024,6 Haight/Parnassus,Grid,Sunday,"3,700"
September 2024,6 Haight/Parnassus,Grid,Sunday,"3,900"
October 2024,6 Haight/Parnassus,Grid,Sunday,"3,900"
November 2024,6 Haight/Parnassus,Grid,Sunday,"3,300"
December 2024,6 Haight/Parnassus,Grid,Sunday,"3,300"
January 2025,6 Haight/Parnassus,Grid,Sunday,"3,300"
February 2025,6 Haight/Parnassus,Grid,Sunday,"3,100"
March 2025,6 Haight/Parnassus,Grid,Sunday,"3,100"
April 2025,6 Haight/Parnassus,Grid,Sunday,"3,400"
May 2025,6 Haight/Parnassus,Grid,Sunday,"3,600"
June 2025,6 Haight/Parnassus,Grid,Sunday,"2,800"
July 2025,6 Haight/Parnassus,Grid,Sunday,"1,500"
August 2025,6 Haight/Parnassus,Grid,Sunday,"1,800"
September 2025,6 Haight/Parnassus,Grid,Sunday,"1,600"
October 2025,6 Haight/Parnassus,Grid,Sunday,"1,700"
November 2025,6 Haight/Parnassus,Grid,Sunday,"1,400"
December 2025,6 Haight/Parnassus,Grid,Sunday,"1,400"
January 2026,6 Haight/Parnassus,Grid,Sunday,"1,400"
February 2026,6 Haight/Parnassus,Grid,Sunday,"1,400"
March 2026,6 Haight/Parnassus,Grid,Sunday,"1,800"
April 2026,6 Haight/Parnassus,Grid,Sunday,"1,700"
May 2026,6 Haight/Parnassus,Grid,Sunday,"1,900"
June 2026,6 Haight/Parnassus,Grid,Sunday,"1,700"
July 2026,6 Haight/Parnassus,Grid,Sunday,"1,700"
August 2026,6 Haight/Parnassus,Grid,Sunday,"1,900"
January 2019,7 Haight/Noriega,Frequent Local,Sunday,"6,800"
February 2019,7 Haight/Noriega,Frequent Local,Sunday,"7,900"
March 2019,7 Haight/Noriega,Frequent Local,Sunday,"8,200"
April 2019,7 Haight/Noriega,Frequent Local,Sunday,"8,400"
May 2019,7 Haight/Noriega,Frequent Local,Sunday,"8,100"
June 2019,7 Haight/Noriega,Frequent Local,Sunday,"8,300"
July 2019,7 Haight/Noriega,Frequent Local,Sunday,"8,700"
August 2019,7 Haight/Noriega,Frequent Local,Sunday,"8,400"
September 2019,7 Haight/Noriega,Frequent Local,Sunday,"8,800"
October 2019,7 Haight/Noriega,Frequent Local,Sunday,"8,800"
November 2019,7 Haight/Noriega,Frequent Local,Sunday,"7,600"
December 2019,7 Haight/Noriega,Frequent Local,Sunday,"6,900"
January 2020,7 Haight/Noriega,Frequent Local,Sunday,"7,900"
February 2020,7 Haight/Noriega,Frequent Local,Sunday,"8,200"
March 2020,7 Haight/Noriega,Frequent Local,Sunday,"4,500"
April 2020,7 Haight/Noriega,Frequent Local,Sunday,500
June 2020,7 Haight/Noriega,Frequent Local,Sunday,300
July 2020,7 Haight/Noriega,Frequent Local,Sunday,600
August 2020,7 Haight/Noriega,Frequent Local,Sunday,"1,300"
September 2020,7 Haight/Noriega,Frequent Local,Sunday,"2,300"
October 2020,7 Haight/Noriega,Frequent Local,Sunday,"2,800"
November 2020,7 Haight/Noriega,Frequent Local,Sunday,"2,500"
December 2020,7 Haight/Noriega,Frequent Local,Sunday,"2,200"
January 2021,7 Haight/Noriega,Frequent Local,Sunday,"2,400"
February 2021,7 Haight/Noriega,Frequent Local,Sunday,"2,900"
March 2021,7 Haight/Noriega,Frequent Local,Sunday,"2,900"
April 2021,7 Haight/Noriega,Frequent Local,Sunday,"3,100"
May 2021,7 Haight/Noriega,Frequent Local,Sunday,"3,800"
June 2021,7 Haight/Noriega,Frequent Local,Sunday,"4,100"
July 2021,7 Haight/Noriega,Frequent Local,Sunday,"4,600"
August 2021,7 Haight/Noriega,Frequent Local,Sunday,"5,000"
September 2021,7 Haight/Noriega,Frequent Local,Sunday,"6,100"
October 2021,7 Haight/Noriega,Frequent Local,Sunday,"5,500"
November 2021,7 Haight/Noriega,Frequent Local,Sunday,"5,600"
December 2021,7 Haight/Noriega,Frequent Local,Sunday,"5,100"
January 2022,7 Haight/Noriega,Frequent Local,Sunday,"5,400"
February 2022,7 Haight/Noriega,Frequent Local,Sunday,"5,100"
March 2022,7 Haight/Noriega,Frequent Local,Sunday,"5,700"
April 2022,7 Haight/Noriega,Frequent Local,Sunday,"6,000"
May 2022,7 Haight/Noriega,Frequent Local,Sunday,"6,500"
June 2022,7 Haight/Noriega,Frequent Local,Sunday,"6,400"
July 2022,7 Haight/Noriega,Frequent Local,Sunday,"6,800"
August 2022,7 Haight/Noriega,Frequent Local,Sunday,"7,700"
September 2022,7 Haight/Noriega,Frequent Local,Sunday,"7,600"
October 2022,7 Haight/Noriega,Frequent Local,Sunday,"7,500"
November 2022,7 Haight/Noriega,Frequent Local,Sunday,"6,700"
December 2022,7 Haight/Noriega,Frequent Local,Sunday,"6,200"
January 2023,7 Haight/Noriega,Frequent Local,Sunday,"6,700"
February 2023,7 Haight/Noriega,Frequent Local,Sunday,"7,200"
March 2023,7 Haight/Noriega,Frequent Local,Sunday,"6,900"
April 2023,7 Haight/Noriega,Frequent Local,Sunday,"8,000"
May 2023,7 Haight/Noriega,Frequent Local,Sunday,"7,900"
June 2023,7 Haight/Noriega,Frequent Local,Sunday,"7,700"
July 2023,7 Haight/Noriega,Frequent Local,Sunday,"8,400"
August 2023,7 Haight/Noriega,Frequent Local,Sunday,"8,800"
September 2023,7 Haight/Noriega,Frequent Local,Sunday,"9,600"
October 2023,7 Haight/Noriega,Frequent Local,Sunday,"8,300"
November 2023,7 Haight/Noriega,Frequent Local,Sunday,"7,100"
December 2023,7 Haight/Noriega,Frequent Local,Sunday,"7,400"
January 2024,7 Haight/Noriega,Frequent Local,Sunday,"7,700"
February 2024,7 Haight/Noriega,Frequent Local,Sunday,"7,100"
March 2024,7 Haight/Noriega,Frequent Local,Sunday,"8,100"
April 2024,7 Haight/Noriega,Frequent Local,Sunday,"8,500"
May 2024,7 Haight/Noriega,Frequent Local,Sunday,"8,500"
June 2024,7 Haight/Noriega,Frequent Local,Sunday,"8,500"
July 2024,7 Haight/Noriega,Frequent Local,Sunday,"8,900"
August 2024,7 Haight/Noriega,Frequent Local,Sunday,"9,600"
September 2024,7 Haight/Noriega,Frequent Local,Sunday,"9,700"
October 2024,7 Haight/Noriega,Frequent Local,Sunday,"9,100"
November 2024,7 Haight/Noriega,Frequent Local,Sunday,"7,700"
December 2024,7 Haight/Noriega,Frequent Local,Sunday,"7,900"
January 2025,7 Haight/Noriega,Frequent Local,Sunday,"7,700"
February 2025,7 Haight/Noriega,Frequent Local,Sunday,"8,000"
March 2025,7 Haight/Noriega,Frequent Local,Sunday,"8,200"
April 2025,7 Haight/Noriega,Frequent Local,Sunday,"9,300"
May 2025,7 Haight/Noriega,Frequent Local,Sunday,"8,400"
June 2025,7 Haight/Noriega,Frequent Local,Sunday,"8,200"
July 2025,7 Haight/Noriega,Frequent Local,Sunday,"10,000"
August 2025,7 Haight/Noriega,Frequent Local,Sunday,"10,800"
September 2025,7 Haight/Noriega,Frequent Local,Sunday,"10,400"
October 2025,7 Haight/Noriega,Frequent Local,Sunday,"10,000"
November 2025,7 Haight/Noriega,Frequent Local,Sunday,"8,800"
December 2025,7 Haight/Noriega,Frequent Local,Sunday,"9,600"
January 2026,7 Haight/Noriega,Frequent Local,Sunday,"8,700"
February 2026,7 Haight/Noriega,Frequent Local,Sunday,"8,900"
March 2026,7 Haight/Noriega,Frequent Local,Sunday,"10,200"
April 2026,7 Haight/Noriega,Frequent Local,Sunday,"9,000"
May 2026,7 Haight/Noriega,Frequent Local,Sunday,"10,000"
June 2026,7 Haight/Noriega,Frequent Local,Sunday,"9,700"
July 2026,7 Haight/Noriega,Frequent Local,Sunday,"9,200"
August 2026,7 Haight/Noriega,Frequent Local,Sunday,"10,600"
January 2019,7X Noriega Express,Specialized,Sunday,
February 2019,7X Noriega Express,Specialized,Sunday,
March 2019,7X Noriega Express,Specialized,Sunday,
April 2019,7X Noriega Express,Specialized,Sunday,
May 2019,7X Noriega Express,Specialized,Sunday,
June 2019,7X Noriega Express,Specialized,Sunday,
July 2019,7X Noriega Express,Specialized,Sunday,
August 2019,7X Noriega Express,Specialized,Sunday,
September 2019,7X Noriega Express,Specialized,Sunday,
October 2019,7X Noriega Express,Specialized,Sunday,
November 2019,7X Noriega Express,Specialized,Sunday,
December 2019,7X Noriega Express,Specialized,Sunday,
January 2020,7X Noriega Express,Specialized,Sunday,
February 2020,7X Noriega Express,Specialized,Sunday,
March 2020,7X Noriega Express,Specialized,Sunday,
January 2019,8 Bayshore,Frequent Local,Sunday,"19,000"
February 2019,8 Bayshore,Frequent Local,Sunday,"22,300"
March 2019,8 Bayshore,Frequent Local,Sunday,"21,800"
April 2019,8 Bayshore,Frequent Local,Sunday,"21,900"
May 2019,8 Bayshore,Frequent Local,Sunday,"21,700"
June 2019,8 Bayshore,Frequent Local,Sunday,"21,400"
July 2019,8 Bayshore,Frequent Local,Sunday,"22,600"
August 2019,8 Bayshore,Frequent Local,Sunday,"23,200"
September 2019,8 Bayshore,Frequent Local,Sunday,"22,600"
October 2019,8 Bayshore,Frequent Local,Sunday,"21,800"
November 2019,8 Bayshore,Frequent Local,Sunday,"21,000"
December 2019,8 Bayshore,Frequent Local,Sunday,"19,000"
January 2020,8 Bayshore,Frequent Local,Sunday,"21,600"
February 2020,8 Bayshore,Frequent Local,Sunday,"20,500"
March 2020,8 Bayshore,Frequent Local,Sunday,"10,000"
April 2020,8 Bayshore,Frequent Local,Sunday,"5,500"
May 2020,8 Bayshore,Frequent Local,Sunday,"7,900"
June 2020,8 Bayshore,Frequent Local,Sunday,"8,900"
July 2020,8 Bayshore,Frequent Local,Sunday,"9,300"
August 2020,8 Bayshore,Frequent Local,Sunday,"9,200"
September 2020,8 Bayshore,Frequent Local,Sunday,"10,200"
October 2020,8 Bayshore,Frequent Local,Sunday,"11,000"
November 2020,8 Bayshore,Frequent Local,Sunday,"10,700"
December 2020,8 Bayshore,Frequent Local,Sunday,"8,800"
January 2021,8 Bayshore,Frequent Local,Sunday,"9,000"
February 2021,8 Bayshore,Frequent Local,Sunday,"10,400"
March 2021,8 Bayshore,Frequent Local,Sunday,"10,900"
April 2021,8 Bayshore,Frequent Local,Sunday,"11,300"
May 2021,8 Bayshore,Frequent Local,Sunday,"12,100"
June 2021,8 Bayshore,Frequent Local,Sunday,"12,300"
July 2021,8 Bayshore,Frequent Local,Sunday,"13,000"
August 2021,8 Bayshore,Frequent Local,Sunday,"12,000"
September 2021,8 Bayshore,Frequent Local,Sunday,"13,100"
October 2021,8 Bayshore,Frequent Local,Sunday,"11,500"
November 2021,8 Bayshore,Frequent Local,Sunday,"13,800"
December 2021,8 Bayshore,Frequent Local,Sunday,"12,600"
January 2022,8 Bayshore,Frequent Local,Sunday,"12,400"
February 2022,8 Bayshore,Frequent Local,Sunday,"12,800"
March 2022,8 Bayshore,Frequent Local,Sunday,"14,100"
April 2022,8 Bayshore,Frequent Local,Sunday,"14,400"
May 2022,8 Bayshore,Frequent Local,Sunday,"14,800"
June 2022,8 Bayshore,Frequent Local,Sunday,"15,500"
July 2022,8 Bayshore,Frequent Local,Sunday,"16,600"
August 2022,8 Bayshore,Frequent Local,Sunday,"18,000"
September 2022,8 Bayshore,Frequent Local,Sunday,"17,400"
October 2022,8 Bayshore,Frequent Local,Sunday,"16,800"
November 2022,8 Bayshore,Frequent Local,Sunday,"16,300"
December 2022,8 Bayshore,Frequent Local,Sunday,"15,600"
January 2023,8 Bayshore,Frequent Local,Sunday,"16,200"
February 2023,8 Bayshore,Frequent Local,Sunday,"15,600"
March 2023,8 Bayshore,Frequent Local,Sunday,"15,600"
April 2023,8 Bayshore,Frequent Local,Sunday,"17,100"
May 2023,8 Bayshore,Frequent Local,Sunday,"17,000"
June 2023,8 Bayshore,Frequent Local,Sunday,"17,300"
July 2023,8 Bayshore,Frequent Local,Sunday,"18,500"
August 2023,8 Bayshore,Frequent Local,Sunday,"19,100"
September 2023,8 Bayshore,Frequent Local,Sunday,"19,100"
October 2023,8 Bayshore,Frequent Local,Sunday,"18,500"
November 2023,8 Bayshore,Frequent Local,Sunday,"16,200"
December 2023,8 Bayshore,Frequent Local,Sunday,"17,000"
January 2024,8 Bayshore,Frequent Local,Sunday,"16,900"
February 2024,8 Bayshore,Frequent Local,Sunday,"15,500"
March 2024,8 Bayshore,Frequent Local,Sunday,"17,300"
April 2024,8 Bayshore,Frequent Local,Sunday,"18,300"
May 2024,8 Bayshore,Frequent Local,Sunday,"18,100"
June 2024,8 Bayshore,Frequent Local,Sunday,"19,400"
July 2024,8 Bayshore,Frequent Local,Sunday,"18,800"
August 2024,8 Bayshore,Frequent Local,Sunday,"19,800"
September 2024,8 Bayshore,Frequent Local,Sunday,"19,700"
October 2024,8 Bayshore,Frequent Local,Sunday,"18,000"
November 2024,8 Bayshore,Frequent Local,Sunday,"16,900"
December 2024,8 Bayshore,Frequent Local,Sunday,"17,200"
January 2025,8 Bayshore,Frequent Local,Sunday,"18,000"
February 2025,8 Bayshore,Frequent Local,Sunday,"17,800"
March 2025,8 Bayshore,Frequent Local,Sunday,"18,100"
April 2025,8 Bayshore,Frequent Local,Sunday,"18,800"
May 2025,8 Bayshore,Frequent Local,Sunday,"18,500"
June 2025,8 Bayshore,Frequent Local,Sunday,"18,400"
July 2025,8 Bayshore,Frequent Local,Sunday,"18,900"
August 2025,8 Bayshore,Frequent Local,Sunday,"19,900"
September 2025,8 Bayshore,Frequent Local,Sunday,"20,100"
October 2025,8 Bayshore,Frequent Local,Sunday,"18,500"
November 2025,8 Bayshore,Frequent Local,Sunday,"17,600"
December 2025,8 Bayshore,Frequent Local,Sunday,"17,800"
January 2026,8 Bayshore,Frequent Local,Sunday,"16,700"
February 2026,8 Bayshore,Frequent Local,Sunday,"17,500"
March 2026,8 Bayshore,Frequent Local,Sunday,"18,500"
April 2026,8 Bayshore,Frequent Local,Sunday,"17,700"
May 2026,8 Bayshore,Frequent Local,Sunday,"19,600"
June 2026,8 Bayshore,Frequent Local,Sunday,"19,400"
July 2026,8 Bayshore,Frequent Local,Sunday,"19,000"
August 2026,8 Bayshore,Frequent Local,Sunday,"19,700"
January 2019,8AX Bayshore A Express,Specialized,Sunday,
February 2019,8AX Bayshore A Express,Specialized,Sunday,
March 2019,8AX Bayshore A Express,Specialized,Sunday,
April 2019,8AX Bayshore A Express,Specialized,Sunday,
May 2019,8AX Bayshore A Express,Specialized,Sunday,
June 2019,8AX Bayshore A Express,Specialized,Sunday,
July 2019,8AX Bayshore A Express,Specialized,Sunday,
August 2019,8AX Bayshore A Express,Specialized,Sunday,
September 2019,8AX Bayshore A Express,Specialized,Sunday,
October 2019,8AX Bayshore A Express,Specialized,Sunday,
November 2019,8AX Bayshore A Express,Specialized,Sunday,
December 2019,8AX Bayshore A Express,Specialized,Sunday,
January 2020,8AX Bayshore A Express,Specialized,Sunday,
February 2020,8AX Bayshore A Express,Specialized,Sunday,
March 2020,8AX Bayshore A Express,Specialized,Sunday,
January 2019,8BX Bayshore B Express,Specialized,Sunday,
February 2019,8BX Bayshore B Express,Specialized,Sunday,
March 2019,8BX Bayshore B Express,Specialized,Sunday,
April 2019,8BX Bayshore B Express,Specialized,Sunday,
May 2019,8BX Bayshore B Express,Specialized,Sunday,
June 2019,8BX Bayshore B Express,Specialized,Sunday,
July 2019,8BX Bayshore B Express,Specialized,Sunday,
August 2019,8BX Bayshore B Express,Specialized,Sunday,
September 2019,8BX Bayshore B Express,Specialized,Sunday,
October 2019,8BX Bayshore B Express,Specialized,Sunday,
November 2019,8BX Bayshore B Express,Specialized,Sunday,
December 2019,8BX Bayshore B Express,Specialized,Sunday,
January 2020,8BX Bayshore B Express,Specialized,Sunday,
February 2020,8BX Bayshore B Express,Specialized,Sunday,
March 2020,8BX Bayshore B Express,Specialized,Sunday,
January 2019,9 San Bruno,Frequent Local,Sunday,"8,300"
February 2019,9 San Bruno,Frequent Local,Sunday,"10,100"
March 2019,9 San Bruno,Frequent Local,Sunday,"10,000"
April 2019,9 San Bruno,Frequent Local,Sunday,"10,000"
May 2019,9 San Bruno,Frequent Local,Sunday,"9,600"
June 2019,9 San Bruno,Frequent Local,Sunday,"9,400"
July 2019,9 San Bruno,Frequent Local,Sunday,"9,300"
August 2019,9 San Bruno,Frequent Local,Sunday,"9,800"
September 2019,9 San Bruno,Frequent Local,Sunday,"9,700"
October 2019,9 San Bruno,Frequent Local,Sunday,"9,700"
November 2019,9 San Bruno,Frequent Local,Sunday,"8,500"
December 2019,9 San Bruno,Frequent Local,Sunday,"8,700"
January 2020,9 San Bruno,Frequent Local,Sunday,"8,500"
February 2020,9 San Bruno,Frequent Local,Sunday,"9,300"
March 2020,9 San Bruno,Frequent Local,Sunday,"6,800"
April 2020,9 San Bruno,Frequent Local,Sunday,"4,500"
May 2020,9 San Bruno,Frequent Local,Sunday,"5,200"
June 2020,9 San Bruno,Frequent Local,Sunday,"5,900"
July 2020,9 San Bruno,Frequent Local,Sunday,"6,000"
August 2020,9 San Bruno,Frequent Local,Sunday,"5,900"
September 2020,9 San Bruno,Frequent Local,Sunday,"5,600"
October 2020,9 San Bruno,Frequent Local,Sunday,"5,800"
November 2020,9 San Bruno,Frequent Local,Sunday,"5,400"
December 2020,9 San Bruno,Frequent Local,Sunday,"4,800"
January 2021,9 San Bruno,Frequent Local,Sunday,"5,200"
February 2021,9 San Bruno,Frequent Local,Sunday,"6,200"
March 2021,9 San Bruno,Frequent Local,Sunday,"6,300"
April 2021,9 San Bruno,Frequent Local,Sunday,"5,800"
May 2021,9 San Bruno,Frequent Local,Sunday,"6,700"
June 2021,9 San Bruno,Frequent Local,Sunday,"7,200"
July 2021,9 San Bruno,Frequent Local,Sunday,"7,100"
August 2021,9 San Bruno,Frequent Local,Sunday,"6,700"
September 2021,9 San Bruno,Frequent Local,Sunday,"6,300"
October 2021,9 San Bruno,Frequent Local,Sunday,"6,200"
November 2021,9 San Bruno,Frequent Local,Sunday,"6,900"
December 2021,9 San Bruno,Frequent Local,Sunday,"6,400"
January 2022,9 San Bruno,Frequent Local,Sunday,"7,000"
February 2022,9 San Bruno,Frequent Local,Sunday,"7,100"
March 2022,9 San Bruno,Frequent Local,Sunday,"7,700"
April 2022,9 San Bruno,Frequent Local,Sunday,"7,700"
May 2022,9 San Bruno,Frequent Local,Sunday,"7,600"
June 2022,9 San Bruno,Frequent Local,Sunday,"6,900"
July 2022,9 San Bruno,Frequent Local,Sunday,"8,400"
August 2022,9 San Bruno,Frequent Local,Sunday,"9,300"
September 2022,9 San Bruno,Frequent Local,Sunday,"8,600"
October 2022,9 San Bruno,Frequent Local,Sunday,"9,500"
November 2022,9 San Bruno,Frequent Local,Sunday,"8,900"
December 2022,9 San Bruno,Frequent Local,Sunday,"8,500"
January 2023,9 San Bruno,Frequent Local,Sunday,"8,400"
February 2023,9 San Bruno,Frequent Local,Sunday,"8,900"
March 2023,9 San Bruno,Frequent Local,Sunday,"9,000"
April 2023,9 San Bruno,Frequent Local,Sunday,"9,400"
May 2023,9 San Bruno,Frequent Local,Sunday,"9,600"
June 2023,9 San Bruno,Frequent Local,Sunday,"8,700"
July 2023,9 San Bruno,Frequent Local,Sunday,"9,700"
August 2023,9 San Bruno,Frequent Local,Sunday,"10,300"
September 2023,9 San Bruno,Frequent Local,Sunday,"10,000"
October 2023,9 San Bruno,Frequent Local,Sunday,"9,600"
November 2023,9 San Bruno,Frequent Local,Sunday,"9,200"
December 2023,9 San Bruno,Frequent Local,Sunday,"9,900"
January 2024,9 San Bruno,Frequent Local,Sunday,"9,400"
February 2024,9 San Bruno,Frequent Local,Sunday,"9,200"
March 2024,9 San Bruno,Frequent Local,Sunday,"9,600"
April 2024,9 San Bruno,Frequent Local,Sunday,"10,100"
May 2024,9 San Bruno,Frequent Local,Sunday,"10,500"
June 2024,9 San Bruno,Frequent Local,Sunday,"10,300"
July 2024,9 San Bruno,Frequent Local,Sunday,"9,900"
August 2024,9 San Bruno,Frequent Local,Sunday,"10,500"
September 2024,9 San Bruno,Frequent Local,Sunday,"10,700"
October 2024,9 San Bruno,Frequent Local,Sunday,"10,300"
November 2024,9 San Bruno,Frequent Local,Sunday,"10,100"
December 2024,9 San Bruno,Frequent Local,Sunday,"10,400"
January 2025,9 San Bruno,Frequent Local,Sunday,"9,500"
February 2025,9 San Bruno,Frequent Local,Sunday,"10,400"
March 2025,9 San Bruno,Frequent Local,Sunday,"10,100"
April 2025,9 San Bruno,Frequent Local,Sunday,"10,400"
May 2025,9 San Bruno,Frequent Local,Sunday,"11,200"
June 2025,9 San Bruno,Frequent Local,Sunday,"10,000"
July 2025,9 San Bruno,Frequent Local,Sunday,"10,900"
August 2025,9 San Bruno,Frequent Local,Sunday,"11,000"
September 2025,9 San Bruno,Frequent Local,Sunday,"10,600"
October 2025,9 San Bruno,Frequent Local,Sunday,"11,000"
November 2025,9 San Bruno,Frequent Local,Sunday,"9,800"
December 2025,9 San Bruno,Frequent Local,Sunday,"10,300"
January 2026,9 San Bruno,Frequent Local,Sunday,"9,600"
February 2026,9 San Bruno,Frequent Local,Sunday,"10,400"
March 2026,9 San Bruno,Frequent Local,Sunday,"10,500"
April 2026,9 San Bruno,Frequent Local,Sunday,"9,900"
May 2026,9 San Bruno,Frequent Local,Sunday,"10,500"
June 2026,9 San Bruno,Frequent Local,Sunday,"10,300"
July 2026,9 San Bruno,Frequent Local,Sunday,"10,500"
August 2026,9 San Bruno,Frequent Local,Sunday,"10,600"
January 2019,9R San Bruno Rapid,Rapid Bus,Sunday,
February 2019,9R San Bruno Rapid,Rapid Bus,Sunday,
March 2019,9R San Bruno Rapid,Rapid Bus,Sunday,
April 2019,9R San Bruno Rapid,Rapid Bus,Sunday,
May 2019,9R San Bruno Rapid,Rapid Bus,Sunday,
June 2019,9R San Bruno Rapid,Rapid Bus,Sunday,
July 2019,9R San Bruno Rapid,Rapid Bus,Sunday,
August 2019,9R San Bruno Rapid,Rapid Bus,Sunday,
September 2019,9R San Bruno Rapid,Rapid Bus,Sunday,
October 2019,9R San Bruno Rapid,Rapid Bus,Sunday,
November 2019,9R San Bruno Rapid,Rapid Bus,Sunday,
December 2019,9R San Bruno Rapid,Rapid Bus,Sunday,
January 2020,9R San Bruno Rapid,Rapid Bus,Sunday,
February 2020,9R San Bruno Rapid,Rapid Bus,Sunday,
March 2020,9R San Bruno Rapid,Rapid Bus,Sunday,
January 2019,10 Townsend,Grid,Sunday,"2,600"
February 2019,10 Townsend,Grid,Sunday,"2,500"
March 2019,10 Townsend,Grid,Sunday,"2,600"
April 2019,10 Townsend,Grid,Sunday,"2,800"
May 2019,10 Townsend,Grid,Sunday,"2,700"
June 2019,10 Townsend,Grid,Sunday,"2,900"
July 2019,10 Townsend,Grid,Sunday,"2,900"
August 2019,10 Townsend,Grid,Sunday,"3,000"
September 2019,10 Townsend,Grid,Sunday,"2,900"
October 2019,10 Townsend,Grid,Sunday,"2,900"
November 2019,10 Townsend,Grid,Sunday,"2,500"
December 2019,10 Townsend,Grid,Sunday,"2,400"
January 2020,10 Townsend,Grid,Sunday,"2,900"
February 2020,10 Townsend,Grid,Sunday,"2,600"
March 2020,10 Townsend,Grid,Sunday,"1,800"
April 2020,10 Townsend,Grid,Sunday,100
January 2019,12 Folsom/Pacific,Grid,Sunday,"2,700"
February 2019,12 Folsom/Pacific,Grid,Sunday,"3,300"
March 2019,12 Folsom/Pacific,Grid,Sunday,"3,400"
April 2019,12 Folsom/Pacific,Grid,Sunday,"3,500"
May 2019,12 Folsom/Pacific,Grid,Sunday,"3,100"
June 2019,12 Folsom/Pacific,Grid,Sunday,"3,000"
July 2019,12 Folsom/Pacific,Grid,Sunday,"3,200"
August 2019,12 Folsom/Pacific,Grid,Sunday,"3,600"
September 2019,12 Folsom/Pacific,Grid,Sunday,"3,700"
October 2019,12 Folsom/Pacific,Grid,Sunday,"3,500"
November 2019,12 Folsom/Pacific,Grid,Sunday,"3,600"
December 2019,12 Folsom/Pacific,Grid,Sunday,"3,000"
January 2020,12 Folsom/Pacific,Grid,Sunday,"3,200"
February 2020,12 Folsom/Pacific,Grid,Sunday,"2,900"
March 2020,12 Folsom/Pacific,Grid,Sunday,"1,900"
April 2020,12 Folsom/Pacific,Grid,Sunday,300
May 2020,12 Folsom/Pacific,Grid,Sunday,400
June 2020,12 Folsom/Pacific,Grid,Sunday,500
July 2020,12 Folsom/Pacific,Grid,Sunday,700
August 2020,12 Folsom/Pacific,Grid,Sunday,800
September 2020,12 Folsom/Pacific,Grid,Sunday,900
October 2020,12 Folsom/Pacific,Grid,Sunday,"1,100"
November 2020,12 Folsom/Pacific,Grid,Sunday,900
December 2020,12 Folsom/Pacific,Grid,Sunday,"1,000"
January 2021,12 Folsom/Pacific,Grid,Sunday,"1,000"
February 2021,12 Folsom/Pacific,Grid,Sunday,900
March 2021,12 Folsom/Pacific,Grid,Sunday,"1,100"
April 2021,12 Folsom/Pacific,Grid,Sunday,"1,100"
May 2021,12 Folsom/Pacific,Grid,Sunday,"1,200"
June 2021,12 Folsom/Pacific,Grid,Sunday,"1,400"
July 2021,12 Folsom/Pacific,Grid,Sunday,"1,300"
August 2021,12 Folsom/Pacific,Grid,Sunday,"1,600"
September 2021,12 Folsom/Pacific,Grid,Sunday,"2,100"
October 2021,12 Folsom/Pacific,Grid,Sunday,"1,800"
November 2021,12 Folsom/Pacific,Grid,Sunday,"2,200"
December 2021,12 Folsom/Pacific,Grid,Sunday,"2,000"
January 2022,12 Folsom/Pacific,Grid,Sunday,"2,100"
February 2022,12 Folsom/Pacific,Grid,Sunday,"2,100"
March 2022,12 Folsom/Pacific,Grid,Sunday,"2,500"
April 2022,12 Folsom/Pacific,Grid,Sunday,"2,500"
May 2022,12 Folsom/Pacific,Grid,Sunday,"2,800"
June 2022,12 Folsom/Pacific,Grid,Sunday,"2,900"
July 2022,12 Folsom/Pacific,Grid,Sunday,"3,100"
August 2022,12 Folsom/Pacific,Grid,Sunday,"3,300"
September 2022,12 Folsom/Pacific,Grid,Sunday,"3,200"
October 2022,12 Folsom/Pacific,Grid,Sunday,"3,500"
November 2022,12 Folsom/Pacific,Grid,Sunday,"3,300"
December 2022,12 Folsom/Pacific,Grid,Sunday,"3,100"
January 2023,12 Folsom/Pacific,Grid,Sunday,"3,200"
February 2023,12 Folsom/Pacific,Grid,Sunday,"3,200"
March 2023,12 Folsom/Pacific,Grid,Sunday,"3,300"
April 2023,12 Folsom/Pacific,Grid,Sunday,"3,600"
May 2023,12 Folsom/Pacific,Grid,Sunday,"3,500"
June 2023,12 Folsom/Pacific,Grid,Sunday,"3,500"
July 2023,12 Folsom/Pacific,Grid,Sunday,"3,800"
August 2023,12 Folsom/Pacific,Grid,Sunday,"4,100"
September 2023,12 Folsom/Pacific,Grid,Sunday,"4,300"
October 2023,12 Folsom/Pacific,Grid,Sunday,"4,300"
November 2023,12 Folsom/Pacific,Grid,Sunday,"3,900"
December 2023,12 Folsom/Pacific,Grid,Sunday,"3,800"
January 2024,12 Folsom/Pacific,Grid,Sunday,"4,000"
February 2024,12 Folsom/Pacific,Grid,Sunday,"3,700"
March 2024,12 Folsom/Pacific,Grid,Sunday,"4,200"
April 2024,12 Folsom/Pacific,Grid,Sunday,"4,200"
May 2024,12 Folsom/Pacific,Grid,Sunday,"4,200"
June 2024,12 Folsom/Pacific,Grid,Sunday,"4,500"
July 2024,12 Folsom/Pacific,Grid,Sunday,"4,400"
August 2024,12 Folsom/Pacific,Grid,Sunday,"4,400"
September 2024,12 Folsom/Pacific,Grid,Sunday,"4,800"
October 2024,12 Folsom/Pacific,Grid,Sunday,"4,500"
November 2024,12 Folsom/Pacific,Grid,Sunday,"4,200"
December 2024,12 Folsom/Pacific,Grid,Sunday,"4,400"
January 2025,12 Folsom/Pacific,Grid,Sunday,"4,300"
February 2025,12 Folsom/Pacific,Grid,Sunday,"4,300"
March 2025,12 Folsom/Pacific,Grid,Sunday,"4,400"
April 2025,12 Folsom/Pacific,Grid,Sunday,"4,600"
May 2025,12 Folsom/Pacific,Grid,Sunday,"4,100"
June 2025,12 Folsom/Pacific,Grid,Sunday,"4,700"
July 2025,12 Folsom/Pacific,Grid,Sunday,"4,700"
August 2025,12 Folsom/Pacific,Grid,Sunday,"4,800"
September 2025,12 Folsom/Pacific,Grid,Sunday,"4,900"
October 2025,12 Folsom/Pacific,Grid,Sunday,"4,900"
November 2025,12 Folsom/Pacific,Grid,Sunday,"4,300"
December 2025,12 Folsom/Pacific,Grid,Sunday,"4,300"
January 2026,12 Folsom/Pacific,Grid,Sunday,"4,200"
February 2026,12 Folsom/Pacific,Grid,Sunday,"4,700"
March 2026,12 Folsom/Pacific,Grid,Sunday,"4,700"
April 2026,12 Folsom/Pacific,Grid,Sunday,"4,500"
May 2026,12 Folsom/Pacific,Grid,Sunday,"4,500"
June 2026,12 Folsom/Pacific,Grid,Sunday,"5,000"
July 2026,12 Folsom/Pacific,Grid,Sunday,"4,800"
August 2026,12 Folsom/Pacific,Grid,Sunday,"5,100"
January 2019,14 Mission,Frequent Local,Sunday,"17,000"
February 2019,14 Mission,Frequent Local,Sunday,"20,700"
March 2019,14 Mission,Frequent Local,Sunday,"19,500"
April 2019,14 Mission,Frequent Local,Sunday,"20,600"
May 2019,14 Mission,Frequent Local,Sunday,"20,800"
June 2019,14 Mission,Frequent Local,Sunday,"21,000"
July 2019,14 Mission,Frequent Local,Sunday,"18,100"
August 2019,14 Mission,Frequent Local,Sunday,"21,400"
September 2019,14 Mission,Frequent Local,Sunday,"21,200"
October 2019,14 Mission,Frequent Local,Sunday,"21,500"
November 2019,14 Mission,Frequent Local,Sunday,"20,600"
December 2019,14 Mission,Frequent Local,Sunday,"17,800"
January 2020,14 Mission,Frequent Local,Sunday,"20,500"
February 2020,14 Mission,Frequent Local,Sunday,"19,700"
March 2020,14 Mission,Frequent Local,Sunday,"14,200"
April 2020,14 Mission,Frequent Local,Sunday,"8,200"
May 2020,14 Mission,Frequent Local,Sunday,"9,900"
June 2020,14 Mission,Frequent Local,Sunday,"10,900"
July 2020,14 Mission,Frequent Local,Sunday,"10,900"
August 2020,14 Mission,Frequent Local,Sunday,"11,700"
September 2020,14 Mission,Frequent Local,Sunday,"12,300"
October 2020,14 Mission,Frequent Local,Sunday,"13,400"
November 2020,14 Mission,Frequent Local,Sunday,"13,200"
December 2020,14 Mission,Frequent Local,Sunday,"10,800"
January 2021,14 Mission,Frequent Local,Sunday,"11,900"
February 2021,14 Mission,Frequent Local,Sunday,"15,100"
March 2021,14 Mission,Frequent Local,Sunday,"15,200"
April 2021,14 Mission,Frequent Local,Sunday,"15,300"
May 2021,14 Mission,Frequent Local,Sunday,"16,100"
June 2021,14 Mission,Frequent Local,Sunday,"16,400"
July 2021,14 Mission,Frequent Local,Sunday,"17,300"
August 2021,14 Mission,Frequent Local,Sunday,"17,400"
September 2021,14 Mission,Frequent Local,Sunday,"17,100"
October 2021,14 Mission,Frequent Local,Sunday,"15,300"
November 2021,14 Mission,Frequent Local,Sunday,"17,500"
December 2021,14 Mission,Frequent Local,Sunday,"16,100"
January 2022,14 Mission,Frequent Local,Sunday,"18,100"
February 2022,14 Mission,Frequent Local,Sunday,"18,100"
March 2022,14 Mission,Frequent Local,Sunday,"18,000"
April 2022,14 Mission,Frequent Local,Sunday,"17,200"
May 2022,14 Mission,Frequent Local,Sunday,"18,500"
June 2022,14 Mission,Frequent Local,Sunday,"18,400"
July 2022,14 Mission,Frequent Local,Sunday,"18,900"
August 2022,14 Mission,Frequent Local,Sunday,"18,200"
September 2022,14 Mission,Frequent Local,Sunday,"18,700"
October 2022,14 Mission,Frequent Local,Sunday,"19,500"
November 2022,14 Mission,Frequent Local,Sunday,"18,400"
December 2022,14 Mission,Frequent Local,Sunday,"18,000"
January 2023,14 Mission,Frequent Local,Sunday,"18,200"
February 2023,14 Mission,Frequent Local,Sunday,"19,400"
March 2023,14 Mission,Frequent Local,Sunday,"20,000"
April 2023,14 Mission,Frequent Local,Sunday,"21,100"
May 2023,14 Mission,Frequent Local,Sunday,"20,600"
June 2023,14 Mission,Frequent Local,Sunday,"21,500"
July 2023,14 Mission,Frequent Local,Sunday,"20,900"
August 2023,14 Mission,Frequent Local,Sunday,"20,700"
September 2023,14 Mission,Frequent Local,Sunday,"21,200"
October 2023,14 Mission,Frequent Local,Sunday,"21,300"
November 2023,14 Mission,Frequent Local,Sunday,"19,900"
December 2023,14 Mission,Frequent Local,Sunday,"20,600"
January 2024,14 Mission,Frequent Local,Sunday,"19,300"
February 2024,14 Mission,Frequent Local,Sunday,"19,400"
March 2024,14 Mission,Frequent Local,Sunday,"21,200"
April 2024,14 Mission,Frequent Local,Sunday,"21,400"
May 2024,14 Mission,Frequent Local,Sunday,"21,600"
June 2024,14 Mission,Frequent Local,Sunday,"22,800"
July 2024,14 Mission,Frequent Local,Sunday,"20,600"
August 2024,14 Mission,Frequent Local,Sunday,"21,600"
September 2024,14 Mission,Frequent Local,Sunday,"22,300"
October 2024,14 Mission,Frequent Local,Sunday,"22,800"
November 2024,14 Mission,Frequent Local,Sunday,"21,300"
December 2024,14 Mission,Frequent Local,Sunday,"22,200"
January 2025,14 Mission,Frequent Local,Sunday,"21,000"
February 2025,14 Mission,Frequent Local,Sunday,"21,300"
March 2025,14 Mission,Frequent Local,Sunday,"20,900"
April 2025,14 Mission,Frequent Local,Sunday,"21,700"
May 2025,14 Mission,Frequent Local,Sunday,"21,000"
June 2025,14 Mission,Frequent Local,Sunday,"21,900"
July 2025,14 Mission,Frequent Local,Sunday,"21,100"
August 2025,14 Mission,Frequent Local,Sunday,"21,600"
September 2025,14 Mission,Frequent Local,Sunday,"21,700"
October 2025,14 Mission,Frequent Local,Sunday,"20,300"
November 2025,14 Mission,Frequent Local,Sunday,"20,100"
December 2025,14 Mission,Frequent Local,Sunday,"20,300"
January 2026,14 Mission,Frequent Local,Sunday,"19,000"
February 2026,14 Mission,Frequent Local,Sunday,"18,100"
March 2026,14 Mission,Frequent Local,Sunday,"19,500"
April 2026,14 Mission,Frequent Local,Sunday,"18,600"
May 2026,14 Mission,Frequent Local,Sunday,"19,700"
June 2026,14 Mission,Frequent Local,Sunday,"20,100"
July 2026,14 Mission,Frequent Local,Sunday,"18,800"
August 2026,14 Mission,Frequent Local,Sunday,"20,300"
January 2019,14R Mission Rapid,Rapid Bus,Sunday,"8,400"
February 2019,14R Mission Rapid,Rapid Bus,Sunday,"10,200"
March 2019,14R Mission Rapid,Rapid Bus,Sunday,"9,700"
April 2019,14R Mission Rapid,Rapid Bus,Sunday,"10,100"
May 2019,14R Mission Rapid,Rapid Bus,Sunday,"10,000"
June 2019,14R Mission Rapid,Rapid Bus,Sunday,"10,400"
July 2019,14R Mission Rapid,Rapid Bus,Sunday,"10,100"
August 2019,14R Mission Rapid,Rapid Bus,Sunday,"9,600"
September 2019,14R Mission Rapid,Rapid Bus,Sunday,"9,900"
October 2019,14R Mission Rapid,Rapid Bus,Sunday,"10,200"
November 2019,14R Mission Rapid,Rapid Bus,Sunday,"10,000"
December 2019,14R Mission Rapid,Rapid Bus,Sunday,"9,100"
January 2020,14R Mission Rapid,Rapid Bus,Sunday,"9,900"
February 2020,14R Mission Rapid,Rapid Bus,Sunday,"10,300"
March 2020,14R Mission Rapid,Rapid Bus,Sunday,"5,700"
April 2020,14R Mission Rapid,Rapid Bus,Sunday,"3,700"
May 2020,14R Mission Rapid,Rapid Bus,Sunday,"5,400"
June 2020,14R Mission Rapid,Rapid Bus,Sunday,"6,900"
July 2020,14R Mission Rapid,Rapid Bus,Sunday,"7,900"
August 2020,14R Mission Rapid,Rapid Bus,Sunday,"7,500"
September 2020,14R Mission Rapid,Rapid Bus,Sunday,"7,800"
October 2020,14R Mission Rapid,Rapid Bus,Sunday,"8,100"
November 2020,14R Mission Rapid,Rapid Bus,Sunday,"8,100"
December 2020,14R Mission Rapid,Rapid Bus,Sunday,"6,800"
January 2021,14R Mission Rapid,Rapid Bus,Sunday,"6,800"
February 2021,14R Mission Rapid,Rapid Bus,Sunday,"7,700"
March 2021,14R Mission Rapid,Rapid Bus,Sunday,"7,600"
April 2021,14R Mission Rapid,Rapid Bus,Sunday,"8,000"
May 2021,14R Mission Rapid,Rapid Bus,Sunday,"9,000"
June 2021,14R Mission Rapid,Rapid Bus,Sunday,"9,400"
July 2021,14R Mission Rapid,Rapid Bus,Sunday,"9,600"
August 2021,14R Mission Rapid,Rapid Bus,Sunday,"9,400"
September 2021,14R Mission Rapid,Rapid Bus,Sunday,"9,600"
October 2021,14R Mission Rapid,Rapid Bus,Sunday,"8,600"
November 2021,14R Mission Rapid,Rapid Bus,Sunday,"9,300"
December 2021,14R Mission Rapid,Rapid Bus,Sunday,"9,200"
January 2022,14R Mission Rapid,Rapid Bus,Sunday,"7,900"
February 2022,14R Mission Rapid,Rapid Bus,Sunday,"8,600"
March 2022,14R Mission Rapid,Rapid Bus,Sunday,"9,800"
April 2022,14R Mission Rapid,Rapid Bus,Sunday,"9,600"
May 2022,14R Mission Rapid,Rapid Bus,Sunday,"9,600"
June 2022,14R Mission Rapid,Rapid Bus,Sunday,"10,500"
July 2022,14R Mission Rapid,Rapid Bus,Sunday,"10,100"
August 2022,14R Mission Rapid,Rapid Bus,Sunday,"11,300"
September 2022,14R Mission Rapid,Rapid Bus,Sunday,"10,600"
October 2022,14R Mission Rapid,Rapid Bus,Sunday,"11,300"
November 2022,14R Mission Rapid,Rapid Bus,Sunday,"10,800"
December 2022,14R Mission Rapid,Rapid Bus,Sunday,"9,500"
January 2023,14R Mission Rapid,Rapid Bus,Sunday,"10,300"
February 2023,14R Mission Rapid,Rapid Bus,Sunday,"10,800"
March 2023,14R Mission Rapid,Rapid Bus,Sunday,"10,600"
April 2023,14R Mission Rapid,Rapid Bus,Sunday,"12,000"
May 2023,14R Mission Rapid,Rapid Bus,Sunday,"11,800"
June 2023,14R Mission Rapid,Rapid Bus,Sunday,"12,000"
July 2023,14R Mission Rapid,Rapid Bus,Sunday,"12,300"
August 2023,14R Mission Rapid,Rapid Bus,Sunday,"12,700"
September 2023,14R Mission Rapid,Rapid Bus,Sunday,"12,700"
October 2023,14R Mission Rapid,Rapid Bus,Sunday,"12,700"
November 2023,14R Mission Rapid,Rapid Bus,Sunday,"11,000"
December 2023,14R Mission Rapid,Rapid Bus,Sunday,"12,200"
January 2024,14R Mission Rapid,Rapid Bus,Sunday,"11,500"
February 2024,14R Mission Rapid,Rapid Bus,Sunday,"11,400"
March 2024,14R Mission Rapid,Rapid Bus,Sunday,"12,000"
April 2024,14R Mission Rapid,Rapid Bus,Sunday,"12,200"
May 2024,14R Mission Rapid,Rapid Bus,Sunday,"12,500"
June 2024,14R Mission Rapid,Rapid Bus,Sunday,"13,200"
July 2024,14R Mission Rapid,Rapid Bus,Sunday,"12,700"
August 2024,14R Mission Rapid,Rapid Bus,Sunday,"12,600"
September 2024,14R Mission Rapid,Rapid Bus,Sunday,"13,100"
October 2024,14R Mission Rapid,Rapid Bus,Sunday,"12,200"
November 2024,14R Mission Rapid,Rapid Bus,Sunday,"12,100"
December 2024,14R Mission Rapid,Rapid Bus,Sunday,"12,200"
January 2025,14R Mission Rapid,Rapid Bus,Sunday,"11,900"
February 2025,14R Mission Rapid,Rapid Bus,Sunday,"12,300"
March 2025,14R Mission Rapid,Rapid Bus,Sunday,"12,300"
April 2025,14R Mission Rapid,Rapid Bus,Sunday,"12,800"
May 2025,14R Mission Rapid,Rapid Bus,Sunday,"12,700"
June 2025,14R Mission Rapid,Rapid Bus,Sunday,"13,000"
July 2025,14R Mission Rapid,Rapid Bus,Sunday,"12,200"
August 2025,14R Mission Rapid,Rapid Bus,Sunday,"12,900"
September 2025,14R Mission Rapid,Rapid Bus,Sunday,"13,100"
October 2025,14R Mission Rapid,Rapid Bus,Sunday,"12,700"
November 2025,14R Mission Rapid,Rapid Bus,Sunday,"11,600"
December 2025,14R Mission Rapid,Rapid Bus,Sunday,"12,300"
January 2026,14R Mission Rapid,Rapid Bus,Sunday,"11,100"
February 2026,14R Mission Rapid,Rapid Bus,Sunday,"12,500"
March 2026,14R Mission Rapid,Rapid Bus,Sunday,"12,900"
April 2026,14R Mission Rapid,Rapid Bus,Sunday,"12,600"
May 2026,14R Mission Rapid,Rapid Bus,Sunday,"12,500"
June 2026,14R Mission Rapid,Rapid Bus,Sunday,"13,900"
July 2026,14R Mission Rapid,Rapid Bus,Sunday,"12,900"
August 2026,14R Mission Rapid,Rapid Bus,Sunday,"13,100"
January 2019,14X Mission Express,Specialized,Sunday,
February 2019,14X Mission Express,Specialized,Sunday,
March 2019,14X Mission Express,Specialized,Sunday,
April 2019,14X Mission Express,Specialized,Sunday,
May 2019,14X Mission Express,Specialized,Sunday,
June 2019,14X Mission Express,Specialized,Sunday,
July 2019,14X Mission Express,Specialized,Sunday,
August 2019,14X Mission Express,Specialized,Sunday,
September 2019,14X Mission Express,Specialized,Sunday,
October 2019,14X Mission Express,Specialized,Sunday,
November 2019,14X Mission Express,Specialized,Sunday,
December 2019,14X Mission Express,Specialized,Sunday,
January 2020,14X Mission Express,Specialized,Sunday,
February 2020,14X Mission Express,Specialized,Sunday,
March 2020,14X Mission Express,Specialized,Sunday,
January 2021,15 Bayview Hunters Point Express,Specialized,Sunday,200
February 2021,15 Bayview Hunters Point Express,Specialized,Sunday,600
March 2021,15 Bayview Hunters Point Express,Specialized,Sunday,600
April 2021,15 Bayview Hunters Point Express,Specialized,Sunday,700
May 2021,15 Bayview Hunters Point Express,Specialized,Sunday,700
June 2021,15 Bayview Hunters Point Express,Specialized,Sunday,900
July 2021,15 Bayview Hunters Point Express,Specialized,Sunday,900
August 2021,15 Bayview Hunters Point Express,Specialized,Sunday,"1,000"
September 2021,15 Bayview Hunters Point Express,Specialized,Sunday,800
October 2021,15 Bayview Hunters Point Express,Specialized,Sunday,700
November 2021,15 Bayview Hunters Point Express,Specialized,Sunday,800
December 2021,15 Bayview Hunters Point Express,Specialized,Sunday,800
January 2022,15 Bayview Hunters Point Express,Specialized,Sunday,"1,000"
February 2022,15 Bayview Hunters Point Express,Specialized,Sunday,"1,000"
March 2022,15 Bayview Hunters Point Express,Specialized,Sunday,"1,400"
April 2022,15 Bayview Hunters Point Express,Specialized,Sunday,"1,400"
May 2022,15 Bayview Hunters Point Express,Specialized,Sunday,"1,300"
June 2022,15 Bayview Hunters Point Express,Specialized,Sunday,"1,500"
July 2022,15 Bayview Hunters Point Express,Specialized,Sunday,"1,400"
August 2022,15 Bayview Hunters Point Express,Specialized,Sunday,"1,600"
September 2022,15 Bayview Hunters Point Express,Specialized,Sunday,"1,900"
October 2022,15 Bayview Hunters Point Express,Specialized,Sunday,"1,800"
November 2022,15 Bayview Hunters Point Express,Specialized,Sunday,"1,400"
December 2022,15 Bayview Hunters Point Express,Specialized,Sunday,"1,700"
January 2023,15 Bayview Hunters Point Express,Specialized,Sunday,"1,500"
February 2023,15 Bayview Hunters Point Express,Specialized,Sunday,"1,500"
March 2023,15 Bayview Hunters Point Express,Specialized,Sunday,"1,600"
April 2023,15 Bayview Hunters Point Express,Specialized,Sunday,"1,800"
May 2023,15 Bayview Hunters Point Express,Specialized,Sunday,"1,500"
June 2023,15 Bayview Hunters Point Express,Specialized,Sunday,"1,700"
July 2023,15 Bayview Hunters Point Express,Specialized,Sunday,"1,700"
August 2023,15 Bayview Hunters Point Express,Specialized,Sunday,"1,900"
September 2023,15 Bayview Hunters Point Express,Specialized,Sunday,"1,700"
October 2023,15 Bayview Hunters Point Express,Specialized,Sunday,"2,200"
November 2023,15 Bayview Hunters Point Express,Specialized,Sunday,"1,500"
December 2023,15 Bayview Hunters Point Express,Specialized,Sunday,"1,700"
January 2024,15 Bayview Hunters Point Express,Specialized,Sunday,"1,700"
February 2024,15 Bayview Hunters Point Express,Specialized,Sunday,"1,900"
March 2024,15 Bayview Hunters Point Express,Specialized,Sunday,"1,900"
April 2024,15 Bayview Hunters Point Express,Specialized,Sunday,"2,000"
May 2024,15 Bayview Hunters Point Express,Specialized,Sunday,"1,700"
June 2024,15 Bayview Hunters Point Express,Specialized,Sunday,"2,100"
July 2024,15 Bayview Hunters Point Express,Specialized,Sunday,"1,800"
August 2024,15 Bayview Hunters Point Express,Specialized,Sunday,"1,900"
September 2024,15 Bayview Hunters Point Express,Specialized,Sunday,"2,100"
October 2024,15 Bayview Hunters Point Express,Specialized,Sunday,"2,400"
November 2024,15 Bayview Hunters Point Express,Specialized,Sunday,"1,700"
December 2024,15 Bayview Hunters Point Express,Specialized,Sunday,"2,000"
January 2025,15 Bayview Hunters Point Express,Specialized,Sunday,"1,800"
February 2025,15 Bayview Hunters Point Express,Specialized,Sunday,"2,000"
March 2025,15 Bayview Hunters Point Express,Specialized,Sunday,"2,000"
April 2025,15 Bayview Hunters Point Express,Specialized,Sunday,"2,100"
May 2025,15 Bayview Hunters Point Express,Specialized,Sunday,"1,900"
June 2025,15 Bayview Hunters Point Express,Specialized,Sunday,"2,200"
July 2025,15 Bayview Hunters Point Express,Specialized,Sunday,"2,100"
August 2025,15 Bayview Hunters Point Express,Specialized,Sunday,"2,200"
September 2025,15 Bayview Hunters Point Express,Specialized,Sunday,"2,200"
October 2025,15 Bayview Hunters Point Express,Specialized,Sunday,"2,200"
November 2025,15 Bayview Hunters Point Express,Specialized,Sunday,"1,900"
December 2025,15 Bayview Hunters Point Express,Specialized,Sunday,"1,900"
January 2026,15 Bayview Hunters Point Express,Specialized,Sunday,"1,800"
February 2026,15 Bayview Hunters Point Express,Specialized,Sunday,"1,900"
March 2026,15 Bayview Hunters Point Express,Specialized,Sunday,"2,200"
April 2026,15 Bayview Hunters Point Express,Specialized,Sunday,"2,000"
May 2026,15 Bayview Hunters Point Express,Specialized,Sunday,"2,100"
June 2026,15 Bayview Hunters Point Express,Specialized,Sunday,"2,300"
July 2026,15 Bayview Hunters Point Express,Specialized,Sunday,"2,900"
August 2026,15 Bayview Hunters Point Express,Specialized,Sunday,"2,600"
January 2019,18 46th Avenue,Grid,Sunday,"1,600"
February 2019,18 46th Avenue,Grid,Sunday,"1,900"
March 2019,18 46th Avenue,Grid,Sunday,"2,200"
April 2019,18 46th Avenue,Grid,Sunday,"1,800"
May 2019,18 46th Avenue,Grid,Sunday,"2,000"
June 2019,18 46th Avenue,Grid,Sunday,"2,000"
July 2019,18 46th Avenue,Grid,Sunday,"1,900"
August 2019,18 46th Avenue,Grid,Sunday,"2,200"
September 2019,18 46th Avenue,Grid,Sunday,"2,100"
October 2019,18 46th Avenue,Grid,Sunday,"2,200"
November 2019,18 46th Avenue,Grid,Sunday,"2,000"
December 2019,18 46th Avenue,Grid,Sunday,"1,500"
January 2020,18 46th Avenue,Grid,Sunday,"1,900"
February 2020,18 46th Avenue,Grid,Sunday,"2,000"
March 2020,18 46th Avenue,Grid,Sunday,"1,400"
April 2020,18 46th Avenue,Grid,Sunday,100
August 2021,18 46th Avenue,Grid,Sunday,500
September 2021,18 46th Avenue,Grid,Sunday,800
October 2021,18 46th Avenue,Grid,Sunday,600
November 2021,18 46th Avenue,Grid,Sunday,600
December 2021,18 46th Avenue,Grid,Sunday,600
January 2022,18 46th Avenue,Grid,Sunday,800
February 2022,18 46th Avenue,Grid,Sunday,"1,100"
March 2022,18 46th Avenue,Grid,Sunday,"1,100"
April 2022,18 46th Avenue,Grid,Sunday,"1,100"
May 2022,18 46th Avenue,Grid,Sunday,"1,200"
June 2022,18 46th Avenue,Grid,Sunday,"1,300"
July 2022,18 46th Avenue,Grid,Sunday,"1,300"
August 2022,18 46th Avenue,Grid,Sunday,"1,600"
September 2022,18 46th Avenue,Grid,Sunday,"1,600"
October 2022,18 46th Avenue,Grid,Sunday,"1,600"
November 2022,18 46th Avenue,Grid,Sunday,"1,400"
December 2022,18 46th Avenue,Grid,Sunday,"1,200"
January 2023,18 46th Avenue,Grid,Sunday,"1,300"
February 2023,18 46th Avenue,Grid,Sunday,"1,500"
March 2023,18 46th Avenue,Grid,Sunday,"1,400"
April 2023,18 46th Avenue,Grid,Sunday,"1,700"
May 2023,18 46th Avenue,Grid,Sunday,"1,500"
June 2023,18 46th Avenue,Grid,Sunday,"1,600"
July 2023,18 46th Avenue,Grid,Sunday,"1,700"
August 2023,18 46th Avenue,Grid,Sunday,"2,000"
September 2023,18 46th Avenue,Grid,Sunday,"2,000"
October 2023,18 46th Avenue,Grid,Sunday,"1,900"
November 2023,18 46th Avenue,Grid,Sunday,"1,600"
December 2023,18 46th Avenue,Grid,Sunday,"1,600"
January 2024,18 46th Avenue,Grid,Sunday,"1,700"
February 2024,18 46th Avenue,Grid,Sunday,"1,600"
March 2024,18 46th Avenue,Grid,Sunday,"1,900"
April 2024,18 46th Avenue,Grid,Sunday,"2,100"
May 2024,18 46th Avenue,Grid,Sunday,"1,800"
June 2024,18 46th Avenue,Grid,Sunday,"1,900"
July 2024,18 46th Avenue,Grid,Sunday,"1,900"
August 2024,18 46th Avenue,Grid,Sunday,"2,100"
September 2024,18 46th Avenue,Grid,Sunday,"2,000"
October 2024,18 46th Avenue,Grid,Sunday,"2,200"
November 2024,18 46th Avenue,Grid,Sunday,"1,800"
December 2024,18 46th Avenue,Grid,Sunday,"1,800"
January 2025,18 46th Avenue,Grid,Sunday,"1,800"
February 2025,18 46th Avenue,Grid,Sunday,"1,900"
March 2025,18 46th Avenue,Grid,Sunday,"2,000"
April 2025,18 46th Avenue,Grid,Sunday,"2,200"
May 2025,18 46th Avenue,Grid,Sunday,"1,900"
June 2025,18 46th Avenue,Grid,Sunday,"2,100"
July 2025,18 46th Avenue,Grid,Sunday,"1,900"
August 2025,18 46th Avenue,Grid,Sunday,"2,300"
September 2025,18 46th Avenue,Grid,Sunday,"2,100"
October 2025,18 46th Avenue,Grid,Sunday,"2,200"
November 2025,18 46th Avenue,Grid,Sunday,"1,800"
December 2025,18 46th Avenue,Grid,Sunday,"1,800"
January 2026,18 46th Avenue,Grid,Sunday,"1,700"
February 2026,18 46th Avenue,Grid,Sunday,"1,800"
March 2026,18 46th Avenue,Grid,Sunday,"2,400"
April 2026,18 46th Avenue,Grid,Sunday,"2,100"
May 2026,18 46th Avenue,Grid,Sunday,"2,100"
June 2026,18 46th Avenue,Grid,Sunday,"2,200"
July 2026,18 46th Avenue,Grid,Sunday,"1,900"
August 2026,18 46th Avenue,Grid,Sunday,"2,300"
January 2019,19 Polk,Grid,Sunday,"3,700"
February 2019,19 Polk,Grid,Sunday,"2,300"
March 2019,19 Polk,Grid,Sunday,"4,300"
April 2019,19 Polk,Grid,Sunday,"3,600"
May 2019,19 Polk,Grid,Sunday,"3,800"
June 2019,19 Polk,Grid,Sunday,"3,600"
July 2019,19 Polk,Grid,Sunday,"4,000"
August 2019,19 Polk,Grid,Sunday,"4,600"
September 2019,19 Polk,Grid,Sunday,"4,500"
October 2019,19 Polk,Grid,Sunday,"4,800"
November 2019,19 Polk,Grid,Sunday,"4,000"
December 2019,19 Polk,Grid,Sunday,"2,800"
January 2020,19 Polk,Grid,Sunday,"3,800"
February 2020,19 Polk,Grid,Sunday,"3,600"
March 2020,19 Polk,Grid,Sunday,"2,500"
April 2020,19 Polk,Grid,Sunday,"1,800"
May 2020,19 Polk,Grid,Sunday,"2,000"
June 2020,19 Polk,Grid,Sunday,"2,000"
July 2020,19 Polk,Grid,Sunday,"2,300"
August 2020,19 Polk,Grid,Sunday,"2,000"
September 2020,19 Polk,Grid,Sunday,"2,000"
October 2020,19 Polk,Grid,Sunday,"2,200"
November 2020,19 Polk,Grid,Sunday,"2,000"
December 2020,19 Polk,Grid,Sunday,"1,700"
January 2021,19 Polk,Grid,Sunday,"1,900"
February 2021,19 Polk,Grid,Sunday,"1,900"
March 2021,19 Polk,Grid,Sunday,"2,000"
April 2021,19 Polk,Grid,Sunday,"2,000"
May 2021,19 Polk,Grid,Sunday,"2,200"
June 2021,19 Polk,Grid,Sunday,"2,100"
July 2021,19 Polk,Grid,Sunday,"2,400"
August 2021,19 Polk,Grid,Sunday,"2,600"
September 2021,19 Polk,Grid,Sunday,"2,600"
October 2021,19 Polk,Grid,Sunday,"2,200"
November 2021,19 Polk,Grid,Sunday,"2,400"
December 2021,19 Polk,Grid,Sunday,"2,100"
January 2022,19 Polk,Grid,Sunday,"2,200"
February 2022,19 Polk,Grid,Sunday,"1,900"
March 2022,19 Polk,Grid,Sunday,"2,300"
April 2022,19 Polk,Grid,Sunday,"2,300"
May 2022,19 Polk,Grid,Sunday,"2,600"
June 2022,19 Polk,Grid,Sunday,"2,500"
July 2022,19 Polk,Grid,Sunday,"2,800"
August 2022,19 Polk,Grid,Sunday,"3,100"
September 2022,19 Polk,Grid,Sunday,"2,900"
October 2022,19 Polk,Grid,Sunday,"2,900"
November 2022,19 Polk,Grid,Sunday,"2,700"
December 2022,19 Polk,Grid,Sunday,"2,600"
January 2023,19 Polk,Grid,Sunday,"2,800"
February 2023,19 Polk,Grid,Sunday,"2,900"
March 2023,19 Polk,Grid,Sunday,"3,000"
April 2023,19 Polk,Grid,Sunday,"3,300"
May 2023,19 Polk,Grid,Sunday,"3,000"
June 2023,19 Polk,Grid,Sunday,"2,900"
July 2023,19 Polk,Grid,Sunday,"3,500"
August 2023,19 Polk,Grid,Sunday,"3,600"
September 2023,19 Polk,Grid,Sunday,"3,600"
October 2023,19 Polk,Grid,Sunday,"3,700"
November 2023,19 Polk,Grid,Sunday,"3,300"
December 2023,19 Polk,Grid,Sunday,"3,100"
January 2024,19 Polk,Grid,Sunday,"3,300"
February 2024,19 Polk,Grid,Sunday,"3,300"
March 2024,19 Polk,Grid,Sunday,"3,600"
April 2024,19 Polk,Grid,Sunday,"3,800"
May 2024,19 Polk,Grid,Sunday,"3,500"
June 2024,19 Polk,Grid,Sunday,"3,600"
July 2024,19 Polk,Grid,Sunday,"3,700"
August 2024,19 Polk,Grid,Sunday,"3,700"
September 2024,19 Polk,Grid,Sunday,"3,900"
October 2024,19 Polk,Grid,Sunday,"3,700"
November 2024,19 Polk,Grid,Sunday,"3,300"
December 2024,19 Polk,Grid,Sunday,"3,400"
January 2025,19 Polk,Grid,Sunday,"3,300"
February 2025,19 Polk,Grid,Sunday,"3,600"
March 2025,19 Polk,Grid,Sunday,"3,800"
April 2025,19 Polk,Grid,Sunday,"3,900"
May 2025,19 Polk,Grid,Sunday,"3,500"
June 2025,19 Polk,Grid,Sunday,"3,700"
July 2025,19 Polk,Grid,Sunday,"3,900"
August 2025,19 Polk,Grid,Sunday,"4,000"
September 2025,19 Polk,Grid,Sunday,"4,100"
October 2025,19 Polk,Grid,Sunday,"4,100"
November 2025,19 Polk,Grid,Sunday,"3,700"
December 2025,19 Polk,Grid,Sunday,"3,400"
January 2026,19 Polk,Grid,Sunday,"3,500"
February 2026,19 Polk,Grid,Sunday,"3,700"
March 2026,19 Polk,Grid,Sunday,"4,100"
April 2026,19 Polk,Grid,Sunday,"3,900"
May 2026,19 Polk,Grid,Sunday,"4,100"
June 2026,19 Polk,Grid,Sunday,"4,000"
July 2026,19 Polk,Grid,Sunday,"3,800"
August 2026,19 Polk,Grid,Sunday,"4,000"
January 2019,21 Hayes,Grid,Sunday,"2,500"
February 2019,21 Hayes,Grid,Sunday,"2,700"
March 2019,21 Hayes,Grid,Sunday,"2,900"
April 2019,21 Hayes,Grid,Sunday,"3,000"
May 2019,21 Hayes,Grid,Sunday,"2,900"
June 2019,21 Hayes,Grid,Sunday,"2,700"
July 2019,21 Hayes,Grid,Sunday,"3,500"
August 2019,21 Hayes,Grid,Sunday,"3,500"
September 2019,21 Hayes,Grid,Sunday,"3,500"
October 2019,21 Hayes,Grid,Sunday,"3,400"
November 2019,21 Hayes,Grid,Sunday,"3,000"
December 2019,21 Hayes,Grid,Sunday,"2,700"
January 2020,21 Hayes,Grid,Sunday,"2,900"
February 2020,21 Hayes,Grid,Sunday,"3,000"
March 2020,21 Hayes,Grid,Sunday,"1,500"
April 2020,21 Hayes,Grid,Sunday,100
July 2022,21 Hayes,Grid,Sunday,300
August 2022,21 Hayes,Grid,Sunday,500
September 2022,21 Hayes,Grid,Sunday,500
October 2022,21 Hayes,Grid,Sunday,500
November 2022,21 Hayes,Grid,Sunday,400
December 2022,21 Hayes,Grid,Sunday,400
January 2023,21 Hayes,Grid,Sunday,500
February 2023,21 Hayes,Grid,Sunday,600
March 2023,21 Hayes,Grid,Sunday,600
April 2023,21 Hayes,Grid,Sunday,600
May 2023,21 Hayes,Grid,Sunday,600
June 2023,21 Hayes,Grid,Sunday,500
July 2023,21 Hayes,Grid,Sunday,700
August 2023,21 Hayes,Grid,Sunday,800
September 2023,21 Hayes,Grid,Sunday,900
October 2023,21 Hayes,Grid,Sunday,700
November 2023,21 Hayes,Grid,Sunday,600
December 2023,21 Hayes,Grid,Sunday,600
January 2024,21 Hayes,Grid,Sunday,600
February 2024,21 Hayes,Grid,Sunday,600
March 2024,21 Hayes,Grid,Sunday,700
April 2024,21 Hayes,Grid,Sunday,800
May 2024,21 Hayes,Grid,Sunday,800
June 2024,21 Hayes,Grid,Sunday,800
July 2024,21 Hayes,Grid,Sunday,800
August 2024,21 Hayes,Grid,Sunday,900
September 2024,21 Hayes,Grid,Sunday,900
October 2024,21 Hayes,Grid,Sunday,800
November 2024,21 Hayes,Grid,Sunday,700
December 2024,21 Hayes,Grid,Sunday,700
January 2025,21 Hayes,Grid,Sunday,700
February 2025,21 Hayes,Grid,Sunday,800
March 2025,21 Hayes,Grid,Sunday,800
April 2025,21 Hayes,Grid,Sunday,900
May 2025,21 Hayes,Grid,Sunday,900
June 2025,21 Hayes,Grid,Sunday,500
January 2019,22 Fillmore,Frequent Local,Sunday,"6,600"
February 2019,22 Fillmore,Frequent Local,Sunday,"7,700"
March 2019,22 Fillmore,Frequent Local,Sunday,"7,000"
April 2019,22 Fillmore,Frequent Local,Sunday,"9,600"
May 2019,22 Fillmore,Frequent Local,Sunday,"10,100"
June 2019,22 Fillmore,Frequent Local,Sunday,"11,000"
July 2019,22 Fillmore,Frequent Local,Sunday,"8,900"
August 2019,22 Fillmore,Frequent Local,Sunday,"10,300"
September 2019,22 Fillmore,Frequent Local,Sunday,"10,600"
October 2019,22 Fillmore,Frequent Local,Sunday,"11,500"
November 2019,22 Fillmore,Frequent Local,Sunday,"10,200"
December 2019,22 Fillmore,Frequent Local,Sunday,"8,800"
January 2020,22 Fillmore,Frequent Local,Sunday,"10,700"
February 2020,22 Fillmore,Frequent Local,Sunday,"10,900"
March 2020,22 Fillmore,Frequent Local,Sunday,"6,300"
April 2020,22 Fillmore,Frequent Local,Sunday,"3,600"
May 2020,22 Fillmore,Frequent Local,Sunday,"4,600"
June 2020,22 Fillmore,Frequent Local,Sunday,"5,500"
July 2020,22 Fillmore,Frequent Local,Sunday,"5,600"
August 2020,22 Fillmore,Frequent Local,Sunday,"5,800"
September 2020,22 Fillmore,Frequent Local,Sunday,"6,000"
October 2020,22 Fillmore,Frequent Local,Sunday,"6,500"
November 2020,22 Fillmore,Frequent Local,Sunday,"5,800"
December 2020,22 Fillmore,Frequent Local,Sunday,"4,900"
January 2021,22 Fillmore,Frequent Local,Sunday,"5,300"
February 2021,22 Fillmore,Frequent Local,Sunday,"6,100"
March 2021,22 Fillmore,Frequent Local,Sunday,"6,500"
April 2021,22 Fillmore,Frequent Local,Sunday,"6,500"
May 2021,22 Fillmore,Frequent Local,Sunday,"7,500"
June 2021,22 Fillmore,Frequent Local,Sunday,"7,900"
July 2021,22 Fillmore,Frequent Local,Sunday,"8,200"
August 2021,22 Fillmore,Frequent Local,Sunday,"9,000"
September 2021,22 Fillmore,Frequent Local,Sunday,"9,300"
October 2021,22 Fillmore,Frequent Local,Sunday,"9,300"
November 2021,22 Fillmore,Frequent Local,Sunday,"9,400"
December 2021,22 Fillmore,Frequent Local,Sunday,"8,400"
January 2022,22 Fillmore,Frequent Local,Sunday,"9,100"
February 2022,22 Fillmore,Frequent Local,Sunday,"9,300"
March 2022,22 Fillmore,Frequent Local,Sunday,"10,300"
April 2022,22 Fillmore,Frequent Local,Sunday,"11,500"
May 2022,22 Fillmore,Frequent Local,Sunday,"10,900"
June 2022,22 Fillmore,Frequent Local,Sunday,"11,900"
July 2022,22 Fillmore,Frequent Local,Sunday,"10,600"
August 2022,22 Fillmore,Frequent Local,Sunday,"11,500"
September 2022,22 Fillmore,Frequent Local,Sunday,"11,600"
October 2022,22 Fillmore,Frequent Local,Sunday,"12,400"
November 2022,22 Fillmore,Frequent Local,Sunday,"10,800"
December 2022,22 Fillmore,Frequent Local,Sunday,"10,400"
January 2023,22 Fillmore,Frequent Local,Sunday,"10,900"
February 2023,22 Fillmore,Frequent Local,Sunday,"12,100"
March 2023,22 Fillmore,Frequent Local,Sunday,"11,900"
April 2023,22 Fillmore,Frequent Local,Sunday,"13,700"
May 2023,22 Fillmore,Frequent Local,Sunday,"12,500"
June 2023,22 Fillmore,Frequent Local,Sunday,"13,500"
July 2023,22 Fillmore,Frequent Local,Sunday,"12,800"
August 2023,22 Fillmore,Frequent Local,Sunday,"14,300"
September 2023,22 Fillmore,Frequent Local,Sunday,"14,300"
October 2023,22 Fillmore,Frequent Local,Sunday,"14,600"
November 2023,22 Fillmore,Frequent Local,Sunday,"12,900"
December 2023,22 Fillmore,Frequent Local,Sunday,"12,800"
January 2024,22 Fillmore,Frequent Local,Sunday,"13,200"
February 2024,22 Fillmore,Frequent Local,Sunday,"13,600"
March 2024,22 Fillmore,Frequent Local,Sunday,"14,900"
April 2024,22 Fillmore,Frequent Local,Sunday,"15,800"
May 2024,22 Fillmore,Frequent Local,Sunday,"14,600"
June 2024,22 Fillmore,Frequent Local,Sunday,"15,400"
July 2024,22 Fillmore,Frequent Local,Sunday,"13,900"
August 2024,22 Fillmore,Frequent Local,Sunday,"15,400"
September 2024,22 Fillmore,Frequent Local,Sunday,"15,700"
October 2024,22 Fillmore,Frequent Local,Sunday,"16,000"
November 2024,22 Fillmore,Frequent Local,Sunday,"14,000"
December 2024,22 Fillmore,Frequent Local,Sunday,"14,100"
January 2025,22 Fillmore,Frequent Local,Sunday,"13,900"
February 2025,22 Fillmore,Frequent Local,Sunday,"15,100"
March 2025,22 Fillmore,Frequent Local,Sunday,"14,700"
April 2025,22 Fillmore,Frequent Local,Sunday,"16,800"
May 2025,22 Fillmore,Frequent Local,Sunday,"15,200"
June 2025,22 Fillmore,Frequent Local,Sunday,"16,200"
July 2025,22 Fillmore,Frequent Local,Sunday,"14,000"
August 2025,22 Fillmore,Frequent Local,Sunday,"16,400"
September 2025,22 Fillmore,Frequent Local,Sunday,"15,000"
October 2025,22 Fillmore,Frequent Local,Sunday,"15,300"
November 2025,22 Fillmore,Frequent Local,Sunday,"13,400"
December 2025,22 Fillmore,Frequent Local,Sunday,"13,600"
January 2026,22 Fillmore,Frequent Local,Sunday,"13,100"
February 2026,22 Fillmore,Frequent Local,Sunday,"13,800"
March 2026,22 Fillmore,Frequent Local,Sunday,"15,300"
April 2026,22 Fillmore,Frequent Local,Sunday,"15,300"
May 2026,22 Fillmore,Frequent Local,Sunday,"14,600"
June 2026,22 Fillmore,Frequent Local,Sunday,"16,500"
July 2026,22 Fillmore,Frequent Local,Sunday,"14,300"
August 2026,22 Fillmore,Frequent Local,Sunday,"15,400"
January 2019,23 Monterey,Grid,Sunday,"1,400"
February 2019,23 Monterey,Grid,Sunday,"1,300"
March 2019,23 Monterey,Grid,Sunday,"1,300"
April 2019,23 Monterey,Grid,Sunday,"1,300"
May 2019,23 Monterey,Grid,Sunday,"1,300"
June 2019,23 Monterey,Grid,Sunday,"1,600"
July 2019,23 Monterey,Grid,Sunday,"1,500"
August 2019,23 Monterey,Grid,Sunday,"1,800"
September 2019,23 Monterey,Grid,Sunday,"1,300"
October 2019,23 Monterey,Grid,Sunday,"1,400"
November 2019,23 Monterey,Grid,Sunday,"1,300"
December 2019,23 Monterey,Grid,Sunday,"1,000"
January 2020,23 Monterey,Grid,Sunday,"1,300"
February 2020,23 Monterey,Grid,Sunday,"1,200"
March 2020,23 Monterey,Grid,Sunday,800
April 2020,23 Monterey,Grid,Sunday,100
August 2021,23 Monterey,Grid,Sunday,200
September 2021,23 Monterey,Grid,Sunday,500
October 2021,23 Monterey,Grid,Sunday,400
November 2021,23 Monterey,Grid,Sunday,400
December 2021,23 Monterey,Grid,Sunday,400
January 2022,23 Monterey,Grid,Sunday,500
February 2022,23 Monterey,Grid,Sunday,500
March 2022,23 Monterey,Grid,Sunday,500
April 2022,23 Monterey,Grid,Sunday,500
May 2022,23 Monterey,Grid,Sunday,600
June 2022,23 Monterey,Grid,Sunday,600
July 2022,23 Monterey,Grid,Sunday,700
August 2022,23 Monterey,Grid,Sunday,900
September 2022,23 Monterey,Grid,Sunday,700
October 2022,23 Monterey,Grid,Sunday,900
November 2022,23 Monterey,Grid,Sunday,800
December 2022,23 Monterey,Grid,Sunday,700
January 2023,23 Monterey,Grid,Sunday,800
February 2023,23 Monterey,Grid,Sunday,700
March 2023,23 Monterey,Grid,Sunday,800
April 2023,23 Monterey,Grid,Sunday,900
May 2023,23 Monterey,Grid,Sunday,"1,000"
June 2023,23 Monterey,Grid,Sunday,"1,000"
July 2023,23 Monterey,Grid,Sunday,"1,100"
August 2023,23 Monterey,Grid,Sunday,"1,300"
September 2023,23 Monterey,Grid,Sunday,900
October 2023,23 Monterey,Grid,Sunday,"1,000"
November 2023,23 Monterey,Grid,Sunday,900
December 2023,23 Monterey,Grid,Sunday,900
January 2024,23 Monterey,Grid,Sunday,900
February 2024,23 Monterey,Grid,Sunday,900
March 2024,23 Monterey,Grid,Sunday,"1,000"
April 2024,23 Monterey,Grid,Sunday,"1,100"
May 2024,23 Monterey,Grid,Sunday,"1,100"
June 2024,23 Monterey,Grid,Sunday,"1,200"
July 2024,23 Monterey,Grid,Sunday,"1,300"
August 2024,23 Monterey,Grid,Sunday,"1,400"
September 2024,23 Monterey,Grid,Sunday,"1,200"
October 2024,23 Monterey,Grid,Sunday,"1,200"
November 2024,23 Monterey,Grid,Sunday,"1,000"
December 2024,23 Monterey,Grid,Sunday,900
January 2025,23 Monterey,Grid,Sunday,"1,000"
February 2025,23 Monterey,Grid,Sunday,"1,000"
March 2025,23 Monterey,Grid,Sunday,"1,000"
April 2025,23 Monterey,Grid,Sunday,"1,100"
May 2025,23 Monterey,Grid,Sunday,"1,100"
June 2025,23 Monterey,Grid,Sunday,"1,300"
July 2025,23 Monterey,Grid,Sunday,"1,200"
August 2025,23 Monterey,Grid,Sunday,"1,300"
September 2025,23 Monterey,Grid,Sunday,"1,100"
October 2025,23 Monterey,Grid,Sunday,"1,200"
November 2025,23 Monterey,Grid,Sunday,"1,000"
December 2025,23 Monterey,Grid,Sunday,"1,000"
January 2026,23 Monterey,Grid,Sunday,900
February 2026,23 Monterey,Grid,Sunday,"1,100"
March 2026,23 Monterey,Grid,Sunday,"1,200"
April 2026,23 Monterey,Grid,Sunday,"1,100"
May 2026,23 Monterey,Grid,Sunday,"1,200"
June 2026,23 Monterey,Grid,Sunday,"1,400"
July 2026,23 Monterey,Grid,Sunday,"1,400"
August 2026,23 Monterey,Grid,Sunday,"1,400"
January 2019,24 Divisadero,Frequent Local,Sunday,"4,900"
February 2019,24 Divisadero,Frequent Local,Sunday,"6,100"
March 2019,24 Divisadero,Frequent Local,Sunday,"6,300"
April 2019,24 Divisadero,Frequent Local,Sunday,"5,900"
May 2019,24 Divisadero,Frequent Local,Sunday,"6,000"
June 2019,24 Divisadero,Frequent Local,Sunday,"6,800"
July 2019,24 Divisadero,Frequent Local,Sunday,"6,400"
August 2019,24 Divisadero,Frequent Local,Sunday,"6,300"
September 2019,24 Divisadero,Frequent Local,Sunday,"6,700"
October 2019,24 Divisadero,Frequent Local,Sunday,"6,800"
November 2019,24 Divisadero,Frequent Local,Sunday,"6,600"
December 2019,24 Divisadero,Frequent Local,Sunday,"5,600"
January 2020,24 Divisadero,Frequent Local,Sunday,"6,500"
February 2020,24 Divisadero,Frequent Local,Sunday,"6,700"
March 2020,24 Divisadero,Frequent Local,Sunday,"3,200"
April 2020,24 Divisadero,Frequent Local,Sunday,"2,100"
May 2020,24 Divisadero,Frequent Local,Sunday,"2,600"
June 2020,24 Divisadero,Frequent Local,Sunday,"2,900"
July 2020,24 Divisadero,Frequent Local,Sunday,"3,100"
August 2020,24 Divisadero,Frequent Local,Sunday,"3,000"
September 2020,24 Divisadero,Frequent Local,Sunday,"3,100"
October 2020,24 Divisadero,Frequent Local,Sunday,"3,400"
November 2020,24 Divisadero,Frequent Local,Sunday,"3,000"
December 2020,24 Divisadero,Frequent Local,Sunday,"2,500"
January 2021,24 Divisadero,Frequent Local,Sunday,"2,600"
February 2021,24 Divisadero,Frequent Local,Sunday,"3,000"
March 2021,24 Divisadero,Frequent Local,Sunday,"3,100"
April 2021,24 Divisadero,Frequent Local,Sunday,"3,100"
May 2021,24 Divisadero,Frequent Local,Sunday,"3,700"
June 2021,24 Divisadero,Frequent Local,Sunday,"3,900"
July 2021,24 Divisadero,Frequent Local,Sunday,"4,000"
August 2021,24 Divisadero,Frequent Local,Sunday,"4,200"
September 2021,24 Divisadero,Frequent Local,Sunday,"4,300"
October 2021,24 Divisadero,Frequent Local,Sunday,"3,900"
November 2021,24 Divisadero,Frequent Local,Sunday,"4,000"
December 2021,24 Divisadero,Frequent Local,Sunday,"3,500"
January 2022,24 Divisadero,Frequent Local,Sunday,"3,800"
February 2022,24 Divisadero,Frequent Local,Sunday,"4,500"
March 2022,24 Divisadero,Frequent Local,Sunday,"4,500"
April 2022,24 Divisadero,Frequent Local,Sunday,"4,800"
May 2022,24 Divisadero,Frequent Local,Sunday,"5,100"
June 2022,24 Divisadero,Frequent Local,Sunday,"5,700"
July 2022,24 Divisadero,Frequent Local,Sunday,"5,100"
August 2022,24 Divisadero,Frequent Local,Sunday,"5,700"
September 2022,24 Divisadero,Frequent Local,Sunday,"5,400"
October 2022,24 Divisadero,Frequent Local,Sunday,"5,800"
November 2022,24 Divisadero,Frequent Local,Sunday,"5,100"
December 2022,24 Divisadero,Frequent Local,Sunday,"4,800"
January 2023,24 Divisadero,Frequent Local,Sunday,"5,100"
February 2023,24 Divisadero,Frequent Local,Sunday,"5,500"
March 2023,24 Divisadero,Frequent Local,Sunday,"5,400"
April 2023,24 Divisadero,Frequent Local,Sunday,"6,000"
May 2023,24 Divisadero,Frequent Local,Sunday,"5,900"
June 2023,24 Divisadero,Frequent Local,Sunday,"6,200"
July 2023,24 Divisadero,Frequent Local,Sunday,"6,100"
August 2023,24 Divisadero,Frequent Local,Sunday,"6,400"
September 2023,24 Divisadero,Frequent Local,Sunday,"6,300"
October 2023,24 Divisadero,Frequent Local,Sunday,"6,600"
November 2023,24 Divisadero,Frequent Local,Sunday,"5,700"
December 2023,24 Divisadero,Frequent Local,Sunday,"6,000"
January 2024,24 Divisadero,Frequent Local,Sunday,"6,000"
February 2024,24 Divisadero,Frequent Local,Sunday,"6,300"
March 2024,24 Divisadero,Frequent Local,Sunday,"6,600"
April 2024,24 Divisadero,Frequent Local,Sunday,"6,600"
May 2024,24 Divisadero,Frequent Local,Sunday,"6,600"
June 2024,24 Divisadero,Frequent Local,Sunday,"6,900"
July 2024,24 Divisadero,Frequent Local,Sunday,"6,500"
August 2024,24 Divisadero,Frequent Local,Sunday,"6,800"
September 2024,24 Divisadero,Frequent Local,Sunday,"6,900"
October 2024,24 Divisadero,Frequent Local,Sunday,"6,800"
November 2024,24 Divisadero,Frequent Local,Sunday,"6,100"
December 2024,24 Divisadero,Frequent Local,Sunday,"6,200"
January 2025,24 Divisadero,Frequent Local,Sunday,"6,200"
February 2025,24 Divisadero,Frequent Local,Sunday,"6,700"
March 2025,24 Divisadero,Frequent Local,Sunday,"6,500"
April 2025,24 Divisadero,Frequent Local,Sunday,"6,900"
May 2025,24 Divisadero,Frequent Local,Sunday,"6,900"
June 2025,24 Divisadero,Frequent Local,Sunday,"7,200"
July 2025,24 Divisadero,Frequent Local,Sunday,"6,600"
August 2025,24 Divisadero,Frequent Local,Sunday,"7,100"
September 2025,24 Divisadero,Frequent Local,Sunday,"6,800"
October 2025,24 Divisadero,Frequent Local,Sunday,"6,600"
November 2025,24 Divisadero,Frequent Local,Sunday,"6,000"
December 2025,24 Divisadero,Frequent Local,Sunday,"6,200"
January 2026,24 Divisadero,Frequent Local,Sunday,"5,800"
February 2026,24 Divisadero,Frequent Local,Sunday,"6,200"
March 2026,24 Divisadero,Frequent Local,Sunday,"6,900"
April 2026,24 Divisadero,Frequent Local,Sunday,"6,600"
May 2026,24 Divisadero,Frequent Local,Sunday,"6,800"
June 2026,24 Divisadero,Frequent Local,Sunday,"7,500"
July 2026,24 Divisadero,Frequent Local,Sunday,"6,400"
August 2026,24 Divisadero,Frequent Local,Sunday,"7,000"
January 2019,25 Treasure Island,Connector,Sunday,"1,900"
February 2019,25 Treasure Island,Connector,Sunday,"1,400"
March 2019,25 Treasure Island,Connector,Sunday,"1,300"
April 2019,25 Treasure Island,Connector,Sunday,"1,300"
May 2019,25 Treasure Island,Connector,Sunday,"1,500"
June 2019,25 Treasure Island,Connector,Sunday,"1,600"
July 2019,25 Treasure Island,Connector,Sunday,"1,600"
August 2019,25 Treasure Island,Connector,Sunday,"1,400"
September 2019,25 Treasure Island,Connector,Sunday,"1,800"
October 2019,25 Treasure Island,Connector,Sunday,"1,600"
November 2019,25 Treasure Island,Connector,Sunday,"2,100"
December 2019,25 Treasure Island,Connector,Sunday,"1,300"
January 2020,25 Treasure Island,Connector,Sunday,"1,400"
February 2020,25 Treasure Island,Connector,Sunday,"1,100"
March 2020,25 Treasure Island,Connector,Sunday,700
April 2020,25 Treasure Island,Connector,Sunday,300
May 2020,25 Treasure Island,Connector,Sunday,500
June 2020,25 Treasure Island,Connector,Sunday,500
July 2020,25 Treasure Island,Connector,Sunday,500
August 2020,25 Treasure Island,Connector,Sunday,500
September 2020,25 Treasure Island,Connector,Sunday,500
October 2020,25 Treasure Island,Connector,Sunday,600
November 2020,25 Treasure Island,Connector,Sunday,500
December 2020,25 Treasure Island,Connector,Sunday,400
January 2021,25 Treasure Island,Connector,Sunday,400
February 2021,25 Treasure Island,Connector,Sunday,400
March 2021,25 Treasure Island,Connector,Sunday,600
April 2021,25 Treasure Island,Connector,Sunday,500
May 2021,25 Treasure Island,Connector,Sunday,500
June 2021,25 Treasure Island,Connector,Sunday,600
July 2021,25 Treasure Island,Connector,Sunday,700
August 2021,25 Treasure Island,Connector,Sunday,600
September 2021,25 Treasure Island,Connector,Sunday,500
October 2021,25 Treasure Island,Connector,Sunday,500
November 2021,25 Treasure Island,Connector,Sunday,700
December 2021,25 Treasure Island,Connector,Sunday,600
January 2022,25 Treasure Island,Connector,Sunday,500
February 2022,25 Treasure Island,Connector,Sunday,700
March 2022,25 Treasure Island,Connector,Sunday,700
April 2022,25 Treasure Island,Connector,Sunday,700
May 2022,25 Treasure Island,Connector,Sunday,700
June 2022,25 Treasure Island,Connector,Sunday,800
July 2022,25 Treasure Island,Connector,Sunday,800
August 2022,25 Treasure Island,Connector,Sunday,800
September 2022,25 Treasure Island,Connector,Sunday,800
October 2022,25 Treasure Island,Connector,Sunday,900
November 2022,25 Treasure Island,Connector,Sunday,800
December 2022,25 Treasure Island,Connector,Sunday,700
January 2023,25 Treasure Island,Connector,Sunday,800
February 2023,25 Treasure Island,Connector,Sunday,800
March 2023,25 Treasure Island,Connector,Sunday,700
April 2023,25 Treasure Island,Connector,Sunday,800
May 2023,25 Treasure Island,Connector,Sunday,900
June 2023,25 Treasure Island,Connector,Sunday,900
July 2023,25 Treasure Island,Connector,Sunday,900
August 2023,25 Treasure Island,Connector,Sunday,800
September 2023,25 Treasure Island,Connector,Sunday,700
October 2023,25 Treasure Island,Connector,Sunday,600
November 2023,25 Treasure Island,Connector,Sunday,500
December 2023,25 Treasure Island,Connector,Sunday,500
January 2024,25 Treasure Island,Connector,Sunday,600
February 2024,25 Treasure Island,Connector,Sunday,500
March 2024,25 Treasure Island,Connector,Sunday,700
April 2024,25 Treasure Island,Connector,Sunday,700
May 2024,25 Treasure Island,Connector,Sunday,800
June 2024,25 Treasure Island,Connector,Sunday,800
July 2024,25 Treasure Island,Connector,Sunday,800
August 2024,25 Treasure Island,Connector,Sunday,700
September 2024,25 Treasure Island,Connector,Sunday,700
October 2024,25 Treasure Island,Connector,Sunday,600
November 2024,25 Treasure Island,Connector,Sunday,600
December 2024,25 Treasure Island,Connector,Sunday,700
January 2025,25 Treasure Island,Connector,Sunday,900
February 2025,25 Treasure Island,Connector,Sunday,900
March 2025,25 Treasure Island,Connector,Sunday,"1,000"
April 2025,25 Treasure Island,Connector,Sunday,"1,000"
May 2025,25 Treasure Island,Connector,Sunday,"1,000"
June 2025,25 Treasure Island,Connector,Sunday,"1,100"
July 2025,25 Treasure Island,Connector,Sunday,"1,000"
August 2025,25 Treasure Island,Connector,Sunday,"1,000"
September 2025,25 Treasure Island,Connector,Sunday,"1,100"
October 2025,25 Treasure Island,Connector,Sunday,"1,100"
November 2025,25 Treasure Island,Connector,Sunday,800
December 2025,25 Treasure Island,Connector,Sunday,700
January 2026,25 Treasure Island,Connector,Sunday,700
February 2026,25 Treasure Island,Connector,Sunday,900
March 2026,25 Treasure Island,Connector,Sunday,"1,000"
April 2026,25 Treasure Island,Connector,Sunday,800
May 2026,25 Treasure Island,Connector,Sunday,"1,000"
June 2026,25 Treasure Island,Connector,Sunday,"1,200"
July 2026,25 Treasure Island,Connector,Sunday,"1,100"
August 2026,25 Treasure Island,Connector,Sunday,"1,100"
January 2019,27 Bryant,Grid,Sunday,"2,900"
February 2019,27 Bryant,Grid,Sunday,"3,200"
March 2019,27 Bryant,Grid,Sunday,"3,600"
April 2019,27 Bryant,Grid,Sunday,"3,900"
May 2019,27 Bryant,Grid,Sunday,"2,900"
June 2019,27 Bryant,Grid,Sunday,"3,000"
July 2019,27 Bryant,Grid,Sunday,"3,000"
August 2019,27 Bryant,Grid,Sunday,"2,700"
September 2019,27 Bryant,Grid,Sunday,"3,500"
October 2019,27 Bryant,Grid,Sunday,"3,200"
November 2019,27 Bryant,Grid,Sunday,"3,000"
December 2019,27 Bryant,Grid,Sunday,"2,600"
January 2020,27 Bryant,Grid,Sunday,"2,900"
February 2020,27 Bryant,Grid,Sunday,"2,600"
March 2020,27 Bryant,Grid,Sunday,"1,900"
April 2020,27 Bryant,Grid,Sunday,300
January 2021,27 Bryant,Grid,Sunday,100
February 2021,27 Bryant,Grid,Sunday,700
March 2021,27 Bryant,Grid,Sunday,800
April 2021,27 Bryant,Grid,Sunday,"1,100"
May 2021,27 Bryant,Grid,Sunday,"1,200"
June 2021,27 Bryant,Grid,Sunday,"1,500"
July 2021,27 Bryant,Grid,Sunday,"1,500"
August 2021,27 Bryant,Grid,Sunday,"1,600"
September 2021,27 Bryant,Grid,Sunday,"1,300"
October 2021,27 Bryant,Grid,Sunday,"1,500"
November 2021,27 Bryant,Grid,Sunday,"1,600"
December 2021,27 Bryant,Grid,Sunday,"1,600"
January 2022,27 Bryant,Grid,Sunday,"1,600"
February 2022,27 Bryant,Grid,Sunday,"1,700"
March 2022,27 Bryant,Grid,Sunday,"1,800"
April 2022,27 Bryant,Grid,Sunday,"2,000"
May 2022,27 Bryant,Grid,Sunday,"1,900"
June 2022,27 Bryant,Grid,Sunday,"1,800"
July 2022,27 Bryant,Grid,Sunday,"2,000"
August 2022,27 Bryant,Grid,Sunday,"2,500"
September 2022,27 Bryant,Grid,Sunday,"2,400"
October 2022,27 Bryant,Grid,Sunday,"2,600"
November 2022,27 Bryant,Grid,Sunday,"2,500"
December 2022,27 Bryant,Grid,Sunday,"2,400"
January 2023,27 Bryant,Grid,Sunday,"2,500"
February 2023,27 Bryant,Grid,Sunday,"2,700"
March 2023,27 Bryant,Grid,Sunday,"2,700"
April 2023,27 Bryant,Grid,Sunday,"2,800"
May 2023,27 Bryant,Grid,Sunday,"2,800"
June 2023,27 Bryant,Grid,Sunday,"2,800"
July 2023,27 Bryant,Grid,Sunday,"2,900"
August 2023,27 Bryant,Grid,Sunday,"3,200"
September 2023,27 Bryant,Grid,Sunday,"3,200"
October 2023,27 Bryant,Grid,Sunday,"3,400"
November 2023,27 Bryant,Grid,Sunday,"3,100"
December 2023,27 Bryant,Grid,Sunday,"3,200"
January 2024,27 Bryant,Grid,Sunday,"3,000"
February 2024,27 Bryant,Grid,Sunday,"3,100"
March 2024,27 Bryant,Grid,Sunday,"3,300"
April 2024,27 Bryant,Grid,Sunday,"3,600"
May 2024,27 Bryant,Grid,Sunday,"3,500"
June 2024,27 Bryant,Grid,Sunday,"3,600"
July 2024,27 Bryant,Grid,Sunday,"3,400"
August 2024,27 Bryant,Grid,Sunday,"3,700"
September 2024,27 Bryant,Grid,Sunday,"3,800"
October 2024,27 Bryant,Grid,Sunday,"3,800"
November 2024,27 Bryant,Grid,Sunday,"3,600"
December 2024,27 Bryant,Grid,Sunday,"3,600"
January 2025,27 Bryant,Grid,Sunday,"3,400"
February 2025,27 Bryant,Grid,Sunday,"3,600"
March 2025,27 Bryant,Grid,Sunday,"3,600"
April 2025,27 Bryant,Grid,Sunday,"3,700"
May 2025,27 Bryant,Grid,Sunday,"3,700"
June 2025,27 Bryant,Grid,Sunday,"3,700"
July 2025,27 Bryant,Grid,Sunday,"3,700"
August 2025,27 Bryant,Grid,Sunday,"4,000"
September 2025,27 Bryant,Grid,Sunday,"3,800"
October 2025,27 Bryant,Grid,Sunday,"3,900"
November 2025,27 Bryant,Grid,Sunday,"3,500"
December 2025,27 Bryant,Grid,Sunday,"3,600"
January 2026,27 Bryant,Grid,Sunday,"3,400"
February 2026,27 Bryant,Grid,Sunday,"3,700"
March 2026,27 Bryant,Grid,Sunday,"3,800"
April 2026,27 Bryant,Grid,Sunday,"3,600"
May 2026,27 Bryant,Grid,Sunday,"3,300"
June 2026,27 Bryant,Grid,Sunday,"3,500"
July 2026,27 Bryant,Grid,Sunday,"3,400"
August 2026,27 Bryant,Grid,Sunday,"3,800"
January 2019,28 19th Avenue,Frequent Local,Sunday,"6,200"
February 2019,28 19th Avenue,Frequent Local,Sunday,"8,700"
March 2019,28 19th Avenue,Frequent Local,Sunday,"9,400"
April 2019,28 19th Avenue,Frequent Local,Sunday,"10,000"
May 2019,28 19th Avenue,Frequent Local,Sunday,"8,500"
June 2019,28 19th Avenue,Frequent Local,Sunday,"8,900"
July 2019,28 19th Avenue,Frequent Local,Sunday,"9,500"
August 2019,28 19th Avenue,Frequent Local,Sunday,"10,700"
September 2019,28 19th Avenue,Frequent Local,Sunday,"10,100"
October 2019,28 19th Avenue,Frequent Local,Sunday,"9,500"
November 2019,28 19th Avenue,Frequent Local,Sunday,"7,900"
December 2019,28 19th Avenue,Frequent Local,Sunday,"7,000"
January 2020,28 19th Avenue,Frequent Local,Sunday,"7,500"
February 2020,28 19th Avenue,Frequent Local,Sunday,"8,900"
March 2020,28 19th Avenue,Frequent Local,Sunday,"4,100"
April 2020,28 19th Avenue,Frequent Local,Sunday,300
August 2020,28 19th Avenue,Frequent Local,Sunday,500
September 2020,28 19th Avenue,Frequent Local,Sunday,"1,500"
October 2020,28 19th Avenue,Frequent Local,Sunday,"1,800"
November 2020,28 19th Avenue,Frequent Local,Sunday,"1,700"
December 2020,28 19th Avenue,Frequent Local,Sunday,"1,400"
January 2021,28 19th Avenue,Frequent Local,Sunday,"1,600"
February 2021,28 19th Avenue,Frequent Local,Sunday,"2,000"
March 2021,28 19th Avenue,Frequent Local,Sunday,"1,900"
April 2021,28 19th Avenue,Frequent Local,Sunday,"1,800"
May 2021,28 19th Avenue,Frequent Local,Sunday,"2,300"
June 2021,28 19th Avenue,Frequent Local,Sunday,"2,200"
July 2021,28 19th Avenue,Frequent Local,Sunday,"2,900"
August 2021,28 19th Avenue,Frequent Local,Sunday,"3,300"
September 2021,28 19th Avenue,Frequent Local,Sunday,"4,000"
October 2021,28 19th Avenue,Frequent Local,Sunday,"3,600"
November 2021,28 19th Avenue,Frequent Local,Sunday,"3,700"
December 2021,28 19th Avenue,Frequent Local,Sunday,"3,300"
January 2022,28 19th Avenue,Frequent Local,Sunday,"3,200"
February 2022,28 19th Avenue,Frequent Local,Sunday,"3,500"
March 2022,28 19th Avenue,Frequent Local,Sunday,"4,300"
April 2022,28 19th Avenue,Frequent Local,Sunday,"4,800"
May 2022,28 19th Avenue,Frequent Local,Sunday,"5,200"
June 2022,28 19th Avenue,Frequent Local,Sunday,"5,600"
July 2022,28 19th Avenue,Frequent Local,Sunday,"7,400"
August 2022,28 19th Avenue,Frequent Local,Sunday,"9,300"
September 2022,28 19th Avenue,Frequent Local,Sunday,"8,000"
October 2022,28 19th Avenue,Frequent Local,Sunday,"7,700"
November 2022,28 19th Avenue,Frequent Local,Sunday,"6,600"
December 2022,28 19th Avenue,Frequent Local,Sunday,"5,900"
January 2023,28 19th Avenue,Frequent Local,Sunday,"6,200"
February 2023,28 19th Avenue,Frequent Local,Sunday,"6,700"
March 2023,28 19th Avenue,Frequent Local,Sunday,"6,800"
April 2023,28 19th Avenue,Frequent Local,Sunday,"8,400"
May 2023,28 19th Avenue,Frequent Local,Sunday,"7,900"
June 2023,28 19th Avenue,Frequent Local,Sunday,"8,500"
July 2023,28 19th Avenue,Frequent Local,Sunday,"10,100"
August 2023,28 19th Avenue,Frequent Local,Sunday,"11,700"
September 2023,28 19th Avenue,Frequent Local,Sunday,"10,000"
October 2023,28 19th Avenue,Frequent Local,Sunday,"9,100"
November 2023,28 19th Avenue,Frequent Local,Sunday,"7,500"
December 2023,28 19th Avenue,Frequent Local,Sunday,"7,500"
January 2024,28 19th Avenue,Frequent Local,Sunday,"8,300"
February 2024,28 19th Avenue,Frequent Local,Sunday,"8,000"
March 2024,28 19th Avenue,Frequent Local,Sunday,"9,500"
April 2024,28 19th Avenue,Frequent Local,Sunday,"9,700"
May 2024,28 19th Avenue,Frequent Local,Sunday,"10,400"
June 2024,28 19th Avenue,Frequent Local,Sunday,"10,700"
July 2024,28 19th Avenue,Frequent Local,Sunday,"11,500"
August 2024,28 19th Avenue,Frequent Local,Sunday,"12,800"
September 2024,28 19th Avenue,Frequent Local,Sunday,"11,400"
October 2024,28 19th Avenue,Frequent Local,Sunday,"9,500"
November 2024,28 19th Avenue,Frequent Local,Sunday,"8,700"
December 2024,28 19th Avenue,Frequent Local,Sunday,"8,400"
January 2025,28 19th Avenue,Frequent Local,Sunday,"8,400"
February 2025,28 19th Avenue,Frequent Local,Sunday,"9,400"
March 2025,28 19th Avenue,Frequent Local,Sunday,"9,200"
April 2025,28 19th Avenue,Frequent Local,Sunday,"10,200"
May 2025,28 19th Avenue,Frequent Local,Sunday,"9,600"
June 2025,28 19th Avenue,Frequent Local,Sunday,"10,700"
July 2025,28 19th Avenue,Frequent Local,Sunday,"11,400"
August 2025,28 19th Avenue,Frequent Local,Sunday,"12,200"
September 2025,28 19th Avenue,Frequent Local,Sunday,"10,800"
October 2025,28 19th Avenue,Frequent Local,Sunday,"9,500"
November 2025,28 19th Avenue,Frequent Local,Sunday,"8,700"
December 2025,28 19th Avenue,Frequent Local,Sunday,"8,700"
January 2026,28 19th Avenue,Frequent Local,Sunday,"8,100"
February 2026,28 19th Avenue,Frequent Local,Sunday,"9,400"
March 2026,28 19th Avenue,Frequent Local,Sunday,"10,400"
April 2026,28 19th Avenue,Frequent Local,Sunday,"9,000"
May 2026,28 19th Avenue,Frequent Local,Sunday,"10,300"
June 2026,28 19th Avenue,Frequent Local,Sunday,"11,100"
July 2026,28 19th Avenue,Frequent Local,Sunday,"11,300"
August 2026,28 19th Avenue,Frequent Local,Sunday,"11,500"
January 2019,28R 19th Avenue Rapid,Rapid Bus,Sunday,
February 2019,28R 19th Avenue Rapid,Rapid Bus,Sunday,
March 2019,28R 19th Avenue Rapid,Rapid Bus,Sunday,
April 2019,28R 19th Avenue Rapid,Rapid Bus,Sunday,
May 2019,28R 19th Avenue Rapid,Rapid Bus,Sunday,
June 2019,28R 19th Avenue Rapid,Rapid Bus,Sunday,
July 2019,28R 19th Avenue Rapid,Rapid Bus,Sunday,
August 2019,28R 19th Avenue Rapid,Rapid Bus,Sunday,
September 2019,28R 19th Avenue Rapid,Rapid Bus,Sunday,
October 2019,28R 19th Avenue Rapid,Rapid Bus,Sunday,
November 2019,28R 19th Avenue Rapid,Rapid Bus,Sunday,
December 2019,28R 19th Avenue Rapid,Rapid Bus,Sunday,
January 2020,28R 19th Avenue Rapid,Rapid Bus,Sunday,
February 2020,28R 19th Avenue Rapid,Rapid Bus,Sunday,
March 2020,28R 19th Avenue Rapid,Rapid Bus,Sunday,
January 2019,29 Sunset,Grid,Sunday,"6,500"
February 2019,29 Sunset,Grid,Sunday,"7,800"
March 2019,29 Sunset,Grid,Sunday,"8,400"
April 2019,29 Sunset,Grid,Sunday,"8,000"
May 2019,29 Sunset,Grid,Sunday,"7,900"
June 2019,29 Sunset,Grid,Sunday,"7,600"
July 2019,29 Sunset,Grid,Sunday,"8,500"
August 2019,29 Sunset,Grid,Sunday,"8,900"
September 2019,29 Sunset,Grid,Sunday,"8,500"
October 2019,29 Sunset,Grid,Sunday,"8,100"
November 2019,29 Sunset,Grid,Sunday,"7,900"
December 2019,29 Sunset,Grid,Sunday,"6,900"
January 2020,29 Sunset,Grid,Sunday,"7,900"
February 2020,29 Sunset,Grid,Sunday,"8,500"
March 2020,29 Sunset,Grid,Sunday,"4,100"
April 2020,29 Sunset,Grid,Sunday,"2,400"
May 2020,29 Sunset,Grid,Sunday,"2,900"
June 2020,29 Sunset,Grid,Sunday,"3,600"
July 2020,29 Sunset,Grid,Sunday,"3,800"
August 2020,29 Sunset,Grid,Sunday,"3,700"
September 2020,29 Sunset,Grid,Sunday,"4,300"
October 2020,29 Sunset,Grid,Sunday,"4,100"
November 2020,29 Sunset,Grid,Sunday,"4,000"
December 2020,29 Sunset,Grid,Sunday,"3,200"
January 2021,29 Sunset,Grid,Sunday,"3,500"
February 2021,29 Sunset,Grid,Sunday,"4,400"
March 2021,29 Sunset,Grid,Sunday,"4,100"
April 2021,29 Sunset,Grid,Sunday,"4,400"
May 2021,29 Sunset,Grid,Sunday,"4,800"
June 2021,29 Sunset,Grid,Sunday,"4,800"
July 2021,29 Sunset,Grid,Sunday,"5,200"
August 2021,29 Sunset,Grid,Sunday,"5,400"
September 2021,29 Sunset,Grid,Sunday,"5,200"
October 2021,29 Sunset,Grid,Sunday,"5,000"
November 2021,29 Sunset,Grid,Sunday,"5,300"
December 2021,29 Sunset,Grid,Sunday,"4,600"
January 2022,29 Sunset,Grid,Sunday,"5,200"
February 2022,29 Sunset,Grid,Sunday,"5,300"
March 2022,29 Sunset,Grid,Sunday,"5,800"
April 2022,29 Sunset,Grid,Sunday,"6,300"
May 2022,29 Sunset,Grid,Sunday,"6,100"
June 2022,29 Sunset,Grid,Sunday,"6,500"
July 2022,29 Sunset,Grid,Sunday,"6,000"
August 2022,29 Sunset,Grid,Sunday,"7,400"
September 2022,29 Sunset,Grid,Sunday,"7,300"
October 2022,29 Sunset,Grid,Sunday,"7,200"
November 2022,29 Sunset,Grid,Sunday,"6,500"
December 2022,29 Sunset,Grid,Sunday,"5,700"
January 2023,29 Sunset,Grid,Sunday,"6,400"
February 2023,29 Sunset,Grid,Sunday,"6,900"
March 2023,29 Sunset,Grid,Sunday,"6,500"
April 2023,29 Sunset,Grid,Sunday,"7,800"
May 2023,29 Sunset,Grid,Sunday,"7,500"
June 2023,29 Sunset,Grid,Sunday,"7,100"
July 2023,29 Sunset,Grid,Sunday,"7,600"
August 2023,29 Sunset,Grid,Sunday,"8,800"
September 2023,29 Sunset,Grid,Sunday,"8,100"
October 2023,29 Sunset,Grid,Sunday,"8,700"
November 2023,29 Sunset,Grid,Sunday,"7,100"
December 2023,29 Sunset,Grid,Sunday,"7,200"
January 2024,29 Sunset,Grid,Sunday,"7,500"
February 2024,29 Sunset,Grid,Sunday,"7,300"
March 2024,29 Sunset,Grid,Sunday,"7,900"
April 2024,29 Sunset,Grid,Sunday,"8,300"
May 2024,29 Sunset,Grid,Sunday,"8,200"
June 2024,29 Sunset,Grid,Sunday,"8,500"
July 2024,29 Sunset,Grid,Sunday,"8,100"
August 2024,29 Sunset,Grid,Sunday,"9,100"
September 2024,29 Sunset,Grid,Sunday,"8,800"
October 2024,29 Sunset,Grid,Sunday,"9,000"
November 2024,29 Sunset,Grid,Sunday,"7,800"
December 2024,29 Sunset,Grid,Sunday,"7,800"
January 2025,29 Sunset,Grid,Sunday,"7,700"
February 2025,29 Sunset,Grid,Sunday,"8,400"
March 2025,29 Sunset,Grid,Sunday,"8,100"
April 2025,29 Sunset,Grid,Sunday,"8,800"
May 2025,29 Sunset,Grid,Sunday,"8,600"
June 2025,29 Sunset,Grid,Sunday,"8,600"
July 2025,29 Sunset,Grid,Sunday,"8,200"
August 2025,29 Sunset,Grid,Sunday,"9,500"
September 2025,29 Sunset,Grid,Sunday,"9,100"
October 2025,29 Sunset,Grid,Sunday,"9,000"
November 2025,29 Sunset,Grid,Sunday,"7,600"
December 2025,29 Sunset,Grid,Sunday,"7,700"
January 2026,29 Sunset,Grid,Sunday,"7,300"
February 2026,29 Sunset,Grid,Sunday,"8,000"
March 2026,29 Sunset,Grid,Sunday,"9,000"
April 2026,29 Sunset,Grid,Sunday,"8,000"
May 2026,29 Sunset,Grid,Sunday,"8,800"
June 2026,29 Sunset,Grid,Sunday,"9,000"
July 2026,29 Sunset,Grid,Sunday,"8,300"
August 2026,29 Sunset,Grid,Sunday,"9,500"
January 2019,30 Stockton,Frequent Local,Sunday,"12,800"
February 2019,30 Stockton,Frequent Local,Sunday,"16,300"
March 2019,30 Stockton,Frequent Local,Sunday,"16,500"
April 2019,30 Stockton,Frequent Local,Sunday,"15,300"
May 2019,30 Stockton,Frequent Local,Sunday,"15,700"
June 2019,30 Stockton,Frequent Local,Sunday,"15,700"
July 2019,30 Stockton,Frequent Local,Sunday,"16,900"
August 2019,30 Stockton,Frequent Local,Sunday,"18,300"
September 2019,30 Stockton,Frequent Local,Sunday,"17,700"
October 2019,30 Stockton,Frequent Local,Sunday,"17,600"
November 2019,30 Stockton,Frequent Local,Sunday,"16,500"
December 2019,30 Stockton,Frequent Local,Sunday,"14,400"
January 2020,30 Stockton,Frequent Local,Sunday,"16,700"
February 2020,30 Stockton,Frequent Local,Sunday,"15,100"
March 2020,30 Stockton,Frequent Local,Sunday,"7,800"
April 2020,30 Stockton,Frequent Local,Sunday,800
June 2020,30 Stockton,Frequent Local,Sunday,"1,600"
July 2020,30 Stockton,Frequent Local,Sunday,"2,500"
August 2020,30 Stockton,Frequent Local,Sunday,"2,500"
September 2020,30 Stockton,Frequent Local,Sunday,"2,600"
October 2020,30 Stockton,Frequent Local,Sunday,"2,800"
November 2020,30 Stockton,Frequent Local,Sunday,"2,600"
December 2020,30 Stockton,Frequent Local,Sunday,"2,000"
January 2021,30 Stockton,Frequent Local,Sunday,"2,600"
February 2021,30 Stockton,Frequent Local,Sunday,"4,400"
March 2021,30 Stockton,Frequent Local,Sunday,"4,500"
April 2021,30 Stockton,Frequent Local,Sunday,"4,400"
May 2021,30 Stockton,Frequent Local,Sunday,"6,200"
June 2021,30 Stockton,Frequent Local,Sunday,"7,000"
July 2021,30 Stockton,Frequent Local,Sunday,"7,600"
August 2021,30 Stockton,Frequent Local,Sunday,"8,200"
September 2021,30 Stockton,Frequent Local,Sunday,"9,300"
October 2021,30 Stockton,Frequent Local,Sunday,"8,200"
November 2021,30 Stockton,Frequent Local,Sunday,"6,600"
December 2021,30 Stockton,Frequent Local,Sunday,"6,200"
January 2022,30 Stockton,Frequent Local,Sunday,"5,700"
February 2022,30 Stockton,Frequent Local,Sunday,"5,900"
March 2022,30 Stockton,Frequent Local,Sunday,"7,000"
April 2022,30 Stockton,Frequent Local,Sunday,"8,800"
May 2022,30 Stockton,Frequent Local,Sunday,"9,300"
June 2022,30 Stockton,Frequent Local,Sunday,"9,600"
July 2022,30 Stockton,Frequent Local,Sunday,"10,200"
August 2022,30 Stockton,Frequent Local,Sunday,"10,700"
September 2022,30 Stockton,Frequent Local,Sunday,"10,000"
October 2022,30 Stockton,Frequent Local,Sunday,"10,300"
November 2022,30 Stockton,Frequent Local,Sunday,"10,000"
December 2022,30 Stockton,Frequent Local,Sunday,"8,300"
January 2023,30 Stockton,Frequent Local,Sunday,"9,400"
February 2023,30 Stockton,Frequent Local,Sunday,"9,400"
March 2023,30 Stockton,Frequent Local,Sunday,"8,900"
April 2023,30 Stockton,Frequent Local,Sunday,"10,500"
May 2023,30 Stockton,Frequent Local,Sunday,"10,500"
June 2023,30 Stockton,Frequent Local,Sunday,"10,300"
July 2023,30 Stockton,Frequent Local,Sunday,"11,900"
August 2023,30 Stockton,Frequent Local,Sunday,"12,300"
September 2023,30 Stockton,Frequent Local,Sunday,"11,700"
October 2023,30 Stockton,Frequent Local,Sunday,"10,800"
November 2023,30 Stockton,Frequent Local,Sunday,"9,000"
December 2023,30 Stockton,Frequent Local,Sunday,"9,900"
January 2024,30 Stockton,Frequent Local,Sunday,"10,300"
February 2024,30 Stockton,Frequent Local,Sunday,"9,800"
March 2024,30 Stockton,Frequent Local,Sunday,"10,800"
April 2024,30 Stockton,Frequent Local,Sunday,"11,500"
May 2024,30 Stockton,Frequent Local,Sunday,"11,500"
June 2024,30 Stockton,Frequent Local,Sunday,"12,200"
July 2024,30 Stockton,Frequent Local,Sunday,"11,800"
August 2024,30 Stockton,Frequent Local,Sunday,"12,400"
September 2024,30 Stockton,Frequent Local,Sunday,"12,800"
October 2024,30 Stockton,Frequent Local,Sunday,"12,300"
November 2024,30 Stockton,Frequent Local,Sunday,"10,800"
December 2024,30 Stockton,Frequent Local,Sunday,"11,000"
January 2025,30 Stockton,Frequent Local,Sunday,"11,000"
February 2025,30 Stockton,Frequent Local,Sunday,"8,600"
March 2025,30 Stockton,Frequent Local,Sunday,"9,600"
April 2025,30 Stockton,Frequent Local,Sunday,"10,800"
May 2025,30 Stockton,Frequent Local,Sunday,"10,600"
June 2025,30 Stockton,Frequent Local,Sunday,"11,300"
July 2025,30 Stockton,Frequent Local,Sunday,"11,000"
August 2025,30 Stockton,Frequent Local,Sunday,"12,100"
September 2025,30 Stockton,Frequent Local,Sunday,"11,100"
October 2025,30 Stockton,Frequent Local,Sunday,"10,800"
November 2025,30 Stockton,Frequent Local,Sunday,"9,600"
December 2025,30 Stockton,Frequent Local,Sunday,"10,000"
January 2026,30 Stockton,Frequent Local,Sunday,"9,000"
February 2026,30 Stockton,Frequent Local,Sunday,"9,300"
March 2026,30 Stockton,Frequent Local,Sunday,"10,600"
April 2026,30 Stockton,Frequent Local,Sunday,"10,100"
May 2026,30 Stockton,Frequent Local,Sunday,"10,500"
June 2026,30 Stockton,Frequent Local,Sunday,"11,000"
July 2026,30 Stockton,Frequent Local,Sunday,"11,400"
August 2026,30 Stockton,Frequent Local,Sunday,"11,900"
January 2019,30X Marina Express,Specialized,Sunday,
February 2019,30X Marina Express,Specialized,Sunday,
March 2019,30X Marina Express,Specialized,Sunday,
April 2019,30X Marina Express,Specialized,Sunday,
May 2019,30X Marina Express,Specialized,Sunday,
June 2019,30X Marina Express,Specialized,Sunday,
July 2019,30X Marina Express,Specialized,Sunday,
August 2019,30X Marina Express,Specialized,Sunday,
September 2019,30X Marina Express,Specialized,Sunday,
October 2019,30X Marina Express,Specialized,Sunday,
November 2019,30X Marina Express,Specialized,Sunday,
December 2019,30X Marina Express,Specialized,Sunday,
January 2020,30X Marina Express,Specialized,Sunday,
February 2020,30X Marina Express,Specialized,Sunday,
March 2020,30X Marina Express,Specialized,Sunday,
January 2019,31 Balboa,Grid,Sunday,"4,400"
February 2019,31 Balboa,Grid,Sunday,"5,200"
March 2019,31 Balboa,Grid,Sunday,"5,700"
April 2019,31 Balboa,Grid,Sunday,"5,200"
May 2019,31 Balboa,Grid,Sunday,"5,100"
June 2019,31 Balboa,Grid,Sunday,"4,500"
July 2019,31 Balboa,Grid,Sunday,"5,100"
August 2019,31 Balboa,Grid,Sunday,"4,600"
September 2019,31 Balboa,Grid,Sunday,"5,900"
October 2019,31 Balboa,Grid,Sunday,"5,600"
November 2019,31 Balboa,Grid,Sunday,"5,100"
December 2019,31 Balboa,Grid,Sunday,"4,400"
January 2020,31 Balboa,Grid,Sunday,"5,000"
February 2020,31 Balboa,Grid,Sunday,"6,000"
March 2020,31 Balboa,Grid,Sunday,"2,700"
April 2020,31 Balboa,Grid,Sunday,300
August 2021,31 Balboa,Grid,Sunday,"1,000"
September 2021,31 Balboa,Grid,Sunday,"1,700"
October 2021,31 Balboa,Grid,Sunday,"1,600"
November 2021,31 Balboa,Grid,Sunday,"1,700"
December 2021,31 Balboa,Grid,Sunday,"1,300"
January 2022,31 Balboa,Grid,Sunday,"1,400"
February 2022,31 Balboa,Grid,Sunday,"2,000"
March 2022,31 Balboa,Grid,Sunday,"1,900"
April 2022,31 Balboa,Grid,Sunday,"2,200"
May 2022,31 Balboa,Grid,Sunday,"2,300"
June 2022,31 Balboa,Grid,Sunday,"2,200"
July 2022,31 Balboa,Grid,Sunday,"2,100"
August 2022,31 Balboa,Grid,Sunday,"2,600"
September 2022,31 Balboa,Grid,Sunday,"2,800"
October 2022,31 Balboa,Grid,Sunday,"2,600"
November 2022,31 Balboa,Grid,Sunday,"2,400"
December 2022,31 Balboa,Grid,Sunday,"2,100"
January 2023,31 Balboa,Grid,Sunday,"2,200"
February 2023,31 Balboa,Grid,Sunday,"2,500"
March 2023,31 Balboa,Grid,Sunday,"2,400"
April 2023,31 Balboa,Grid,Sunday,"2,700"
May 2023,31 Balboa,Grid,Sunday,"2,700"
June 2023,31 Balboa,Grid,Sunday,"2,400"
July 2023,31 Balboa,Grid,Sunday,"2,500"
August 2023,31 Balboa,Grid,Sunday,"3,100"
September 2023,31 Balboa,Grid,Sunday,"3,100"
October 2023,31 Balboa,Grid,Sunday,"3,200"
November 2023,31 Balboa,Grid,Sunday,"2,700"
December 2023,31 Balboa,Grid,Sunday,"2,400"
January 2024,31 Balboa,Grid,Sunday,"2,600"
February 2024,31 Balboa,Grid,Sunday,"2,700"
March 2024,31 Balboa,Grid,Sunday,"2,900"
April 2024,31 Balboa,Grid,Sunday,"3,100"
May 2024,31 Balboa,Grid,Sunday,"3,000"
June 2024,31 Balboa,Grid,Sunday,"2,900"
July 2024,31 Balboa,Grid,Sunday,"2,600"
August 2024,31 Balboa,Grid,Sunday,"3,200"
September 2024,31 Balboa,Grid,Sunday,"3,200"
October 2024,31 Balboa,Grid,Sunday,"3,300"
November 2024,31 Balboa,Grid,Sunday,"2,900"
December 2024,31 Balboa,Grid,Sunday,"2,700"
January 2025,31 Balboa,Grid,Sunday,"2,700"
February 2025,31 Balboa,Grid,Sunday,"2,900"
March 2025,31 Balboa,Grid,Sunday,"2,800"
April 2025,31 Balboa,Grid,Sunday,"3,100"
May 2025,31 Balboa,Grid,Sunday,"3,000"
June 2025,31 Balboa,Grid,Sunday,"2,700"
July 2025,31 Balboa,Grid,Sunday,"2,600"
August 2025,31 Balboa,Grid,Sunday,"3,300"
September 2025,31 Balboa,Grid,Sunday,"3,100"
October 2025,31 Balboa,Grid,Sunday,"3,200"
November 2025,31 Balboa,Grid,Sunday,"2,700"
December 2025,31 Balboa,Grid,Sunday,"2,500"
January 2026,31 Balboa,Grid,Sunday,"2,400"
February 2026,31 Balboa,Grid,Sunday,"2,700"
March 2026,31 Balboa,Grid,Sunday,"2,800"
April 2026,31 Balboa,Grid,Sunday,"2,600"
May 2026,31 Balboa,Grid,Sunday,"2,800"
June 2026,31 Balboa,Grid,Sunday,"2,600"
July 2026,31 Balboa,Grid,Sunday,"2,500"
August 2026,31 Balboa,Grid,Sunday,"3,000"
January 2019,31AX Balboa A Express,Specialized,Sunday,
February 2019,31AX Balboa A Express,Specialized,Sunday,
March 2019,31AX Balboa A Express,Specialized,Sunday,
April 2019,31AX Balboa A Express,Specialized,Sunday,
May 2019,31AX Balboa A Express,Specialized,Sunday,
June 2019,31AX Balboa A Express,Specialized,Sunday,
July 2019,31AX Balboa A Express,Specialized,Sunday,
August 2019,31AX Balboa A Express,Specialized,Sunday,
September 2019,31AX Balboa A Express,Specialized,Sunday,
October 2019,31AX Balboa A Express,Specialized,Sunday,
November 2019,31AX Balboa A Express,Specialized,Sunday,
December 2019,31AX Balboa A Express,Specialized,Sunday,
January 2020,31AX Balboa A Express,Specialized,Sunday,
February 2020,31AX Balboa A Express,Specialized,Sunday,
March 2020,31AX Balboa A Express,Specialized,Sunday,
January 2019,31BX Balboa B Express,Specialized,Sunday,
February 2019,31BX Balboa B Express,Specialized,Sunday,
March 2019,31BX Balboa B Express,Specialized,Sunday,
April 2019,31BX Balboa B Express,Specialized,Sunday,
May 2019,31BX Balboa B Express,Specialized,Sunday,
June 2019,31BX Balboa B Express,Specialized,Sunday,
July 2019,31BX Balboa B Express,Specialized,Sunday,
August 2019,31BX Balboa B Express,Specialized,Sunday,
September 2019,31BX Balboa B Express,Specialized,Sunday,
October 2019,31BX Balboa B Express,Specialized,Sunday,
November 2019,31BX Balboa B Express,Specialized,Sunday,
December 2019,31BX Balboa B Express,Specialized,Sunday,
January 2020,31BX Balboa B Express,Specialized,Sunday,
February 2020,31BX Balboa B Express,Specialized,Sunday,
March 2020,31BX Balboa B Express,Specialized,Sunday,
January 2019,33 Ashbury/18th,Grid,Sunday,"2,800"
February 2019,33 Ashbury/18th,Grid,Sunday,"3,300"
March 2019,33 Ashbury/18th,Grid,Sunday,"3,100"
April 2019,33 Ashbury/18th,Grid,Sunday,"3,100"
May 2019,33 Ashbury/18th,Grid,Sunday,"3,300"
June 2019,33 Ashbury/18th,Grid,Sunday,"3,600"
July 2019,33 Ashbury/18th,Grid,Sunday,"3,400"
August 2019,33 Ashbury/18th,Grid,Sunday,"3,500"
September 2019,33 Ashbury/18th,Grid,Sunday,"3,600"
October 2019,33 Ashbury/18th,Grid,Sunday,"3,900"
November 2019,33 Ashbury/18th,Grid,Sunday,"2,700"
December 2019,33 Ashbury/18th,Grid,Sunday,"2,600"
January 2020,33 Ashbury/18th,Grid,Sunday,"3,900"
February 2020,33 Ashbury/18th,Grid,Sunday,"4,500"
March 2020,33 Ashbury/18th,Grid,Sunday,"2,400"
April 2020,33 Ashbury/18th,Grid,Sunday,
January 2021,33 Ashbury/18th,Grid,Sunday,200
February 2021,33 Ashbury/18th,Grid,Sunday,"1,000"
March 2021,33 Ashbury/18th,Grid,Sunday,"1,100"
April 2021,33 Ashbury/18th,Grid,Sunday,"1,100"
May 2021,33 Ashbury/18th,Grid,Sunday,"1,400"
June 2021,33 Ashbury/18th,Grid,Sunday,"1,500"
July 2021,33 Ashbury/18th,Grid,Sunday,"1,800"
August 2021,33 Ashbury/18th,Grid,Sunday,"1,900"
September 2021,33 Ashbury/18th,Grid,Sunday,"2,000"
October 2021,33 Ashbury/18th,Grid,Sunday,"2,000"
November 2021,33 Ashbury/18th,Grid,Sunday,"1,900"
December 2021,33 Ashbury/18th,Grid,Sunday,"1,500"
January 2022,33 Ashbury/18th,Grid,Sunday,"1,800"
February 2022,33 Ashbury/18th,Grid,Sunday,"2,200"
March 2022,33 Ashbury/18th,Grid,Sunday,"2,300"
April 2022,33 Ashbury/18th,Grid,Sunday,"2,600"
May 2022,33 Ashbury/18th,Grid,Sunday,"2,500"
June 2022,33 Ashbury/18th,Grid,Sunday,"2,900"
July 2022,33 Ashbury/18th,Grid,Sunday,"2,500"
August 2022,33 Ashbury/18th,Grid,Sunday,"2,900"
September 2022,33 Ashbury/18th,Grid,Sunday,"2,900"
October 2022,33 Ashbury/18th,Grid,Sunday,"3,100"
November 2022,33 Ashbury/18th,Grid,Sunday,"2,500"
December 2022,33 Ashbury/18th,Grid,Sunday,"2,300"
January 2023,33 Ashbury/18th,Grid,Sunday,"2,600"
February 2023,33 Ashbury/18th,Grid,Sunday,"2,700"
March 2023,33 Ashbury/18th,Grid,Sunday,"2,700"
April 2023,33 Ashbury/18th,Grid,Sunday,"3,200"
May 2023,33 Ashbury/18th,Grid,Sunday,"2,900"
June 2023,33 Ashbury/18th,Grid,Sunday,"3,300"
July 2023,33 Ashbury/18th,Grid,Sunday,"3,200"
August 2023,33 Ashbury/18th,Grid,Sunday,"3,600"
September 2023,33 Ashbury/18th,Grid,Sunday,"3,600"
October 2023,33 Ashbury/18th,Grid,Sunday,"3,500"
November 2023,33 Ashbury/18th,Grid,Sunday,"2,900"
December 2023,33 Ashbury/18th,Grid,Sunday,"2,900"
January 2024,33 Ashbury/18th,Grid,Sunday,"3,000"
February 2024,33 Ashbury/18th,Grid,Sunday,"3,100"
March 2024,33 Ashbury/18th,Grid,Sunday,"3,700"
April 2024,33 Ashbury/18th,Grid,Sunday,"3,500"
May 2024,33 Ashbury/18th,Grid,Sunday,"3,600"
June 2024,33 Ashbury/18th,Grid,Sunday,"3,700"
July 2024,33 Ashbury/18th,Grid,Sunday,"3,400"
August 2024,33 Ashbury/18th,Grid,Sunday,"3,700"
September 2024,33 Ashbury/18th,Grid,Sunday,"3,700"
October 2024,33 Ashbury/18th,Grid,Sunday,"3,700"
November 2024,33 Ashbury/18th,Grid,Sunday,"3,100"
December 2024,33 Ashbury/18th,Grid,Sunday,"3,000"
January 2025,33 Ashbury/18th,Grid,Sunday,"3,100"
February 2025,33 Ashbury/18th,Grid,Sunday,"3,300"
March 2025,33 Ashbury/18th,Grid,Sunday,"3,500"
April 2025,33 Ashbury/18th,Grid,Sunday,"4,000"
May 2025,33 Ashbury/18th,Grid,Sunday,"3,400"
June 2025,33 Ashbury/18th,Grid,Sunday,"3,800"
July 2025,33 Ashbury/18th,Grid,Sunday,"3,400"
August 2025,33 Ashbury/18th,Grid,Sunday,"3,800"
September 2025,33 Ashbury/18th,Grid,Sunday,"3,800"
October 2025,33 Ashbury/18th,Grid,Sunday,"3,600"
November 2025,33 Ashbury/18th,Grid,Sunday,"3,200"
December 2025,33 Ashbury/18th,Grid,Sunday,"3,100"
January 2026,33 Ashbury/18th,Grid,Sunday,"2,900"
February 2026,33 Ashbury/18th,Grid,Sunday,"3,100"
March 2026,33 Ashbury/18th,Grid,Sunday,"3,700"
April 2026,33 Ashbury/18th,Grid,Sunday,"3,400"
May 2026,33 Ashbury/18th,Grid,Sunday,"3,400"
June 2026,33 Ashbury/18th,Grid,Sunday,"3,700"
July 2026,33 Ashbury/18th,Grid,Sunday,"3,300"
August 2026,33 Ashbury/18th,Grid,Sunday,"3,700"
January 2019,35 Eureka,Connector,Sunday,400
February 2019,35 Eureka,Connector,Sunday,400
March 2019,35 Eureka,Connector,Sunday,400
April 2019,35 Eureka,Connector,Sunday,500
May 2019,35 Eureka,Connector,Sunday,500
June 2019,35 Eureka,Connector,Sunday,600
July 2019,35 Eureka,Connector,Sunday,500
August 2019,35 Eureka,Connector,Sunday,500
September 2019,35 Eureka,Connector,Sunday,500
October 2019,35 Eureka,Connector,Sunday,500
November 2019,35 Eureka,Connector,Sunday,400
December 2019,35 Eureka,Connector,Sunday,400
January 2020,35 Eureka,Connector,Sunday,400
February 2020,35 Eureka,Connector,Sunday,400
March 2020,35 Eureka,Connector,Sunday,600
October 2022,35 Eureka,Connector,Sunday,100
November 2022,35 Eureka,Connector,Sunday,100
December 2022,35 Eureka,Connector,Sunday,100
January 2023,35 Eureka,Connector,Sunday,200
February 2023,35 Eureka,Connector,Sunday,200
March 2023,35 Eureka,Connector,Sunday,200
April 2023,35 Eureka,Connector,Sunday,200
May 2023,35 Eureka,Connector,Sunday,200
June 2023,35 Eureka,Connector,Sunday,300
July 2023,35 Eureka,Connector,Sunday,200
August 2023,35 Eureka,Connector,Sunday,100
September 2023,35 Eureka,Connector,Sunday,200
October 2023,35 Eureka,Connector,Sunday,100
November 2023,35 Eureka,Connector,Sunday,
December 2023,35 Eureka,Connector,Sunday,100
January 2024,35 Eureka,Connector,Sunday,100
February 2024,35 Eureka,Connector,Sunday,
June 2024,35 Eureka,Connector,Sunday,300
July 2024,35 Eureka,Connector,Sunday,100
September 2024,35 Eureka,Connector,Sunday,200
October 2024,35 Eureka,Connector,Sunday,300
November 2024,35 Eureka,Connector,Sunday,200
December 2024,35 Eureka,Connector,Sunday,200
January 2025,35 Eureka,Connector,Sunday,300
February 2025,35 Eureka,Connector,Sunday,200
March 2025,35 Eureka,Connector,Sunday,200
April 2025,35 Eureka,Connector,Sunday,200
May 2025,35 Eureka,Connector,Sunday,200
June 2025,35 Eureka,Connector,Sunday,300
July 2025,35 Eureka,Connector,Sunday,300
August 2025,35 Eureka,Connector,Sunday,300
September 2025,35 Eureka,Connector,Sunday,300
October 2025,35 Eureka,Connector,Sunday,300
November 2025,35 Eureka,Connector,Sunday,300
December 2025,35 Eureka,Connector,Sunday,300
January 2026,35 Eureka,Connector,Sunday,200
February 2026,35 Eureka,Connector,Sunday,300
March 2026,35 Eureka,Connector,Sunday,300
April 2026,35 Eureka,Connector,Sunday,300
May 2026,35 Eureka,Connector,Sunday,300
June 2026,35 Eureka,Connector,Sunday,300
July 2026,35 Eureka,Connector,Sunday,300
August 2026,35 Eureka,Connector,Sunday,300
January 2019,36 Teresita,Connector,Sunday,500
February 2019,36 Teresita,Connector,Sunday,500
March 2019,36 Teresita,Connector,Sunday,700
April 2019,36 Teresita,Connector,Sunday,500
May 2019,36 Teresita,Connector,Sunday,600
June 2019,36 Teresita,Connector,Sunday,600
July 2019,36 Teresita,Connector,Sunday,600
August 2019,36 Teresita,Connector,Sunday,600
September 2019,36 Teresita,Connector,Sunday,700
October 2019,36 Teresita,Connector,Sunday,700
November 2019,36 Teresita,Connector,Sunday,600
December 2019,36 Teresita,Connector,Sunday,700
January 2020,36 Teresita,Connector,Sunday,600
February 2020,36 Teresita,Connector,Sunday,600
March 2020,36 Teresita,Connector,Sunday,400
October 2022,36 Teresita,Connector,Sunday,100
November 2022,36 Teresita,Connector,Sunday,200
December 2022,36 Teresita,Connector,Sunday,200
January 2023,36 Teresita,Connector,Sunday,300
February 2023,36 Teresita,Connector,Sunday,300
March 2023,36 Teresita,Connector,Sunday,200
April 2023,36 Teresita,Connector,Sunday,400
May 2023,36 Teresita,Connector,Sunday,300
June 2023,36 Teresita,Connector,Sunday,300
July 2023,36 Teresita,Connector,Sunday,300
August 2023,36 Teresita,Connector,Sunday,400
September 2023,36 Teresita,Connector,Sunday,400
October 2023,36 Teresita,Connector,Sunday,300
November 2023,36 Teresita,Connector,Sunday,300
December 2023,36 Teresita,Connector,Sunday,300
January 2024,36 Teresita,Connector,Sunday,300
February 2024,36 Teresita,Connector,Sunday,200
March 2024,36 Teresita,Connector,Sunday,200
April 2024,36 Teresita,Connector,Sunday,400
May 2024,36 Teresita,Connector,Sunday,400
June 2024,36 Teresita,Connector,Sunday,400
July 2024,36 Teresita,Connector,Sunday,300
August 2024,36 Teresita,Connector,Sunday,400
September 2024,36 Teresita,Connector,Sunday,400
October 2024,36 Teresita,Connector,Sunday,300
November 2024,36 Teresita,Connector,Sunday,400
December 2024,36 Teresita,Connector,Sunday,300
January 2025,36 Teresita,Connector,Sunday,300
February 2025,36 Teresita,Connector,Sunday,400
March 2025,36 Teresita,Connector,Sunday,300
April 2025,36 Teresita,Connector,Sunday,400
May 2025,36 Teresita,Connector,Sunday,400
June 2025,36 Teresita,Connector,Sunday,400
July 2025,36 Teresita,Connector,Sunday,400
August 2025,36 Teresita,Connector,Sunday,400
September 2025,36 Teresita,Connector,Sunday,400
October 2025,36 Teresita,Connector,Sunday,400
November 2025,36 Teresita,Connector,Sunday,400
December 2025,36 Teresita,Connector,Sunday,400
January 2026,36 Teresita,Connector,Sunday,400
February 2026,36 Teresita,Connector,Sunday,400
March 2026,36 Teresita,Connector,Sunday,400
April 2026,36 Teresita,Connector,Sunday,400
May 2026,36 Teresita,Connector,Sunday,400
June 2026,36 Teresita,Connector,Sunday,500
July 2026,36 Teresita,Connector,Sunday,400
August 2026,36 Teresita,Connector,Sunday,400
January 2019,37 Corbett,Connector,Sunday,800
February 2019,37 Corbett,Connector,Sunday,700
March 2019,37 Corbett,Connector,Sunday,800
April 2019,37 Corbett,Connector,Sunday,900
May 2019,37 Corbett,Connector,Sunday,800
June 2019,37 Corbett,Connector,Sunday,900
July 2019,37 Corbett,Connector,Sunday,800
August 2019,37 Corbett,Connector,Sunday,800
September 2019,37 Corbett,Connector,Sunday,900
October 2019,37 Corbett,Connector,Sunday,"1,000"
November 2019,37 Corbett,Connector,Sunday,800
December 2019,37 Corbett,Connector,Sunday,700
January 2020,37 Corbett,Connector,Sunday,800
February 2020,37 Corbett,Connector,Sunday,700
March 2020,37 Corbett,Connector,Sunday,600
August 2020,37 Corbett,Connector,Sunday,100
November 2022,37 Corbett,Connector,Sunday,400
December 2022,37 Corbett,Connector,Sunday,400
January 2023,37 Corbett,Connector,Sunday,400
February 2023,37 Corbett,Connector,Sunday,300
March 2023,37 Corbett,Connector,Sunday,500
April 2023,37 Corbett,Connector,Sunday,500
May 2023,37 Corbett,Connector,Sunday,500
June 2023,37 Corbett,Connector,Sunday,600
July 2023,37 Corbett,Connector,Sunday,600
August 2023,37 Corbett,Connector,Sunday,500
September 2023,37 Corbett,Connector,Sunday,600
October 2023,37 Corbett,Connector,Sunday,400
November 2023,37 Corbett,Connector,Sunday,100
January 2024,37 Corbett,Connector,Sunday,100
February 2024,37 Corbett,Connector,Sunday,500
March 2024,37 Corbett,Connector,Sunday,500
April 2024,37 Corbett,Connector,Sunday,600
May 2024,37 Corbett,Connector,Sunday,700
June 2024,37 Corbett,Connector,Sunday,700
July 2024,37 Corbett,Connector,Sunday,500
August 2024,37 Corbett,Connector,Sunday,500
September 2024,37 Corbett,Connector,Sunday,300
October 2024,37 Corbett,Connector,Sunday,400
November 2024,37 Corbett,Connector,Sunday,500
December 2024,37 Corbett,Connector,Sunday,400
January 2025,37 Corbett,Connector,Sunday,500
February 2025,37 Corbett,Connector,Sunday,300
March 2025,37 Corbett,Connector,Sunday,500
April 2025,37 Corbett,Connector,Sunday,400
May 2025,37 Corbett,Connector,Sunday,600
June 2025,37 Corbett,Connector,Sunday,600
July 2025,37 Corbett,Connector,Sunday,600
August 2025,37 Corbett,Connector,Sunday,700
September 2025,37 Corbett,Connector,Sunday,600
October 2025,37 Corbett,Connector,Sunday,600
November 2025,37 Corbett,Connector,Sunday,500
December 2025,37 Corbett,Connector,Sunday,500
January 2026,37 Corbett,Connector,Sunday,500
February 2026,37 Corbett,Connector,Sunday,600
March 2026,37 Corbett,Connector,Sunday,700
April 2026,37 Corbett,Connector,Sunday,600
May 2026,37 Corbett,Connector,Sunday,700
June 2026,37 Corbett,Connector,Sunday,800
July 2026,37 Corbett,Connector,Sunday,700
August 2026,37 Corbett,Connector,Sunday,700
January 2019,38 Geary,Frequent Local,Sunday,"14,500"
February 2019,38 Geary,Frequent Local,Sunday,"15,700"
March 2019,38 Geary,Frequent Local,Sunday,"16,600"
April 2019,38 Geary,Frequent Local,Sunday,"18,500"
May 2019,38 Geary,Frequent Local,Sunday,"17,000"
June 2019,38 Geary,Frequent Local,Sunday,"17,300"
July 2019,38 Geary,Frequent Local,Sunday,"17,300"
August 2019,38 Geary,Frequent Local,Sunday,"18,300"
September 2019,38 Geary,Frequent Local,Sunday,"18,800"
October 2019,38 Geary,Frequent Local,Sunday,"18,200"
November 2019,38 Geary,Frequent Local,Sunday,"17,200"
December 2019,38 Geary,Frequent Local,Sunday,"15,900"
January 2020,38 Geary,Frequent Local,Sunday,"17,700"
February 2020,38 Geary,Frequent Local,Sunday,"18,000"
March 2020,38 Geary,Frequent Local,Sunday,"11,000"
April 2020,38 Geary,Frequent Local,Sunday,"5,700"
May 2020,38 Geary,Frequent Local,Sunday,"5,800"
June 2020,38 Geary,Frequent Local,Sunday,"6,900"
July 2020,38 Geary,Frequent Local,Sunday,"7,400"
August 2020,38 Geary,Frequent Local,Sunday,"7,200"
September 2020,38 Geary,Frequent Local,Sunday,"7,200"
October 2020,38 Geary,Frequent Local,Sunday,"7,400"
November 2020,38 Geary,Frequent Local,Sunday,"7,300"
December 2020,38 Geary,Frequent Local,Sunday,"6,100"
January 2021,38 Geary,Frequent Local,Sunday,"6,800"
February 2021,38 Geary,Frequent Local,Sunday,"7,000"
March 2021,38 Geary,Frequent Local,Sunday,"7,500"
April 2021,38 Geary,Frequent Local,Sunday,"7,300"
May 2021,38 Geary,Frequent Local,Sunday,"8,600"
June 2021,38 Geary,Frequent Local,Sunday,"8,600"
July 2021,38 Geary,Frequent Local,Sunday,"9,300"
August 2021,38 Geary,Frequent Local,Sunday,"9,100"
September 2021,38 Geary,Frequent Local,Sunday,"9,400"
October 2021,38 Geary,Frequent Local,Sunday,"9,500"
November 2021,38 Geary,Frequent Local,Sunday,"9,200"
December 2021,38 Geary,Frequent Local,Sunday,"8,500"
January 2022,38 Geary,Frequent Local,Sunday,"9,400"
February 2022,38 Geary,Frequent Local,Sunday,"8,600"
March 2022,38 Geary,Frequent Local,Sunday,"9,300"
April 2022,38 Geary,Frequent Local,Sunday,"11,200"
May 2022,38 Geary,Frequent Local,Sunday,"10,600"
June 2022,38 Geary,Frequent Local,Sunday,"10,900"
July 2022,38 Geary,Frequent Local,Sunday,"10,800"
August 2022,38 Geary,Frequent Local,Sunday,"11,800"
September 2022,38 Geary,Frequent Local,Sunday,"11,400"
October 2022,38 Geary,Frequent Local,Sunday,"11,600"
November 2022,38 Geary,Frequent Local,Sunday,"11,000"
December 2022,38 Geary,Frequent Local,Sunday,"10,700"
January 2023,38 Geary,Frequent Local,Sunday,"11,500"
February 2023,38 Geary,Frequent Local,Sunday,"11,400"
March 2023,38 Geary,Frequent Local,Sunday,"11,100"
April 2023,38 Geary,Frequent Local,Sunday,"13,500"
May 2023,38 Geary,Frequent Local,Sunday,"12,800"
June 2023,38 Geary,Frequent Local,Sunday,"11,700"
July 2023,38 Geary,Frequent Local,Sunday,"12,400"
August 2023,38 Geary,Frequent Local,Sunday,"13,600"
September 2023,38 Geary,Frequent Local,Sunday,"12,800"
October 2023,38 Geary,Frequent Local,Sunday,"12,700"
November 2023,38 Geary,Frequent Local,Sunday,"11,500"
December 2023,38 Geary,Frequent Local,Sunday,"12,000"
January 2024,38 Geary,Frequent Local,Sunday,"11,800"
February 2024,38 Geary,Frequent Local,Sunday,"11,600"
March 2024,38 Geary,Frequent Local,Sunday,"12,700"
April 2024,38 Geary,Frequent Local,Sunday,"14,400"
May 2024,38 Geary,Frequent Local,Sunday,"13,200"
June 2024,38 Geary,Frequent Local,Sunday,"13,100"
July 2024,38 Geary,Frequent Local,Sunday,"12,900"
August 2024,38 Geary,Frequent Local,Sunday,"13,500"
September 2024,38 Geary,Frequent Local,Sunday,"14,100"
October 2024,38 Geary,Frequent Local,Sunday,"13,800"
November 2024,38 Geary,Frequent Local,Sunday,"11,900"
December 2024,38 Geary,Frequent Local,Sunday,"12,700"
January 2025,38 Geary,Frequent Local,Sunday,"12,500"
February 2025,38 Geary,Frequent Local,Sunday,"12,800"
March 2025,38 Geary,Frequent Local,Sunday,"12,400"
April 2025,38 Geary,Frequent Local,Sunday,"14,600"
May 2025,38 Geary,Frequent Local,Sunday,"13,600"
June 2025,38 Geary,Frequent Local,Sunday,"13,500"
July 2025,38 Geary,Frequent Local,Sunday,"13,400"
August 2025,38 Geary,Frequent Local,Sunday,"14,100"
September 2025,38 Geary,Frequent Local,Sunday,"13,700"
October 2025,38 Geary,Frequent Local,Sunday,"13,500"
November 2025,38 Geary,Frequent Local,Sunday,"12,700"
December 2025,38 Geary,Frequent Local,Sunday,"13,000"
January 2026,38 Geary,Frequent Local,Sunday,"11,700"
February 2026,38 Geary,Frequent Local,Sunday,"12,400"
March 2026,38 Geary,Frequent Local,Sunday,"13,600"
April 2026,38 Geary,Frequent Local,Sunday,"14,200"
May 2026,38 Geary,Frequent Local,Sunday,"13,300"
June 2026,38 Geary,Frequent Local,Sunday,"13,600"
July 2026,38 Geary,Frequent Local,Sunday,"13,000"
August 2026,38 Geary,Frequent Local,Sunday,"14,300"
January 2019,38AX Geary A Express,Specialized,Sunday,
February 2019,38AX Geary A Express,Specialized,Sunday,
March 2019,38AX Geary A Express,Specialized,Sunday,
April 2019,38AX Geary A Express,Specialized,Sunday,
May 2019,38AX Geary A Express,Specialized,Sunday,
June 2019,38AX Geary A Express,Specialized,Sunday,
July 2019,38AX Geary A Express,Specialized,Sunday,
August 2019,38AX Geary A Express,Specialized,Sunday,
September 2019,38AX Geary A Express,Specialized,Sunday,
October 2019,38AX Geary A Express,Specialized,Sunday,
November 2019,38AX Geary A Express,Specialized,Sunday,
December 2019,38AX Geary A Express,Specialized,Sunday,
January 2020,38AX Geary A Express,Specialized,Sunday,
February 2020,38AX Geary A Express,Specialized,Sunday,
March 2020,38AX Geary A Express,Specialized,Sunday,
January 2019,38BX Geary B Express,Specialized,Sunday,
February 2019,38BX Geary B Express,Specialized,Sunday,
March 2019,38BX Geary B Express,Specialized,Sunday,
April 2019,38BX Geary B Express,Specialized,Sunday,
May 2019,38BX Geary B Express,Specialized,Sunday,
June 2019,38BX Geary B Express,Specialized,Sunday,
July 2019,38BX Geary B Express,Specialized,Sunday,
August 2019,38BX Geary B Express,Specialized,Sunday,
September 2019,38BX Geary B Express,Specialized,Sunday,
October 2019,38BX Geary B Express,Specialized,Sunday,
November 2019,38BX Geary B Express,Specialized,Sunday,
December 2019,38BX Geary B Express,Specialized,Sunday,
January 2020,38BX Geary B Express,Specialized,Sunday,
February 2020,38BX Geary B Express,Specialized,Sunday,
March 2020,38BX Geary B Express,Specialized,Sunday,
January 2019,38R Geary Rapid,Rapid Bus,Sunday,"9,000"
February 2019,38R Geary Rapid,Rapid Bus,Sunday,"10,700"
March 2019,38R Geary Rapid,Rapid Bus,Sunday,"10,700"
April 2019,38R Geary Rapid,Rapid Bus,Sunday,"11,600"
May 2019,38R Geary Rapid,Rapid Bus,Sunday,"10,500"
June 2019,38R Geary Rapid,Rapid Bus,Sunday,"11,500"
July 2019,38R Geary Rapid,Rapid Bus,Sunday,"11,000"
August 2019,38R Geary Rapid,Rapid Bus,Sunday,"11,500"
September 2019,38R Geary Rapid,Rapid Bus,Sunday,"11,100"
October 2019,38R Geary Rapid,Rapid Bus,Sunday,"11,700"
November 2019,38R Geary Rapid,Rapid Bus,Sunday,"11,000"
December 2019,38R Geary Rapid,Rapid Bus,Sunday,"10,000"
January 2020,38R Geary Rapid,Rapid Bus,Sunday,"11,300"
February 2020,38R Geary Rapid,Rapid Bus,Sunday,"11,100"
March 2020,38R Geary Rapid,Rapid Bus,Sunday,"6,000"
April 2020,38R Geary Rapid,Rapid Bus,Sunday,700
May 2020,38R Geary Rapid,Rapid Bus,Sunday,"3,200"
June 2020,38R Geary Rapid,Rapid Bus,Sunday,"3,700"
July 2020,38R Geary Rapid,Rapid Bus,Sunday,"4,000"
August 2020,38R Geary Rapid,Rapid Bus,Sunday,"4,100"
September 2020,38R Geary Rapid,Rapid Bus,Sunday,"5,000"
October 2020,38R Geary Rapid,Rapid Bus,Sunday,"5,400"
November 2020,38R Geary Rapid,Rapid Bus,Sunday,"5,100"
December 2020,38R Geary Rapid,Rapid Bus,Sunday,"4,300"
January 2021,38R Geary Rapid,Rapid Bus,Sunday,"4,500"
February 2021,38R Geary Rapid,Rapid Bus,Sunday,"6,000"
March 2021,38R Geary Rapid,Rapid Bus,Sunday,"5,400"
April 2021,38R Geary Rapid,Rapid Bus,Sunday,"6,000"
May 2021,38R Geary Rapid,Rapid Bus,Sunday,"6,500"
June 2021,38R Geary Rapid,Rapid Bus,Sunday,"7,300"
July 2021,38R Geary Rapid,Rapid Bus,Sunday,"7,600"
August 2021,38R Geary Rapid,Rapid Bus,Sunday,"8,000"
September 2021,38R Geary Rapid,Rapid Bus,Sunday,"8,200"
October 2021,38R Geary Rapid,Rapid Bus,Sunday,"7,300"
November 2021,38R Geary Rapid,Rapid Bus,Sunday,"7,800"
December 2021,38R Geary Rapid,Rapid Bus,Sunday,"7,700"
January 2022,38R Geary Rapid,Rapid Bus,Sunday,"6,900"
February 2022,38R Geary Rapid,Rapid Bus,Sunday,"8,800"
March 2022,38R Geary Rapid,Rapid Bus,Sunday,"9,200"
April 2022,38R Geary Rapid,Rapid Bus,Sunday,"9,700"
May 2022,38R Geary Rapid,Rapid Bus,Sunday,"9,500"
June 2022,38R Geary Rapid,Rapid Bus,Sunday,"9,200"
July 2022,38R Geary Rapid,Rapid Bus,Sunday,"9,700"
August 2022,38R Geary Rapid,Rapid Bus,Sunday,"10,900"
September 2022,38R Geary Rapid,Rapid Bus,Sunday,"10,100"
October 2022,38R Geary Rapid,Rapid Bus,Sunday,"10,700"
November 2022,38R Geary Rapid,Rapid Bus,Sunday,"9,800"
December 2022,38R Geary Rapid,Rapid Bus,Sunday,"9,300"
January 2023,38R Geary Rapid,Rapid Bus,Sunday,"9,500"
February 2023,38R Geary Rapid,Rapid Bus,Sunday,"9,900"
March 2023,38R Geary Rapid,Rapid Bus,Sunday,"10,000"
April 2023,38R Geary Rapid,Rapid Bus,Sunday,"12,500"
May 2023,38R Geary Rapid,Rapid Bus,Sunday,"10,700"
June 2023,38R Geary Rapid,Rapid Bus,Sunday,"10,700"
July 2023,38R Geary Rapid,Rapid Bus,Sunday,"11,600"
August 2023,38R Geary Rapid,Rapid Bus,Sunday,"12,600"
September 2023,38R Geary Rapid,Rapid Bus,Sunday,"12,500"
October 2023,38R Geary Rapid,Rapid Bus,Sunday,"12,800"
November 2023,38R Geary Rapid,Rapid Bus,Sunday,"10,800"
December 2023,38R Geary Rapid,Rapid Bus,Sunday,"11,400"
January 2024,38R Geary Rapid,Rapid Bus,Sunday,"11,500"
February 2024,38R Geary Rapid,Rapid Bus,Sunday,"11,500"
March 2024,38R Geary Rapid,Rapid Bus,Sunday,"12,300"
April 2024,38R Geary Rapid,Rapid Bus,Sunday,"14,400"
May 2024,38R Geary Rapid,Rapid Bus,Sunday,"12,900"
June 2024,38R Geary Rapid,Rapid Bus,Sunday,"13,000"
July 2024,38R Geary Rapid,Rapid Bus,Sunday,"12,900"
August 2024,38R Geary Rapid,Rapid Bus,Sunday,"13,600"
September 2024,38R Geary Rapid,Rapid Bus,Sunday,"13,000"
October 2024,38R Geary Rapid,Rapid Bus,Sunday,"12,800"
November 2024,38R Geary Rapid,Rapid Bus,Sunday,"12,100"
December 2024,38R Geary Rapid,Rapid Bus,Sunday,"12,900"
January 2025,38R Geary Rapid,Rapid Bus,Sunday,"12,000"
February 2025,38R Geary Rapid,Rapid Bus,Sunday,"12,600"
March 2025,38R Geary Rapid,Rapid Bus,Sunday,"12,900"
April 2025,38R Geary Rapid,Rapid Bus,Sunday,"14,900"
May 2025,38R Geary Rapid,Rapid Bus,Sunday,"13,800"
June 2025,38R Geary Rapid,Rapid Bus,Sunday,"13,400"
July 2025,38R Geary Rapid,Rapid Bus,Sunday,"13,800"
August 2025,38R Geary Rapid,Rapid Bus,Sunday,"14,200"
September 2025,38R Geary Rapid,Rapid Bus,Sunday,"13,500"
October 2025,38R Geary Rapid,Rapid Bus,Sunday,"13,700"
November 2025,38R Geary Rapid,Rapid Bus,Sunday,"11,900"
December 2025,38R Geary Rapid,Rapid Bus,Sunday,"13,200"
January 2026,38R Geary Rapid,Rapid Bus,Sunday,"11,800"
February 2026,38R Geary Rapid,Rapid Bus,Sunday,"13,600"
March 2026,38R Geary Rapid,Rapid Bus,Sunday,"13,800"
April 2026,38R Geary Rapid,Rapid Bus,Sunday,"14,800"
May 2026,38R Geary Rapid,Rapid Bus,Sunday,"14,200"
June 2026,38R Geary Rapid,Rapid Bus,Sunday,"15,200"
July 2026,38R Geary Rapid,Rapid Bus,Sunday,"14,600"
August 2026,38R Geary Rapid,Rapid Bus,Sunday,"15,100"
January 2019,39 Coit,Connector,Sunday,300
February 2019,39 Coit,Connector,Sunday,300
March 2019,39 Coit,Connector,Sunday,300
April 2019,39 Coit,Connector,Sunday,500
May 2019,39 Coit,Connector,Sunday,400
June 2019,39 Coit,Connector,Sunday,400
July 2019,39 Coit,Connector,Sunday,400
August 2019,39 Coit,Connector,Sunday,400
September 2019,39 Coit,Connector,Sunday,400
October 2019,39 Coit,Connector,Sunday,400
November 2019,39 Coit,Connector,Sunday,200
December 2019,39 Coit,Connector,Sunday,300
January 2020,39 Coit,Connector,Sunday,300
February 2020,39 Coit,Connector,Sunday,
March 2020,39 Coit,Connector,Sunday,200
October 2022,39 Coit,Connector,Sunday,
November 2022,39 Coit,Connector,Sunday,
December 2022,39 Coit,Connector,Sunday,100
January 2023,39 Coit,Connector,Sunday,100
February 2023,39 Coit,Connector,Sunday,100
March 2023,39 Coit,Connector,Sunday,100
April 2023,39 Coit,Connector,Sunday,100
May 2023,39 Coit,Connector,Sunday,100
June 2023,39 Coit,Connector,Sunday,100
July 2023,39 Coit,Connector,Sunday,300
August 2023,39 Coit,Connector,Sunday,200
September 2023,39 Coit,Connector,Sunday,100
October 2023,39 Coit,Connector,Sunday,100
November 2023,39 Coit,Connector,Sunday,
December 2023,39 Coit,Connector,Sunday,100
January 2024,39 Coit,Connector,Sunday,
February 2024,39 Coit,Connector,Sunday,
March 2024,39 Coit,Connector,Sunday,
July 2024,39 Coit,Connector,Sunday,200
August 2024,39 Coit,Connector,Sunday,100
September 2024,39 Coit,Connector,Sunday,100
October 2024,39 Coit,Connector,Sunday,100
November 2024,39 Coit,Connector,Sunday,200
December 2024,39 Coit,Connector,Sunday,100
January 2025,39 Coit,Connector,Sunday,200
February 2025,39 Coit,Connector,Sunday,200
March 2025,39 Coit,Connector,Sunday,200
April 2025,39 Coit,Connector,Sunday,300
May 2025,39 Coit,Connector,Sunday,
June 2025,39 Coit,Connector,Sunday,300
July 2025,39 Coit,Connector,Sunday,300
August 2025,39 Coit,Connector,Sunday,300
September 2025,39 Coit,Connector,Sunday,300
October 2025,39 Coit,Connector,Sunday,200
November 2025,39 Coit,Connector,Sunday,200
December 2025,39 Coit,Connector,Sunday,200
January 2026,39 Coit,Connector,Sunday,100
February 2026,39 Coit,Connector,Sunday,200
March 2026,39 Coit,Connector,Sunday,200
April 2026,39 Coit,Connector,Sunday,200
May 2026,39 Coit,Connector,Sunday,300
June 2026,39 Coit,Connector,Sunday,200
July 2026,39 Coit,Connector,Sunday,300
August 2026,39 Coit,Connector,Sunday,300
January 2019,41 Union,Specialized,Sunday,
February 2019,41 Union,Specialized,Sunday,
March 2019,41 Union,Specialized,Sunday,
April 2019,41 Union,Specialized,Sunday,
May 2019,41 Union,Specialized,Sunday,
June 2019,41 Union,Specialized,Sunday,
July 2019,41 Union,Specialized,Sunday,
August 2019,41 Union,Specialized,Sunday,
September 2019,41 Union,Specialized,Sunday,
October 2019,41 Union,Specialized,Sunday,
November 2019,41 Union,Specialized,Sunday,
December 2019,41 Union,Specialized,Sunday,
January 2020,41 Union,Specialized,Sunday,
February 2020,41 Union,Specialized,Sunday,
March 2020,41 Union,Specialized,Sunday,
January 2019,43 Masonic,Grid,Sunday,"4,400"
February 2019,43 Masonic,Grid,Sunday,"5,500"
March 2019,43 Masonic,Grid,Sunday,"6,100"
April 2019,43 Masonic,Grid,Sunday,"5,200"
May 2019,43 Masonic,Grid,Sunday,"5,800"
June 2019,43 Masonic,Grid,Sunday,"6,200"
July 2019,43 Masonic,Grid,Sunday,"5,900"
August 2019,43 Masonic,Grid,Sunday,"6,000"
September 2019,43 Masonic,Grid,Sunday,"6,600"
October 2019,43 Masonic,Grid,Sunday,"6,300"
November 2019,43 Masonic,Grid,Sunday,"5,900"
December 2019,43 Masonic,Grid,Sunday,"4,500"
January 2020,43 Masonic,Grid,Sunday,"5,300"
February 2020,43 Masonic,Grid,Sunday,"5,500"
March 2020,43 Masonic,Grid,Sunday,"2,900"
April 2020,43 Masonic,Grid,Sunday,300
June 2020,43 Masonic,Grid,Sunday,700
July 2020,43 Masonic,Grid,Sunday,"1,100"
August 2020,43 Masonic,Grid,Sunday,"1,300"
September 2020,43 Masonic,Grid,Sunday,"1,400"
October 2020,43 Masonic,Grid,Sunday,"1,500"
November 2020,43 Masonic,Grid,Sunday,"1,200"
December 2020,43 Masonic,Grid,Sunday,"1,100"
January 2021,43 Masonic,Grid,Sunday,"1,200"
February 2021,43 Masonic,Grid,Sunday,"1,400"
March 2021,43 Masonic,Grid,Sunday,"1,600"
April 2021,43 Masonic,Grid,Sunday,"1,500"
May 2021,43 Masonic,Grid,Sunday,"1,800"
June 2021,43 Masonic,Grid,Sunday,"2,000"
July 2021,43 Masonic,Grid,Sunday,"1,800"
August 2021,43 Masonic,Grid,Sunday,"1,800"
September 2021,43 Masonic,Grid,Sunday,"1,700"
October 2021,43 Masonic,Grid,Sunday,"1,400"
November 2021,43 Masonic,Grid,Sunday,"1,400"
December 2021,43 Masonic,Grid,Sunday,"1,200"
January 2022,43 Masonic,Grid,Sunday,"1,500"
February 2022,43 Masonic,Grid,Sunday,"1,700"
March 2022,43 Masonic,Grid,Sunday,"1,700"
April 2022,43 Masonic,Grid,Sunday,"2,100"
May 2022,43 Masonic,Grid,Sunday,"2,100"
June 2022,43 Masonic,Grid,Sunday,"2,500"
July 2022,43 Masonic,Grid,Sunday,"2,800"
August 2022,43 Masonic,Grid,Sunday,"3,700"
September 2022,43 Masonic,Grid,Sunday,"3,600"
October 2022,43 Masonic,Grid,Sunday,"3,700"
November 2022,43 Masonic,Grid,Sunday,"3,100"
December 2022,43 Masonic,Grid,Sunday,"2,700"
January 2023,43 Masonic,Grid,Sunday,"3,200"
February 2023,43 Masonic,Grid,Sunday,"3,400"
March 2023,43 Masonic,Grid,Sunday,"3,300"
April 2023,43 Masonic,Grid,Sunday,"3,900"
May 2023,43 Masonic,Grid,Sunday,"3,700"
June 2023,43 Masonic,Grid,Sunday,"3,800"
July 2023,43 Masonic,Grid,Sunday,"4,100"
August 2023,43 Masonic,Grid,Sunday,"4,500"
September 2023,43 Masonic,Grid,Sunday,"4,700"
October 2023,43 Masonic,Grid,Sunday,"4,600"
November 2023,43 Masonic,Grid,Sunday,"3,900"
December 2023,43 Masonic,Grid,Sunday,"3,500"
January 2024,43 Masonic,Grid,Sunday,"4,000"
February 2024,43 Masonic,Grid,Sunday,"4,000"
March 2024,43 Masonic,Grid,Sunday,"4,300"
April 2024,43 Masonic,Grid,Sunday,"4,600"
May 2024,43 Masonic,Grid,Sunday,"4,300"
June 2024,43 Masonic,Grid,Sunday,"4,500"
July 2024,43 Masonic,Grid,Sunday,"4,300"
August 2024,43 Masonic,Grid,Sunday,"4,600"
September 2024,43 Masonic,Grid,Sunday,"4,900"
October 2024,43 Masonic,Grid,Sunday,"4,700"
November 2024,43 Masonic,Grid,Sunday,"4,100"
December 2024,43 Masonic,Grid,Sunday,"3,900"
January 2025,43 Masonic,Grid,Sunday,"4,000"
February 2025,43 Masonic,Grid,Sunday,"4,400"
March 2025,43 Masonic,Grid,Sunday,"4,400"
April 2025,43 Masonic,Grid,Sunday,"4,600"
May 2025,43 Masonic,Grid,Sunday,"4,000"
June 2025,43 Masonic,Grid,Sunday,"4,600"
July 2025,43 Masonic,Grid,Sunday,"4,300"
August 2025,43 Masonic,Grid,Sunday,"4,900"
September 2025,43 Masonic,Grid,Sunday,"4,800"
October 2025,43 Masonic,Grid,Sunday,"4,900"
November 2025,43 Masonic,Grid,Sunday,"4,100"
December 2025,43 Masonic,Grid,Sunday,"4,000"
January 2026,43 Masonic,Grid,Sunday,"3,800"
February 2026,43 Masonic,Grid,Sunday,"4,300"
March 2026,43 Masonic,Grid,Sunday,"5,000"
April 2026,43 Masonic,Grid,Sunday,"4,500"
May 2026,43 Masonic,Grid,Sunday,"4,800"
June 2026,43 Masonic,Grid,Sunday,"5,200"
July 2026,43 Masonic,Grid,Sunday,"4,500"
August 2026,43 Masonic,Grid,Sunday,"5,100"
January 2019,44 O'Shaughnessy,Grid,Sunday,"6,800"
February 2019,44 O'Shaughnessy,Grid,Sunday,"7,100"
March 2019,44 O'Shaughnessy,Grid,Sunday,"7,900"
April 2019,44 O'Shaughnessy,Grid,Sunday,"7,700"
May 2019,44 O'Shaughnessy,Grid,Sunday,"7,200"
June 2019,44 O'Shaughnessy,Grid,Sunday,"8,400"
July 2019,44 O'Shaughnessy,Grid,Sunday,"7,900"
August 2019,44 O'Shaughnessy,Grid,Sunday,"11,500"
September 2019,44 O'Shaughnessy,Grid,Sunday,"7,700"
October 2019,44 O'Shaughnessy,Grid,Sunday,"8,300"
November 2019,44 O'Shaughnessy,Grid,Sunday,"7,400"
December 2019,44 O'Shaughnessy,Grid,Sunday,"6,200"
January 2020,44 O'Shaughnessy,Grid,Sunday,"7,500"
February 2020,44 O'Shaughnessy,Grid,Sunday,"7,000"
March 2020,44 O'Shaughnessy,Grid,Sunday,"4,300"
April 2020,44 O'Shaughnessy,Grid,Sunday,"1,700"
May 2020,44 O'Shaughnessy,Grid,Sunday,"1,800"
June 2020,44 O'Shaughnessy,Grid,Sunday,"2,100"
July 2020,44 O'Shaughnessy,Grid,Sunday,"2,100"
August 2020,44 O'Shaughnessy,Grid,Sunday,"2,400"
September 2020,44 O'Shaughnessy,Grid,Sunday,"3,100"
October 2020,44 O'Shaughnessy,Grid,Sunday,"3,400"
November 2020,44 O'Shaughnessy,Grid,Sunday,"3,100"
December 2020,44 O'Shaughnessy,Grid,Sunday,"2,800"
January 2021,44 O'Shaughnessy,Grid,Sunday,"2,800"
February 2021,44 O'Shaughnessy,Grid,Sunday,"3,500"
March 2021,44 O'Shaughnessy,Grid,Sunday,"3,900"
April 2021,44 O'Shaughnessy,Grid,Sunday,"4,100"
May 2021,44 O'Shaughnessy,Grid,Sunday,"4,200"
June 2021,44 O'Shaughnessy,Grid,Sunday,"4,100"
July 2021,44 O'Shaughnessy,Grid,Sunday,"4,400"
August 2021,44 O'Shaughnessy,Grid,Sunday,"4,500"
September 2021,44 O'Shaughnessy,Grid,Sunday,"4,100"
October 2021,44 O'Shaughnessy,Grid,Sunday,"3,500"
November 2021,44 O'Shaughnessy,Grid,Sunday,"4,400"
December 2021,44 O'Shaughnessy,Grid,Sunday,"3,800"
January 2022,44 O'Shaughnessy,Grid,Sunday,"4,400"
February 2022,44 O'Shaughnessy,Grid,Sunday,"4,500"
March 2022,44 O'Shaughnessy,Grid,Sunday,"5,300"
April 2022,44 O'Shaughnessy,Grid,Sunday,"5,500"
May 2022,44 O'Shaughnessy,Grid,Sunday,"5,400"
June 2022,44 O'Shaughnessy,Grid,Sunday,"6,000"
July 2022,44 O'Shaughnessy,Grid,Sunday,"5,900"
August 2022,44 O'Shaughnessy,Grid,Sunday,"6,300"
September 2022,44 O'Shaughnessy,Grid,Sunday,"6,200"
October 2022,44 O'Shaughnessy,Grid,Sunday,"6,500"
November 2022,44 O'Shaughnessy,Grid,Sunday,"5,800"
December 2022,44 O'Shaughnessy,Grid,Sunday,"5,600"
January 2023,44 O'Shaughnessy,Grid,Sunday,"5,700"
February 2023,44 O'Shaughnessy,Grid,Sunday,"6,100"
March 2023,44 O'Shaughnessy,Grid,Sunday,"6,100"
April 2023,44 O'Shaughnessy,Grid,Sunday,"6,800"
May 2023,44 O'Shaughnessy,Grid,Sunday,"6,500"
June 2023,44 O'Shaughnessy,Grid,Sunday,"6,900"
July 2023,44 O'Shaughnessy,Grid,Sunday,"7,100"
August 2023,44 O'Shaughnessy,Grid,Sunday,"7,400"
September 2023,44 O'Shaughnessy,Grid,Sunday,"7,400"
October 2023,44 O'Shaughnessy,Grid,Sunday,"7,400"
November 2023,44 O'Shaughnessy,Grid,Sunday,"6,700"
December 2023,44 O'Shaughnessy,Grid,Sunday,"6,600"
January 2024,44 O'Shaughnessy,Grid,Sunday,"6,700"
February 2024,44 O'Shaughnessy,Grid,Sunday,"6,500"
March 2024,44 O'Shaughnessy,Grid,Sunday,"7,300"
April 2024,44 O'Shaughnessy,Grid,Sunday,"7,600"
May 2024,44 O'Shaughnessy,Grid,Sunday,"7,800"
June 2024,44 O'Shaughnessy,Grid,Sunday,"8,100"
July 2024,44 O'Shaughnessy,Grid,Sunday,"7,600"
August 2024,44 O'Shaughnessy,Grid,Sunday,"7,900"
September 2024,44 O'Shaughnessy,Grid,Sunday,"8,000"
October 2024,44 O'Shaughnessy,Grid,Sunday,"8,100"
November 2024,44 O'Shaughnessy,Grid,Sunday,"7,000"
December 2024,44 O'Shaughnessy,Grid,Sunday,"7,000"
January 2025,44 O'Shaughnessy,Grid,Sunday,"7,100"
February 2025,44 O'Shaughnessy,Grid,Sunday,"7,300"
March 2025,44 O'Shaughnessy,Grid,Sunday,"7,300"
April 2025,44 O'Shaughnessy,Grid,Sunday,"7,600"
May 2025,44 O'Shaughnessy,Grid,Sunday,"7,700"
June 2025,44 O'Shaughnessy,Grid,Sunday,"8,200"
July 2025,44 O'Shaughnessy,Grid,Sunday,"7,500"
August 2025,44 O'Shaughnessy,Grid,Sunday,"8,000"
September 2025,44 O'Shaughnessy,Grid,Sunday,"8,100"
October 2025,44 O'Shaughnessy,Grid,Sunday,"8,400"
November 2025,44 O'Shaughnessy,Grid,Sunday,"7,300"
December 2025,44 O'Shaughnessy,Grid,Sunday,"7,200"
January 2026,44 O'Shaughnessy,Grid,Sunday,"7,100"
February 2026,44 O'Shaughnessy,Grid,Sunday,"7,400"
March 2026,44 O'Shaughnessy,Grid,Sunday,"8,200"
April 2026,44 O'Shaughnessy,Grid,Sunday,"7,900"
May 2026,44 O'Shaughnessy,Grid,Sunday,"8,400"
June 2026,44 O'Shaughnessy,Grid,Sunday,"8,800"
July 2026,44 O'Shaughnessy,Grid,Sunday,"8,000"
August 2026,44 O'Shaughnessy,Grid,Sunday,"8,500"
January 2019,45 Union/Stockton,Grid,Sunday,"6,900"
February 2019,45 Union/Stockton,Grid,Sunday,"8,400"
March 2019,45 Union/Stockton,Grid,Sunday,"7,500"
April 2019,45 Union/Stockton,Grid,Sunday,"7,600"
May 2019,45 Union/Stockton,Grid,Sunday,"7,600"
June 2019,45 Union/Stockton,Grid,Sunday,"9,400"
July 2019,45 Union/Stockton,Grid,Sunday,"8,300"
August 2019,45 Union/Stockton,Grid,Sunday,"8,500"
September 2019,45 Union/Stockton,Grid,Sunday,"8,800"
October 2019,45 Union/Stockton,Grid,Sunday,"8,900"
November 2019,45 Union/Stockton,Grid,Sunday,"8,000"
December 2019,45 Union/Stockton,Grid,Sunday,"7,700"
January 2020,45 Union/Stockton,Grid,Sunday,"8,200"
February 2020,45 Union/Stockton,Grid,Sunday,"9,900"
March 2020,45 Union/Stockton,Grid,Sunday,"4,100"
April 2020,45 Union/Stockton,Grid,Sunday,300
August 2020,45 Union/Stockton,Grid,Sunday,600
September 2020,45 Union/Stockton,Grid,Sunday,"1,900"
October 2020,45 Union/Stockton,Grid,Sunday,"2,100"
November 2020,45 Union/Stockton,Grid,Sunday,"2,000"
December 2020,45 Union/Stockton,Grid,Sunday,"1,600"
January 2021,45 Union/Stockton,Grid,Sunday,"1,600"
February 2021,45 Union/Stockton,Grid,Sunday,"1,700"
March 2021,45 Union/Stockton,Grid,Sunday,"1,700"
April 2021,45 Union/Stockton,Grid,Sunday,"2,100"
May 2021,45 Union/Stockton,Grid,Sunday,"2,400"
June 2021,45 Union/Stockton,Grid,Sunday,"2,900"
July 2021,45 Union/Stockton,Grid,Sunday,"3,300"
August 2021,45 Union/Stockton,Grid,Sunday,"3,400"
September 2021,45 Union/Stockton,Grid,Sunday,"3,900"
October 2021,45 Union/Stockton,Grid,Sunday,"3,700"
November 2021,45 Union/Stockton,Grid,Sunday,"4,400"
December 2021,45 Union/Stockton,Grid,Sunday,"3,900"
January 2022,45 Union/Stockton,Grid,Sunday,"3,700"
February 2022,45 Union/Stockton,Grid,Sunday,"5,000"
March 2022,45 Union/Stockton,Grid,Sunday,"4,700"
April 2022,45 Union/Stockton,Grid,Sunday,"4,700"
May 2022,45 Union/Stockton,Grid,Sunday,"5,100"
June 2022,45 Union/Stockton,Grid,Sunday,"4,700"
July 2022,45 Union/Stockton,Grid,Sunday,"5,300"
August 2022,45 Union/Stockton,Grid,Sunday,"5,600"
September 2022,45 Union/Stockton,Grid,Sunday,"5,400"
October 2022,45 Union/Stockton,Grid,Sunday,"5,500"
November 2022,45 Union/Stockton,Grid,Sunday,"4,800"
December 2022,45 Union/Stockton,Grid,Sunday,"4,600"
January 2023,45 Union/Stockton,Grid,Sunday,"4,600"
February 2023,45 Union/Stockton,Grid,Sunday,"4,400"
March 2023,45 Union/Stockton,Grid,Sunday,"4,500"
April 2023,45 Union/Stockton,Grid,Sunday,"5,000"
May 2023,45 Union/Stockton,Grid,Sunday,"5,100"
June 2023,45 Union/Stockton,Grid,Sunday,"4,700"
July 2023,45 Union/Stockton,Grid,Sunday,"5,700"
August 2023,45 Union/Stockton,Grid,Sunday,"5,900"
September 2023,45 Union/Stockton,Grid,Sunday,"5,800"
October 2023,45 Union/Stockton,Grid,Sunday,"5,800"
November 2023,45 Union/Stockton,Grid,Sunday,"4,600"
December 2023,45 Union/Stockton,Grid,Sunday,"5,100"
January 2024,45 Union/Stockton,Grid,Sunday,"5,200"
February 2024,45 Union/Stockton,Grid,Sunday,"5,000"
March 2024,45 Union/Stockton,Grid,Sunday,"5,100"
April 2024,45 Union/Stockton,Grid,Sunday,"5,600"
May 2024,45 Union/Stockton,Grid,Sunday,"5,900"
June 2024,45 Union/Stockton,Grid,Sunday,"6,000"
July 2024,45 Union/Stockton,Grid,Sunday,"5,900"
August 2024,45 Union/Stockton,Grid,Sunday,"6,300"
September 2024,45 Union/Stockton,Grid,Sunday,"6,500"
October 2024,45 Union/Stockton,Grid,Sunday,"6,400"
November 2024,45 Union/Stockton,Grid,Sunday,"5,500"
December 2024,45 Union/Stockton,Grid,Sunday,"5,400"
January 2025,45 Union/Stockton,Grid,Sunday,"5,700"
February 2025,45 Union/Stockton,Grid,Sunday,"5,900"
March 2025,45 Union/Stockton,Grid,Sunday,"6,100"
April 2025,45 Union/Stockton,Grid,Sunday,"6,600"
May 2025,45 Union/Stockton,Grid,Sunday,"6,700"
June 2025,45 Union/Stockton,Grid,Sunday,"6,500"
July 2025,45 Union/Stockton,Grid,Sunday,"6,700"
August 2025,45 Union/Stockton,Grid,Sunday,"6,900"
September 2025,45 Union/Stockton,Grid,Sunday,"6,900"
October 2025,45 Union/Stockton,Grid,Sunday,"6,700"
November 2025,45 Union/Stockton,Grid,Sunday,"5,800"
December 2025,45 Union/Stockton,Grid,Sunday,"5,500"
January 2026,45 Union/Stockton,Grid,Sunday,"5,500"
February 2026,45 Union/Stockton,Grid,Sunday,"6,300"
March 2026,45 Union/Stockton,Grid,Sunday,"6,100"
April 2026,45 Union/Stockton,Grid,Sunday,"5,700"
May 2026,45 Union/Stockton,Grid,Sunday,"6,600"
June 2026,45 Union/Stockton,Grid,Sunday,"6,400"
July 2026,45 Union/Stockton,Grid,Sunday,"6,400"
August 2026,45 Union/Stockton,Grid,Sunday,"6,900"
January 2019,47 Van Ness,Frequent Local,Sunday,"5,000"
February 2019,47 Van Ness,Frequent Local,Sunday,"5,800"
March 2019,47 Van Ness,Frequent Local,Sunday,"6,300"
April 2019,47 Van Ness,Frequent Local,Sunday,"6,100"
May 2019,47 Van Ness,Frequent Local,Sunday,"6,400"
June 2019,47 Van Ness,Frequent Local,Sunday,"6,600"
July 2019,47 Van Ness,Frequent Local,Sunday,"6,500"
August 2019,47 Van Ness,Frequent Local,Sunday,"7,200"
September 2019,47 Van Ness,Frequent Local,Sunday,"6,700"
October 2019,47 Van Ness,Frequent Local,Sunday,"6,500"
November 2019,47 Van Ness,Frequent Local,Sunday,"5,500"
December 2019,47 Van Ness,Frequent Local,Sunday,"5,500"
January 2020,47 Van Ness,Frequent Local,Sunday,"5,500"
February 2020,47 Van Ness,Frequent Local,Sunday,"5,800"
March 2020,47 Van Ness,Frequent Local,Sunday,"3,200"
January 2019,48 Quintara/24th Street,Grid,Sunday,"2,100"
February 2019,48 Quintara/24th Street,Grid,Sunday,"2,600"
March 2019,48 Quintara/24th Street,Grid,Sunday,"2,800"
April 2019,48 Quintara/24th Street,Grid,Sunday,"2,400"
May 2019,48 Quintara/24th Street,Grid,Sunday,"2,400"
June 2019,48 Quintara/24th Street,Grid,Sunday,"2,700"
July 2019,48 Quintara/24th Street,Grid,Sunday,"2,500"
August 2019,48 Quintara/24th Street,Grid,Sunday,"3,000"
September 2019,48 Quintara/24th Street,Grid,Sunday,"2,700"
October 2019,48 Quintara/24th Street,Grid,Sunday,"2,700"
November 2019,48 Quintara/24th Street,Grid,Sunday,"2,400"
December 2019,48 Quintara/24th Street,Grid,Sunday,"2,200"
January 2020,48 Quintara/24th Street,Grid,Sunday,"2,400"
February 2020,48 Quintara/24th Street,Grid,Sunday,"2,700"
March 2020,48 Quintara/24th Street,Grid,Sunday,"1,700"
April 2020,48 Quintara/24th Street,Grid,Sunday,200
August 2020,48 Quintara/24th Street,Grid,Sunday,400
September 2020,48 Quintara/24th Street,Grid,Sunday,"1,200"
October 2020,48 Quintara/24th Street,Grid,Sunday,"1,300"
November 2020,48 Quintara/24th Street,Grid,Sunday,"1,300"
December 2020,48 Quintara/24th Street,Grid,Sunday,"1,000"
January 2021,48 Quintara/24th Street,Grid,Sunday,"1,200"
February 2021,48 Quintara/24th Street,Grid,Sunday,"1,300"
March 2021,48 Quintara/24th Street,Grid,Sunday,"1,400"
April 2021,48 Quintara/24th Street,Grid,Sunday,"1,500"
May 2021,48 Quintara/24th Street,Grid,Sunday,"1,400"
June 2021,48 Quintara/24th Street,Grid,Sunday,"1,300"
July 2021,48 Quintara/24th Street,Grid,Sunday,"1,400"
August 2021,48 Quintara/24th Street,Grid,Sunday,"1,600"
September 2021,48 Quintara/24th Street,Grid,Sunday,"1,800"
October 2021,48 Quintara/24th Street,Grid,Sunday,"1,900"
November 2021,48 Quintara/24th Street,Grid,Sunday,"2,000"
December 2021,48 Quintara/24th Street,Grid,Sunday,"1,700"
January 2022,48 Quintara/24th Street,Grid,Sunday,"1,900"
February 2022,48 Quintara/24th Street,Grid,Sunday,"2,200"
March 2022,48 Quintara/24th Street,Grid,Sunday,"2,300"
April 2022,48 Quintara/24th Street,Grid,Sunday,"2,200"
May 2022,48 Quintara/24th Street,Grid,Sunday,"2,300"
June 2022,48 Quintara/24th Street,Grid,Sunday,"2,800"
July 2022,48 Quintara/24th Street,Grid,Sunday,"2,600"
August 2022,48 Quintara/24th Street,Grid,Sunday,"2,800"
September 2022,48 Quintara/24th Street,Grid,Sunday,"2,900"
October 2022,48 Quintara/24th Street,Grid,Sunday,"3,000"
November 2022,48 Quintara/24th Street,Grid,Sunday,"2,600"
December 2022,48 Quintara/24th Street,Grid,Sunday,"2,500"
January 2023,48 Quintara/24th Street,Grid,Sunday,"2,600"
February 2023,48 Quintara/24th Street,Grid,Sunday,"2,900"
March 2023,48 Quintara/24th Street,Grid,Sunday,"2,600"
April 2023,48 Quintara/24th Street,Grid,Sunday,"3,000"
May 2023,48 Quintara/24th Street,Grid,Sunday,"3,100"
June 2023,48 Quintara/24th Street,Grid,Sunday,"3,100"
July 2023,48 Quintara/24th Street,Grid,Sunday,"3,100"
August 2023,48 Quintara/24th Street,Grid,Sunday,"3,500"
September 2023,48 Quintara/24th Street,Grid,Sunday,"3,300"
October 2023,48 Quintara/24th Street,Grid,Sunday,"3,500"
November 2023,48 Quintara/24th Street,Grid,Sunday,"2,900"
December 2023,48 Quintara/24th Street,Grid,Sunday,"2,900"
January 2024,48 Quintara/24th Street,Grid,Sunday,"3,000"
February 2024,48 Quintara/24th Street,Grid,Sunday,"3,000"
March 2024,48 Quintara/24th Street,Grid,Sunday,"3,400"
April 2024,48 Quintara/24th Street,Grid,Sunday,"3,400"
May 2024,48 Quintara/24th Street,Grid,Sunday,"3,500"
June 2024,48 Quintara/24th Street,Grid,Sunday,"3,600"
July 2024,48 Quintara/24th Street,Grid,Sunday,"3,400"
August 2024,48 Quintara/24th Street,Grid,Sunday,"3,500"
September 2024,48 Quintara/24th Street,Grid,Sunday,"3,500"
October 2024,48 Quintara/24th Street,Grid,Sunday,"3,500"
November 2024,48 Quintara/24th Street,Grid,Sunday,"3,100"
December 2024,48 Quintara/24th Street,Grid,Sunday,"3,000"
January 2025,48 Quintara/24th Street,Grid,Sunday,"3,000"
February 2025,48 Quintara/24th Street,Grid,Sunday,"3,200"
March 2025,48 Quintara/24th Street,Grid,Sunday,"3,200"
April 2025,48 Quintara/24th Street,Grid,Sunday,"3,500"
May 2025,48 Quintara/24th Street,Grid,Sunday,"3,300"
June 2025,48 Quintara/24th Street,Grid,Sunday,"3,500"
July 2025,48 Quintara/24th Street,Grid,Sunday,"3,600"
August 2025,48 Quintara/24th Street,Grid,Sunday,"3,700"
September 2025,48 Quintara/24th Street,Grid,Sunday,"3,700"
October 2025,48 Quintara/24th Street,Grid,Sunday,"3,800"
November 2025,48 Quintara/24th Street,Grid,Sunday,"3,300"
December 2025,48 Quintara/24th Street,Grid,Sunday,"3,200"
January 2026,48 Quintara/24th Street,Grid,Sunday,"3,200"
February 2026,48 Quintara/24th Street,Grid,Sunday,"3,300"
March 2026,48 Quintara/24th Street,Grid,Sunday,"3,800"
April 2026,48 Quintara/24th Street,Grid,Sunday,"3,600"
May 2026,48 Quintara/24th Street,Grid,Sunday,"3,800"
June 2026,48 Quintara/24th Street,Grid,Sunday,"4,000"
July 2026,48 Quintara/24th Street,Grid,Sunday,"3,700"
August 2026,48 Quintara/24th Street,Grid,Sunday,"3,800"
January 2019,49 Van Ness/Mission,Frequent Local,Sunday,"11,400"
February 2019,49 Van Ness/Mission,Frequent Local,Sunday,"13,300"
March 2019,49 Van Ness/Mission,Frequent Local,Sunday,"14,700"
April 2019,49 Van Ness/Mission,Frequent Local,Sunday,"14,500"
May 2019,49 Van Ness/Mission,Frequent Local,Sunday,"14,000"
June 2019,49 Van Ness/Mission,Frequent Local,Sunday,"15,000"
July 2019,49 Van Ness/Mission,Frequent Local,Sunday,"14,400"
August 2019,49 Van Ness/Mission,Frequent Local,Sunday,"13,600"
September 2019,49 Van Ness/Mission,Frequent Local,Sunday,"14,400"
October 2019,49 Van Ness/Mission,Frequent Local,Sunday,"14,500"
November 2019,49 Van Ness/Mission,Frequent Local,Sunday,"13,300"
December 2019,49 Van Ness/Mission,Frequent Local,Sunday,"12,100"
January 2020,49 Van Ness/Mission,Frequent Local,Sunday,"13,700"
February 2020,49 Van Ness/Mission,Frequent Local,Sunday,"14,500"
March 2020,49 Van Ness/Mission,Frequent Local,Sunday,"9,800"
April 2020,49 Van Ness/Mission,Frequent Local,Sunday,"5,500"
May 2020,49 Van Ness/Mission,Frequent Local,Sunday,"7,000"
June 2020,49 Van Ness/Mission,Frequent Local,Sunday,"8,000"
July 2020,49 Van Ness/Mission,Frequent Local,Sunday,"8,500"
August 2020,49 Van Ness/Mission,Frequent Local,Sunday,"8,500"
September 2020,49 Van Ness/Mission,Frequent Local,Sunday,"9,300"
October 2020,49 Van Ness/Mission,Frequent Local,Sunday,"9,700"
November 2020,49 Van Ness/Mission,Frequent Local,Sunday,"9,100"
December 2020,49 Van Ness/Mission,Frequent Local,Sunday,"7,200"
January 2021,49 Van Ness/Mission,Frequent Local,Sunday,"7,800"
February 2021,49 Van Ness/Mission,Frequent Local,Sunday,"8,600"
March 2021,49 Van Ness/Mission,Frequent Local,Sunday,"9,100"
April 2021,49 Van Ness/Mission,Frequent Local,Sunday,"9,400"
May 2021,49 Van Ness/Mission,Frequent Local,Sunday,"9,900"
June 2021,49 Van Ness/Mission,Frequent Local,Sunday,"10,400"
July 2021,49 Van Ness/Mission,Frequent Local,Sunday,"10,700"
August 2021,49 Van Ness/Mission,Frequent Local,Sunday,"11,500"
September 2021,49 Van Ness/Mission,Frequent Local,Sunday,"12,600"
October 2021,49 Van Ness/Mission,Frequent Local,Sunday,"11,800"
November 2021,49 Van Ness/Mission,Frequent Local,Sunday,"9,200"
December 2021,49 Van Ness/Mission,Frequent Local,Sunday,"9,000"
January 2022,49 Van Ness/Mission,Frequent Local,Sunday,"8,600"
February 2022,49 Van Ness/Mission,Frequent Local,Sunday,"8,900"
March 2022,49 Van Ness/Mission,Frequent Local,Sunday,"10,500"
April 2022,49 Van Ness/Mission,Frequent Local,Sunday,"13,400"
May 2022,49 Van Ness/Mission,Frequent Local,Sunday,"14,900"
June 2022,49 Van Ness/Mission,Frequent Local,Sunday,"17,900"
July 2022,49 Van Ness/Mission,Frequent Local,Sunday,"15,500"
August 2022,49 Van Ness/Mission,Frequent Local,Sunday,"16,800"
September 2022,49 Van Ness/Mission,Frequent Local,Sunday,"16,200"
October 2022,49 Van Ness/Mission,Frequent Local,Sunday,"17,200"
November 2022,49 Van Ness/Mission,Frequent Local,Sunday,"16,200"
December 2022,49 Van Ness/Mission,Frequent Local,Sunday,"14,500"
January 2023,49 Van Ness/Mission,Frequent Local,Sunday,"15,700"
February 2023,49 Van Ness/Mission,Frequent Local,Sunday,"17,200"
March 2023,49 Van Ness/Mission,Frequent Local,Sunday,"17,300"
April 2023,49 Van Ness/Mission,Frequent Local,Sunday,"19,200"
May 2023,49 Van Ness/Mission,Frequent Local,Sunday,"19,000"
June 2023,49 Van Ness/Mission,Frequent Local,Sunday,"20,500"
July 2023,49 Van Ness/Mission,Frequent Local,Sunday,"19,700"
August 2023,49 Van Ness/Mission,Frequent Local,Sunday,"20,300"
September 2023,49 Van Ness/Mission,Frequent Local,Sunday,"20,300"
October 2023,49 Van Ness/Mission,Frequent Local,Sunday,"20,800"
November 2023,49 Van Ness/Mission,Frequent Local,Sunday,"19,400"
December 2023,49 Van Ness/Mission,Frequent Local,Sunday,"18,700"
January 2024,49 Van Ness/Mission,Frequent Local,Sunday,"18,900"
February 2024,49 Van Ness/Mission,Frequent Local,Sunday,"19,000"
March 2024,49 Van Ness/Mission,Frequent Local,Sunday,"20,700"
April 2024,49 Van Ness/Mission,Frequent Local,Sunday,"21,000"
May 2024,49 Van Ness/Mission,Frequent Local,Sunday,"20,900"
June 2024,49 Van Ness/Mission,Frequent Local,Sunday,"22,800"
July 2024,49 Van Ness/Mission,Frequent Local,Sunday,"21,200"
August 2024,49 Van Ness/Mission,Frequent Local,Sunday,"21,800"
September 2024,49 Van Ness/Mission,Frequent Local,Sunday,"22,100"
October 2024,49 Van Ness/Mission,Frequent Local,Sunday,"22,400"
November 2024,49 Van Ness/Mission,Frequent Local,Sunday,"20,500"
December 2024,49 Van Ness/Mission,Frequent Local,Sunday,"19,900"
January 2025,49 Van Ness/Mission,Frequent Local,Sunday,"19,200"
February 2025,49 Van Ness/Mission,Frequent Local,Sunday,"20,800"
March 2025,49 Van Ness/Mission,Frequent Local,Sunday,"21,000"
April 2025,49 Van Ness/Mission,Frequent Local,Sunday,"22,600"
May 2025,49 Van Ness/Mission,Frequent Local,Sunday,"21,800"
June 2025,49 Van Ness/Mission,Frequent Local,Sunday,"22,800"
July 2025,49 Van Ness/Mission,Frequent Local,Sunday,"21,400"
August 2025,49 Van Ness/Mission,Frequent Local,Sunday,"22,300"
September 2025,49 Van Ness/Mission,Frequent Local,Sunday,"22,200"
October 2025,49 Van Ness/Mission,Frequent Local,Sunday,"22,300"
November 2025,49 Van Ness/Mission,Frequent Local,Sunday,"20,500"
December 2025,49 Van Ness/Mission,Frequent Local,Sunday,"20,000"
January 2026,49 Van Ness/Mission,Frequent Local,Sunday,"19,200"
February 2026,49 Van Ness/Mission,Frequent Local,Sunday,"21,000"
March 2026,49 Van Ness/Mission,Frequent Local,Sunday,"22,500"
April 2026,49 Van Ness/Mission,Frequent Local,Sunday,"21,500"
May 2026,49 Van Ness/Mission,Frequent Local,Sunday,"21,800"
June 2026,49 Van Ness/Mission,Frequent Local,Sunday,"25,100"
July 2026,49 Van Ness/Mission,Frequent Local,Sunday,"22,100"
August 2026,49 Van Ness/Mission,Frequent Local,Sunday,"22,500"
January 2019,52 Excelsior,Connector,Sunday,700
February 2019,52 Excelsior,Connector,Sunday,800
March 2019,52 Excelsior,Connector,Sunday,800
April 2019,52 Excelsior,Connector,Sunday,800
May 2019,52 Excelsior,Connector,Sunday,800
June 2019,52 Excelsior,Connector,Sunday,800
July 2019,52 Excelsior,Connector,Sunday,800
August 2019,52 Excelsior,Connector,Sunday,800
September 2019,52 Excelsior,Connector,Sunday,900
October 2019,52 Excelsior,Connector,Sunday,800
November 2019,52 Excelsior,Connector,Sunday,700
December 2019,52 Excelsior,Connector,Sunday,800
January 2020,52 Excelsior,Connector,Sunday,600
February 2020,52 Excelsior,Connector,Sunday,700
March 2020,52 Excelsior,Connector,Sunday,300
September 2021,52 Excelsior,Connector,Sunday,300
October 2021,52 Excelsior,Connector,Sunday,200
November 2021,52 Excelsior,Connector,Sunday,300
December 2021,52 Excelsior,Connector,Sunday,400
January 2022,52 Excelsior,Connector,Sunday,300
February 2022,52 Excelsior,Connector,Sunday,200
March 2022,52 Excelsior,Connector,Sunday,500
April 2022,52 Excelsior,Connector,Sunday,500
May 2022,52 Excelsior,Connector,Sunday,400
June 2022,52 Excelsior,Connector,Sunday,200
July 2022,52 Excelsior,Connector,Sunday,400
August 2022,52 Excelsior,Connector,Sunday,400
September 2022,52 Excelsior,Connector,Sunday,400
October 2022,52 Excelsior,Connector,Sunday,500
November 2022,52 Excelsior,Connector,Sunday,400
December 2022,52 Excelsior,Connector,Sunday,400
January 2023,52 Excelsior,Connector,Sunday,500
February 2023,52 Excelsior,Connector,Sunday,500
March 2023,52 Excelsior,Connector,Sunday,500
April 2023,52 Excelsior,Connector,Sunday,500
May 2023,52 Excelsior,Connector,Sunday,500
June 2023,52 Excelsior,Connector,Sunday,500
July 2023,52 Excelsior,Connector,Sunday,500
August 2023,52 Excelsior,Connector,Sunday,500
September 2023,52 Excelsior,Connector,Sunday,500
October 2023,52 Excelsior,Connector,Sunday,600
November 2023,52 Excelsior,Connector,Sunday,500
December 2023,52 Excelsior,Connector,Sunday,500
January 2024,52 Excelsior,Connector,Sunday,500
February 2024,52 Excelsior,Connector,Sunday,500
March 2024,52 Excelsior,Connector,Sunday,500
April 2024,52 Excelsior,Connector,Sunday,500
May 2024,52 Excelsior,Connector,Sunday,600
June 2024,52 Excelsior,Connector,Sunday,600
July 2024,52 Excelsior,Connector,Sunday,500
August 2024,52 Excelsior,Connector,Sunday,600
September 2024,52 Excelsior,Connector,Sunday,600
October 2024,52 Excelsior,Connector,Sunday,600
November 2024,52 Excelsior,Connector,Sunday,500
December 2024,52 Excelsior,Connector,Sunday,500
January 2025,52 Excelsior,Connector,Sunday,500
February 2025,52 Excelsior,Connector,Sunday,600
March 2025,52 Excelsior,Connector,Sunday,600
April 2025,52 Excelsior,Connector,Sunday,600
May 2025,52 Excelsior,Connector,Sunday,600
June 2025,52 Excelsior,Connector,Sunday,600
July 2025,52 Excelsior,Connector,Sunday,500
August 2025,52 Excelsior,Connector,Sunday,600
September 2025,52 Excelsior,Connector,Sunday,600
October 2025,52 Excelsior,Connector,Sunday,700
November 2025,52 Excelsior,Connector,Sunday,600
December 2025,52 Excelsior,Connector,Sunday,500
January 2026,52 Excelsior,Connector,Sunday,500
February 2026,52 Excelsior,Connector,Sunday,600
March 2026,52 Excelsior,Connector,Sunday,600
April 2026,52 Excelsior,Connector,Sunday,600
May 2026,52 Excelsior,Connector,Sunday,700
June 2026,52 Excelsior,Connector,Sunday,700
July 2026,52 Excelsior,Connector,Sunday,700
August 2026,52 Excelsior,Connector,Sunday,700
January 2019,54 Felton,Grid,Sunday,"3,300"
February 2019,54 Felton,Grid,Sunday,"3,700"
March 2019,54 Felton,Grid,Sunday,"4,100"
April 2019,54 Felton,Grid,Sunday,"3,300"
May 2019,54 Felton,Grid,Sunday,"3,600"
June 2019,54 Felton,Grid,Sunday,"3,900"
July 2019,54 Felton,Grid,Sunday,"3,200"
August 2019,54 Felton,Grid,Sunday,"3,400"
September 2019,54 Felton,Grid,Sunday,"3,700"
October 2019,54 Felton,Grid,Sunday,"3,700"
November 2019,54 Felton,Grid,Sunday,"3,400"
December 2019,54 Felton,Grid,Sunday,"3,000"
January 2020,54 Felton,Grid,Sunday,"3,400"
February 2020,54 Felton,Grid,Sunday,"3,300"
March 2020,54 Felton,Grid,Sunday,"2,400"
April 2020,54 Felton,Grid,Sunday,200
August 2020,54 Felton,Grid,Sunday,500
September 2020,54 Felton,Grid,Sunday,"1,400"
October 2020,54 Felton,Grid,Sunday,"1,600"
November 2020,54 Felton,Grid,Sunday,"1,500"
December 2020,54 Felton,Grid,Sunday,"1,300"
January 2021,54 Felton,Grid,Sunday,"1,300"
February 2021,54 Felton,Grid,Sunday,"1,500"
March 2021,54 Felton,Grid,Sunday,"1,300"
April 2021,54 Felton,Grid,Sunday,"1,600"
May 2021,54 Felton,Grid,Sunday,"1,700"
June 2021,54 Felton,Grid,Sunday,"1,700"
July 2021,54 Felton,Grid,Sunday,"1,900"
August 2021,54 Felton,Grid,Sunday,"1,300"
September 2021,54 Felton,Grid,Sunday,"1,500"
October 2021,54 Felton,Grid,Sunday,"1,600"
November 2021,54 Felton,Grid,Sunday,"1,900"
December 2021,54 Felton,Grid,Sunday,"1,600"
January 2022,54 Felton,Grid,Sunday,"1,600"
February 2022,54 Felton,Grid,Sunday,"1,700"
March 2022,54 Felton,Grid,Sunday,"1,900"
April 2022,54 Felton,Grid,Sunday,"1,900"
May 2022,54 Felton,Grid,Sunday,"2,000"
June 2022,54 Felton,Grid,Sunday,"2,100"
July 2022,54 Felton,Grid,Sunday,"2,000"
August 2022,54 Felton,Grid,Sunday,"2,200"
September 2022,54 Felton,Grid,Sunday,"2,200"
October 2022,54 Felton,Grid,Sunday,"2,300"
November 2022,54 Felton,Grid,Sunday,"2,200"
December 2022,54 Felton,Grid,Sunday,"2,200"
January 2023,54 Felton,Grid,Sunday,"2,100"
February 2023,54 Felton,Grid,Sunday,"2,200"
March 2023,54 Felton,Grid,Sunday,"2,200"
April 2023,54 Felton,Grid,Sunday,"2,500"
May 2023,54 Felton,Grid,Sunday,"2,500"
June 2023,54 Felton,Grid,Sunday,"2,500"
July 2023,54 Felton,Grid,Sunday,"2,600"
August 2023,54 Felton,Grid,Sunday,"2,700"
September 2023,54 Felton,Grid,Sunday,"2,700"
October 2023,54 Felton,Grid,Sunday,"2,900"
November 2023,54 Felton,Grid,Sunday,"2,500"
December 2023,54 Felton,Grid,Sunday,"2,500"
January 2024,54 Felton,Grid,Sunday,"2,500"
February 2024,54 Felton,Grid,Sunday,"2,400"
March 2024,54 Felton,Grid,Sunday,"2,700"
April 2024,54 Felton,Grid,Sunday,"2,700"
May 2024,54 Felton,Grid,Sunday,"2,700"
June 2024,54 Felton,Grid,Sunday,"2,900"
July 2024,54 Felton,Grid,Sunday,"2,700"
August 2024,54 Felton,Grid,Sunday,"2,900"
September 2024,54 Felton,Grid,Sunday,"2,900"
October 2024,54 Felton,Grid,Sunday,"2,900"
November 2024,54 Felton,Grid,Sunday,"2,700"
December 2024,54 Felton,Grid,Sunday,"2,700"
January 2025,54 Felton,Grid,Sunday,"2,700"
February 2025,54 Felton,Grid,Sunday,"2,800"
March 2025,54 Felton,Grid,Sunday,"2,700"
April 2025,54 Felton,Grid,Sunday,"2,800"
May 2025,54 Felton,Grid,Sunday,"2,800"
June 2025,54 Felton,Grid,Sunday,"3,100"
July 2025,54 Felton,Grid,Sunday,"2,900"
August 2025,54 Felton,Grid,Sunday,"3,100"
September 2025,54 Felton,Grid,Sunday,"3,000"
October 2025,54 Felton,Grid,Sunday,"3,000"
November 2025,54 Felton,Grid,Sunday,"2,900"
December 2025,54 Felton,Grid,Sunday,"2,700"
January 2026,54 Felton,Grid,Sunday,"2,600"
February 2026,54 Felton,Grid,Sunday,"2,800"
March 2026,54 Felton,Grid,Sunday,"3,000"
April 2026,54 Felton,Grid,Sunday,"2,900"
May 2026,54 Felton,Grid,Sunday,"3,100"
June 2026,54 Felton,Grid,Sunday,"3,200"
July 2026,54 Felton,Grid,Sunday,"2,800"
August 2026,54 Felton,Grid,Sunday,"3,000"
January 2019,55 Dogpatch,Connector,Sunday,700
February 2019,55 Dogpatch,Connector,Sunday,"1,000"
March 2019,55 Dogpatch,Connector,Sunday,800
April 2019,55 Dogpatch,Connector,Sunday,"1,000"
May 2019,55 Dogpatch,Connector,Sunday,900
June 2019,55 Dogpatch,Connector,Sunday,900
July 2019,55 Dogpatch,Connector,Sunday,800
August 2019,55 Dogpatch,Connector,Sunday,900
September 2019,55 Dogpatch,Connector,Sunday,900
October 2019,55 Dogpatch,Connector,Sunday,"1,000"
November 2019,55 Dogpatch,Connector,Sunday,900
December 2019,55 Dogpatch,Connector,Sunday,"1,000"
January 2020,55 Dogpatch,Connector,Sunday,900
February 2020,55 Dogpatch,Connector,Sunday,900
March 2020,55 Dogpatch,Connector,Sunday,600
April 2020,55 Dogpatch,Connector,Sunday,100
January 2021,55 Dogpatch,Connector,Sunday,100
February 2021,55 Dogpatch,Connector,Sunday,500
March 2021,55 Dogpatch,Connector,Sunday,500
April 2021,55 Dogpatch,Connector,Sunday,400
May 2021,55 Dogpatch,Connector,Sunday,300
June 2021,55 Dogpatch,Connector,Sunday,500
July 2021,55 Dogpatch,Connector,Sunday,500
August 2021,55 Dogpatch,Connector,Sunday,700
September 2021,55 Dogpatch,Connector,Sunday,600
October 2021,55 Dogpatch,Connector,Sunday,500
November 2021,55 Dogpatch,Connector,Sunday,500
December 2021,55 Dogpatch,Connector,Sunday,500
January 2022,55 Dogpatch,Connector,Sunday,600
February 2022,55 Dogpatch,Connector,Sunday,800
March 2022,55 Dogpatch,Connector,Sunday,700
April 2022,55 Dogpatch,Connector,Sunday,700
May 2022,55 Dogpatch,Connector,Sunday,800
June 2022,55 Dogpatch,Connector,Sunday,900
July 2022,55 Dogpatch,Connector,Sunday,900
August 2022,55 Dogpatch,Connector,Sunday,"1,000"
September 2022,55 Dogpatch,Connector,Sunday,"1,000"
October 2022,55 Dogpatch,Connector,Sunday,"1,100"
November 2022,55 Dogpatch,Connector,Sunday,900
December 2022,55 Dogpatch,Connector,Sunday,800
January 2023,55 Dogpatch,Connector,Sunday,"1,000"
February 2023,55 Dogpatch,Connector,Sunday,"1,100"
March 2023,55 Dogpatch,Connector,Sunday,"1,100"
April 2023,55 Dogpatch,Connector,Sunday,"1,100"
May 2023,55 Dogpatch,Connector,Sunday,"1,200"
June 2023,55 Dogpatch,Connector,Sunday,"1,100"
July 2023,55 Dogpatch,Connector,Sunday,"1,000"
August 2023,55 Dogpatch,Connector,Sunday,"1,000"
September 2023,55 Dogpatch,Connector,Sunday,"1,000"
October 2023,55 Dogpatch,Connector,Sunday,"1,000"
November 2023,55 Dogpatch,Connector,Sunday,800
December 2023,55 Dogpatch,Connector,Sunday,800
January 2024,55 Dogpatch,Connector,Sunday,800
February 2024,55 Dogpatch,Connector,Sunday,"1,000"
March 2024,55 Dogpatch,Connector,Sunday,900
April 2024,55 Dogpatch,Connector,Sunday,"1,000"
May 2024,55 Dogpatch,Connector,Sunday,"1,000"
June 2024,55 Dogpatch,Connector,Sunday,"1,100"
July 2024,55 Dogpatch,Connector,Sunday,900
August 2024,55 Dogpatch,Connector,Sunday,900
September 2024,55 Dogpatch,Connector,Sunday,900
October 2024,55 Dogpatch,Connector,Sunday,"1,000"
November 2024,55 Dogpatch,Connector,Sunday,800
December 2024,55 Dogpatch,Connector,Sunday,800
January 2025,55 Dogpatch,Connector,Sunday,800
February 2025,55 Dogpatch,Connector,Sunday,"1,000"
March 2025,55 Dogpatch,Connector,Sunday,"1,000"
April 2025,55 Dogpatch,Connector,Sunday,"1,100"
May 2025,55 Dogpatch,Connector,Sunday,"1,100"
June 2025,55 Dogpatch,Connector,Sunday,"1,200"
July 2025,55 Dogpatch,Connector,Sunday,"1,000"
August 2025,55 Dogpatch,Connector,Sunday,"1,100"
September 2025,55 Dogpatch,Connector,Sunday,"1,100"
October 2025,55 Dogpatch,Connector,Sunday,"1,100"
November 2025,55 Dogpatch,Connector,Sunday,"1,000"
December 2025,55 Dogpatch,Connector,Sunday,"1,000"
January 2026,55 Dogpatch,Connector,Sunday,900
February 2026,55 Dogpatch,Connector,Sunday,"1,100"
March 2026,55 Dogpatch,Connector,Sunday,"1,100"
April 2026,55 Dogpatch,Connector,Sunday,"1,100"
May 2026,55 Dogpatch,Connector,Sunday,"1,200"
June 2026,55 Dogpatch,Connector,Sunday,"1,200"
July 2026,55 Dogpatch,Connector,Sunday,"1,100"
August 2026,55 Dogpatch,Connector,Sunday,"1,000"
January 2019,56 Rutland,Connector,Sunday,100
February 2019,56 Rutland,Connector,Sunday,100
March 2019,56 Rutland,Connector,Sunday,100
April 2019,56 Rutland,Connector,Sunday,100
May 2019,56 Rutland,Connector,Sunday,100
June 2019,56 Rutland,Connector,Sunday,100
July 2019,56 Rutland,Connector,Sunday,200
August 2019,56 Rutland,Connector,Sunday,100
September 2019,56 Rutland,Connector,Sunday,200
October 2019,56 Rutland,Connector,Sunday,300
November 2019,56 Rutland,Connector,Sunday,200
December 2019,56 Rutland,Connector,Sunday,100
January 2020,56 Rutland,Connector,Sunday,200
February 2020,56 Rutland,Connector,Sunday,200
March 2020,56 Rutland,Connector,Sunday,100
September 2022,56 Rutland,Connector,Sunday,
December 2022,56 Rutland,Connector,Sunday,100
January 2023,56 Rutland,Connector,Sunday,
February 2023,56 Rutland,Connector,Sunday,100
March 2023,56 Rutland,Connector,Sunday,100
April 2023,56 Rutland,Connector,Sunday,100
May 2023,56 Rutland,Connector,Sunday,100
June 2023,56 Rutland,Connector,Sunday,100
July 2023,56 Rutland,Connector,Sunday,200
August 2023,56 Rutland,Connector,Sunday,100
September 2023,56 Rutland,Connector,Sunday,200
October 2023,56 Rutland,Connector,Sunday,100
November 2023,56 Rutland,Connector,Sunday,200
December 2023,56 Rutland,Connector,Sunday,100
January 2024,56 Rutland,Connector,Sunday,200
February 2024,56 Rutland,Connector,Sunday,100
March 2024,56 Rutland,Connector,Sunday,100
April 2024,56 Rutland,Connector,Sunday,100
May 2024,56 Rutland,Connector,Sunday,100
June 2024,56 Rutland,Connector,Sunday,100
July 2024,56 Rutland,Connector,Sunday,200
August 2024,56 Rutland,Connector,Sunday,
September 2024,56 Rutland,Connector,Sunday,100
October 2024,56 Rutland,Connector,Sunday,200
November 2024,56 Rutland,Connector,Sunday,200
December 2024,56 Rutland,Connector,Sunday,100
January 2025,56 Rutland,Connector,Sunday,100
February 2025,56 Rutland,Connector,Sunday,200
March 2025,56 Rutland,Connector,Sunday,100
April 2025,56 Rutland,Connector,Sunday,100
May 2025,56 Rutland,Connector,Sunday,100
June 2025,56 Rutland,Connector,Sunday,200
July 2025,56 Rutland,Connector,Sunday,200
August 2025,56 Rutland,Connector,Sunday,200
September 2025,56 Rutland,Connector,Sunday,200
October 2025,56 Rutland,Connector,Sunday,200
November 2025,56 Rutland,Connector,Sunday,200
December 2025,56 Rutland,Connector,Sunday,100
January 2026,56 Rutland,Connector,Sunday,200
February 2026,56 Rutland,Connector,Sunday,200
March 2026,56 Rutland,Connector,Sunday,200
April 2026,56 Rutland,Connector,Sunday,200
May 2026,56 Rutland,Connector,Sunday,200
June 2026,56 Rutland,Connector,Sunday,200
July 2026,56 Rutland,Connector,Sunday,200
August 2026,56 Rutland,Connector,Sunday,200
January 2019,57 Parkmerced,Connector,Sunday,"7,900"
February 2019,57 Parkmerced,Connector,Sunday,"2,500"
March 2019,57 Parkmerced,Connector,Sunday,"2,100"
April 2019,57 Parkmerced,Connector,Sunday,"2,300"
May 2019,57 Parkmerced,Connector,Sunday,"2,100"
June 2019,57 Parkmerced,Connector,Sunday,"1,300"
July 2019,57 Parkmerced,Connector,Sunday,"1,300"
August 2019,57 Parkmerced,Connector,Sunday,"1,100"
September 2019,57 Parkmerced,Connector,Sunday,"2,500"
October 2019,57 Parkmerced,Connector,Sunday,"2,500"
November 2019,57 Parkmerced,Connector,Sunday,"1,800"
December 2019,57 Parkmerced,Connector,Sunday,"1,700"
January 2020,57 Parkmerced,Connector,Sunday,"1,700"
February 2020,57 Parkmerced,Connector,Sunday,500
March 2020,57 Parkmerced,Connector,Sunday,"1,300"
April 2020,57 Parkmerced,Connector,Sunday,100
August 2021,57 Parkmerced,Connector,Sunday,200
September 2021,57 Parkmerced,Connector,Sunday,300
October 2021,57 Parkmerced,Connector,Sunday,300
November 2021,57 Parkmerced,Connector,Sunday,200
December 2021,57 Parkmerced,Connector,Sunday,200
January 2022,57 Parkmerced,Connector,Sunday,200
February 2022,57 Parkmerced,Connector,Sunday,400
March 2022,57 Parkmerced,Connector,Sunday,500
April 2022,57 Parkmerced,Connector,Sunday,500
May 2022,57 Parkmerced,Connector,Sunday,400
June 2022,57 Parkmerced,Connector,Sunday,300
July 2022,57 Parkmerced,Connector,Sunday,400
August 2022,57 Parkmerced,Connector,Sunday,600
September 2022,57 Parkmerced,Connector,Sunday,800
October 2022,57 Parkmerced,Connector,Sunday,800
November 2022,57 Parkmerced,Connector,Sunday,600
December 2022,57 Parkmerced,Connector,Sunday,600
January 2023,57 Parkmerced,Connector,Sunday,600
February 2023,57 Parkmerced,Connector,Sunday,900
March 2023,57 Parkmerced,Connector,Sunday,800
April 2023,57 Parkmerced,Connector,Sunday,"1,000"
May 2023,57 Parkmerced,Connector,Sunday,900
June 2023,57 Parkmerced,Connector,Sunday,700
July 2023,57 Parkmerced,Connector,Sunday,700
August 2023,57 Parkmerced,Connector,Sunday,"1,000"
September 2023,57 Parkmerced,Connector,Sunday,"1,200"
October 2023,57 Parkmerced,Connector,Sunday,"1,300"
November 2023,57 Parkmerced,Connector,Sunday,"1,000"
December 2023,57 Parkmerced,Connector,Sunday,900
January 2024,57 Parkmerced,Connector,Sunday,900
February 2024,57 Parkmerced,Connector,Sunday,"1,200"
March 2024,57 Parkmerced,Connector,Sunday,"1,100"
April 2024,57 Parkmerced,Connector,Sunday,"1,300"
May 2024,57 Parkmerced,Connector,Sunday,"1,200"
June 2024,57 Parkmerced,Connector,Sunday,900
July 2024,57 Parkmerced,Connector,Sunday,800
August 2024,57 Parkmerced,Connector,Sunday,"1,000"
September 2024,57 Parkmerced,Connector,Sunday,"1,200"
October 2024,57 Parkmerced,Connector,Sunday,"1,300"
November 2024,57 Parkmerced,Connector,Sunday,"1,100"
December 2024,57 Parkmerced,Connector,Sunday,"1,100"
January 2025,57 Parkmerced,Connector,Sunday,900
February 2025,57 Parkmerced,Connector,Sunday,"1,400"
March 2025,57 Parkmerced,Connector,Sunday,"1,200"
April 2025,57 Parkmerced,Connector,Sunday,"1,200"
May 2025,57 Parkmerced,Connector,Sunday,"1,100"
June 2025,57 Parkmerced,Connector,Sunday,800
July 2025,57 Parkmerced,Connector,Sunday,800
August 2025,57 Parkmerced,Connector,Sunday,"1,000"
September 2025,57 Parkmerced,Connector,Sunday,"1,300"
October 2025,57 Parkmerced,Connector,Sunday,"1,300"
November 2025,57 Parkmerced,Connector,Sunday,"1,100"
December 2025,57 Parkmerced,Connector,Sunday,"1,000"
January 2026,57 Parkmerced,Connector,Sunday,900
February 2026,57 Parkmerced,Connector,Sunday,"1,300"
March 2026,57 Parkmerced,Connector,Sunday,"1,300"
April 2026,57 Parkmerced,Connector,Sunday,"1,300"
May 2026,57 Parkmerced,Connector,Sunday,"1,100"
June 2026,57 Parkmerced,Connector,Sunday,"1,000"
July 2026,57 Parkmerced,Connector,Sunday,900
August 2026,57 Parkmerced,Connector,Sunday,"1,100"
August 2021,58 Lake Merced,Connector,Sunday,200
September 2021,58 Lake Merced,Connector,Sunday,400
October 2021,58 Lake Merced,Connector,Sunday,400
November 2021,58 Lake Merced,Connector,Sunday,400
December 2021,58 Lake Merced,Connector,Sunday,400
January 2022,58 Lake Merced,Connector,Sunday,500
February 2022,58 Lake Merced,Connector,Sunday,600
March 2022,58 Lake Merced,Connector,Sunday,600
April 2022,58 Lake Merced,Connector,Sunday,600
May 2022,58 Lake Merced,Connector,Sunday,600
June 2022,58 Lake Merced,Connector,Sunday,700
July 2022,58 Lake Merced,Connector,Sunday,400
August 2022,58 Lake Merced,Connector,Sunday,300
September 2022,58 Lake Merced,Connector,Sunday,400
October 2022,58 Lake Merced,Connector,Sunday,400
November 2022,58 Lake Merced,Connector,Sunday,300
December 2022,58 Lake Merced,Connector,Sunday,200
January 2023,58 Lake Merced,Connector,Sunday,200
February 2023,58 Lake Merced,Connector,Sunday,300
March 2023,58 Lake Merced,Connector,Sunday,300
April 2023,58 Lake Merced,Connector,Sunday,300
May 2023,58 Lake Merced,Connector,Sunday,300
June 2023,58 Lake Merced,Connector,Sunday,300
July 2023,58 Lake Merced,Connector,Sunday,300
August 2023,58 Lake Merced,Connector,Sunday,300
September 2023,58 Lake Merced,Connector,Sunday,300
October 2023,58 Lake Merced,Connector,Sunday,400
November 2023,58 Lake Merced,Connector,Sunday,300
December 2023,58 Lake Merced,Connector,Sunday,300
January 2024,58 Lake Merced,Connector,Sunday,300
February 2024,58 Lake Merced,Connector,Sunday,300
March 2024,58 Lake Merced,Connector,Sunday,400
April 2024,58 Lake Merced,Connector,Sunday,400
May 2024,58 Lake Merced,Connector,Sunday,400
June 2024,58 Lake Merced,Connector,Sunday,400
July 2024,58 Lake Merced,Connector,Sunday,400
August 2024,58 Lake Merced,Connector,Sunday,400
September 2024,58 Lake Merced,Connector,Sunday,500
October 2024,58 Lake Merced,Connector,Sunday,500
November 2024,58 Lake Merced,Connector,Sunday,400
December 2024,58 Lake Merced,Connector,Sunday,300
January 2025,58 Lake Merced,Connector,Sunday,400
February 2025,58 Lake Merced,Connector,Sunday,400
March 2025,58 Lake Merced,Connector,Sunday,400
April 2025,58 Lake Merced,Connector,Sunday,400
May 2025,58 Lake Merced,Connector,Sunday,400
June 2025,58 Lake Merced,Connector,Sunday,400
July 2025,58 Lake Merced,Connector,Sunday,400
August 2025,58 Lake Merced,Connector,Sunday,500
September 2025,58 Lake Merced,Connector,Sunday,500
October 2025,58 Lake Merced,Connector,Sunday,500
November 2025,58 Lake Merced,Connector,Sunday,300
December 2025,58 Lake Merced,Connector,Sunday,400
January 2026,58 Lake Merced,Connector,Sunday,300
February 2026,58 Lake Merced,Connector,Sunday,400
March 2026,58 Lake Merced,Connector,Sunday,400
April 2026,58 Lake Merced,Connector,Sunday,400
May 2026,58 Lake Merced,Connector,Sunday,400
June 2026,58 Lake Merced,Connector,Sunday,500
July 2026,58 Lake Merced,Connector,Sunday,400
August 2026,58 Lake Merced,Connector,Sunday,400
January 2019,59 Powell/Mason Cable Car,Cable Car,Sunday,"4,000"
February 2019,59 Powell/Mason Cable Car,Cable Car,Sunday,"3,700"
March 2019,59 Powell/Mason Cable Car,Cable Car,Sunday,"5,000"
April 2019,59 Powell/Mason Cable Car,Cable Car,Sunday,"5,000"
May 2019,59 Powell/Mason Cable Car,Cable Car,Sunday,"5,500"
June 2019,59 Powell/Mason Cable Car,Cable Car,Sunday,"5,600"
July 2019,59 Powell/Mason Cable Car,Cable Car,Sunday,"6,700"
August 2019,59 Powell/Mason Cable Car,Cable Car,Sunday,"6,800"
September 2019,59 Powell/Mason Cable Car,Cable Car,Sunday,"5,700"
October 2019,59 Powell/Mason Cable Car,Cable Car,Sunday,"5,500"
November 2019,59 Powell/Mason Cable Car,Cable Car,Sunday,"4,400"
December 2019,59 Powell/Mason Cable Car,Cable Car,Sunday,"4,300"
January 2020,59 Powell/Mason Cable Car,Cable Car,Sunday,"3,900"
February 2020,59 Powell/Mason Cable Car,Cable Car,Sunday,"3,600"
March 2020,59 Powell/Mason Cable Car,Cable Car,Sunday,"4,800"
January 2019,60 Powell/Hyde Cable Car,Cable Car,Sunday,"4,300"
February 2019,60 Powell/Hyde Cable Car,Cable Car,Sunday,"4,000"
March 2019,60 Powell/Hyde Cable Car,Cable Car,Sunday,"5,300"
April 2019,60 Powell/Hyde Cable Car,Cable Car,Sunday,"5,400"
May 2019,60 Powell/Hyde Cable Car,Cable Car,Sunday,"5,800"
June 2019,60 Powell/Hyde Cable Car,Cable Car,Sunday,"5,900"
July 2019,60 Powell/Hyde Cable Car,Cable Car,Sunday,"7,600"
August 2019,60 Powell/Hyde Cable Car,Cable Car,Sunday,"7,700"
September 2019,60 Powell/Hyde Cable Car,Cable Car,Sunday,"6,400"
October 2019,60 Powell/Hyde Cable Car,Cable Car,Sunday,"6,300"
November 2019,60 Powell/Hyde Cable Car,Cable Car,Sunday,"4,900"
December 2019,60 Powell/Hyde Cable Car,Cable Car,Sunday,"4,800"
January 2020,60 Powell/Hyde Cable Car,Cable Car,Sunday,"4,400"
February 2020,60 Powell/Hyde Cable Car,Cable Car,Sunday,"4,100"
March 2020,60 Powell/Hyde Cable Car,Cable Car,Sunday,"5,500"
January 2019,61 California Cable Car,Cable Car,Sunday,"2,700"
February 2019,61 California Cable Car,Cable Car,Sunday,"2,500"
March 2019,61 California Cable Car,Cable Car,Sunday,"3,300"
April 2019,61 California Cable Car,Cable Car,Sunday,"3,400"
May 2019,61 California Cable Car,Cable Car,Sunday,"3,700"
June 2019,61 California Cable Car,Cable Car,Sunday,"3,700"
July 2019,61 California Cable Car,Cable Car,Sunday,"4,100"
August 2019,61 California Cable Car,Cable Car,Sunday,"4,200"
September 2019,61 California Cable Car,Cable Car,Sunday,"3,500"
October 2019,61 California Cable Car,Cable Car,Sunday,"3,400"
November 2019,61 California Cable Car,Cable Car,Sunday,"2,700"
December 2019,61 California Cable Car,Cable Car,Sunday,"2,700"
January 2020,61 California Cable Car,Cable Car,Sunday,"2,400"
February 2020,61 California Cable Car,Cable Car,Sunday,"2,300"
March 2020,61 California Cable Car,Cable Car,Sunday,"3,000"
January 2019,66 Quintara,Connector,Sunday,400
February 2019,66 Quintara,Connector,Sunday,400
March 2019,66 Quintara,Connector,Sunday,400
April 2019,66 Quintara,Connector,Sunday,500
May 2019,66 Quintara,Connector,Sunday,600
June 2019,66 Quintara,Connector,Sunday,700
July 2019,66 Quintara,Connector,Sunday,400
August 2019,66 Quintara,Connector,Sunday,600
September 2019,66 Quintara,Connector,Sunday,
October 2019,66 Quintara,Connector,Sunday,
November 2019,66 Quintara,Connector,Sunday,
December 2019,66 Quintara,Connector,Sunday,400
January 2020,66 Quintara,Connector,Sunday,400
February 2020,66 Quintara,Connector,Sunday,400
March 2020,66 Quintara,Connector,Sunday,300
August 2021,66 Quintara,Connector,Sunday,100
September 2021,66 Quintara,Connector,Sunday,200
October 2021,66 Quintara,Connector,Sunday,200
November 2021,66 Quintara,Connector,Sunday,200
December 2021,66 Quintara,Connector,Sunday,200
January 2022,66 Quintara,Connector,Sunday,200
February 2022,66 Quintara,Connector,Sunday,200
March 2022,66 Quintara,Connector,Sunday,300
April 2022,66 Quintara,Connector,Sunday,400
May 2022,66 Quintara,Connector,Sunday,300
June 2022,66 Quintara,Connector,Sunday,400
July 2022,66 Quintara,Connector,Sunday,200
October 2022,66 Quintara,Connector,Sunday,
December 2022,66 Quintara,Connector,Sunday,200
January 2023,66 Quintara,Connector,Sunday,100
February 2023,66 Quintara,Connector,Sunday,100
March 2023,66 Quintara,Connector,Sunday,200
April 2023,66 Quintara,Connector,Sunday,200
May 2023,66 Quintara,Connector,Sunday,300
June 2023,66 Quintara,Connector,Sunday,200
July 2023,66 Quintara,Connector,Sunday,200
August 2023,66 Quintara,Connector,Sunday,200
September 2023,66 Quintara,Connector,Sunday,300
October 2023,66 Quintara,Connector,Sunday,200
November 2023,66 Quintara,Connector,Sunday,100
December 2023,66 Quintara,Connector,Sunday,100
January 2024,66 Quintara,Connector,Sunday,100
February 2024,66 Quintara,Connector,Sunday,100
March 2024,66 Quintara,Connector,Sunday,200
April 2024,66 Quintara,Connector,Sunday,200
May 2024,66 Quintara,Connector,Sunday,300
June 2024,66 Quintara,Connector,Sunday,200
July 2024,66 Quintara,Connector,Sunday,100
August 2024,66 Quintara,Connector,Sunday,100
September 2024,66 Quintara,Connector,Sunday,200
October 2024,66 Quintara,Connector,Sunday,200
November 2024,66 Quintara,Connector,Sunday,100
December 2024,66 Quintara,Connector,Sunday,100
January 2025,66 Quintara,Connector,Sunday,
February 2025,66 Quintara,Connector,Sunday,200
March 2025,66 Quintara,Connector,Sunday,100
April 2025,66 Quintara,Connector,Sunday,200
May 2025,66 Quintara,Connector,Sunday,200
June 2025,66 Quintara,Connector,Sunday,200
July 2025,66 Quintara,Connector,Sunday,200
August 2025,66 Quintara,Connector,Sunday,300
September 2025,66 Quintara,Connector,Sunday,200
October 2025,66 Quintara,Connector,Sunday,200
November 2025,66 Quintara,Connector,Sunday,200
December 2025,66 Quintara,Connector,Sunday,200
January 2026,66 Quintara,Connector,Sunday,300
February 2026,66 Quintara,Connector,Sunday,200
March 2026,66 Quintara,Connector,Sunday,300
April 2026,66 Quintara,Connector,Sunday,200
May 2026,66 Quintara,Connector,Sunday,300
June 2026,66 Quintara,Connector,Sunday,300
July 2026,66 Quintara,Connector,Sunday,300
August 2026,66 Quintara,Connector,Sunday,400
January 2019,67 Bernal Heights,Connector,Sunday,500
February 2019,67 Bernal Heights,Connector,Sunday,700
March 2019,67 Bernal Heights,Connector,Sunday,900
April 2019,67 Bernal Heights,Connector,Sunday,900
May 2019,67 Bernal Heights,Connector,Sunday,900
June 2019,67 Bernal Heights,Connector,Sunday,"1,100"
July 2019,67 Bernal Heights,Connector,Sunday,900
August 2019,67 Bernal Heights,Connector,Sunday,800
September 2019,67 Bernal Heights,Connector,Sunday,800
October 2019,67 Bernal Heights,Connector,Sunday,"1,000"
November 2019,67 Bernal Heights,Connector,Sunday,800
December 2019,67 Bernal Heights,Connector,Sunday,500
January 2020,67 Bernal Heights,Connector,Sunday,500
February 2020,67 Bernal Heights,Connector,Sunday,900
March 2020,67 Bernal Heights,Connector,Sunday,600
April 2020,67 Bernal Heights,Connector,Sunday,
August 2020,67 Bernal Heights,Connector,Sunday,100
June 2021,67 Bernal Heights,Connector,Sunday,200
July 2021,67 Bernal Heights,Connector,Sunday,400
August 2021,67 Bernal Heights,Connector,Sunday,100
November 2021,67 Bernal Heights,Connector,Sunday,100
October 2022,67 Bernal Heights,Connector,Sunday,100
November 2022,67 Bernal Heights,Connector,Sunday,300
December 2022,67 Bernal Heights,Connector,Sunday,200
January 2023,67 Bernal Heights,Connector,Sunday,400
February 2023,67 Bernal Heights,Connector,Sunday,100
March 2023,67 Bernal Heights,Connector,Sunday,300
April 2023,67 Bernal Heights,Connector,Sunday,600
May 2023,67 Bernal Heights,Connector,Sunday,600
June 2023,67 Bernal Heights,Connector,Sunday,500
July 2023,67 Bernal Heights,Connector,Sunday,600
August 2023,67 Bernal Heights,Connector,Sunday,600
September 2023,67 Bernal Heights,Connector,Sunday,600
October 2023,67 Bernal Heights,Connector,Sunday,400
November 2023,67 Bernal Heights,Connector,Sunday,200
December 2023,67 Bernal Heights,Connector,Sunday,500
January 2024,67 Bernal Heights,Connector,Sunday,400
February 2024,67 Bernal Heights,Connector,Sunday,300
March 2024,67 Bernal Heights,Connector,Sunday,600
April 2024,67 Bernal Heights,Connector,Sunday,500
May 2024,67 Bernal Heights,Connector,Sunday,400
June 2024,67 Bernal Heights,Connector,Sunday,400
July 2024,67 Bernal Heights,Connector,Sunday,100
August 2024,67 Bernal Heights,Connector,Sunday,300
September 2024,67 Bernal Heights,Connector,Sunday,400
October 2024,67 Bernal Heights,Connector,Sunday,600
November 2024,67 Bernal Heights,Connector,Sunday,400
December 2024,67 Bernal Heights,Connector,Sunday,400
January 2025,67 Bernal Heights,Connector,Sunday,500
February 2025,67 Bernal Heights,Connector,Sunday,400
March 2025,67 Bernal Heights,Connector,Sunday,200
April 2025,67 Bernal Heights,Connector,Sunday,600
May 2025,67 Bernal Heights,Connector,Sunday,500
June 2025,67 Bernal Heights,Connector,Sunday,500
July 2025,67 Bernal Heights,Connector,Sunday,600
August 2025,67 Bernal Heights,Connector,Sunday,600
September 2025,67 Bernal Heights,Connector,Sunday,600
October 2025,67 Bernal Heights,Connector,Sunday,600
November 2025,67 Bernal Heights,Connector,Sunday,500
December 2025,67 Bernal Heights,Connector,Sunday,500
January 2026,67 Bernal Heights,Connector,Sunday,500
February 2026,67 Bernal Heights,Connector,Sunday,500
March 2026,67 Bernal Heights,Connector,Sunday,600
April 2026,67 Bernal Heights,Connector,Sunday,600
May 2026,67 Bernal Heights,Connector,Sunday,600
June 2026,67 Bernal Heights,Connector,Sunday,700
July 2026,67 Bernal Heights,Connector,Sunday,600
August 2026,67 Bernal Heights,Connector,Sunday,700
January 2019,76X Marin Headlands Express,Specialized,Sunday,200
February 2019,76X Marin Headlands Express,Specialized,Sunday,300
March 2019,76X Marin Headlands Express,Specialized,Sunday,300
April 2019,76X Marin Headlands Express,Specialized,Sunday,400
May 2019,76X Marin Headlands Express,Specialized,Sunday,400
June 2019,76X Marin Headlands Express,Specialized,Sunday,500
July 2019,76X Marin Headlands Express,Specialized,Sunday,400
August 2019,76X Marin Headlands Express,Specialized,Sunday,400
September 2019,76X Marin Headlands Express,Specialized,Sunday,400
October 2019,76X Marin Headlands Express,Specialized,Sunday,300
November 2019,76X Marin Headlands Express,Specialized,Sunday,400
December 2019,76X Marin Headlands Express,Specialized,Sunday,300
January 2020,76X Marin Headlands Express,Specialized,Sunday,300
February 2020,76X Marin Headlands Express,Specialized,Sunday,300
March 2020,76X Marin Headlands Express,Specialized,Sunday,100
January 2019,81X Caltrain Express,Specialized,Sunday,
February 2019,81X Caltrain Express,Specialized,Sunday,
March 2019,81X Caltrain Express,Specialized,Sunday,
April 2019,81X Caltrain Express,Specialized,Sunday,
May 2019,81X Caltrain Express,Specialized,Sunday,
June 2019,81X Caltrain Express,Specialized,Sunday,
July 2019,81X Caltrain Express,Specialized,Sunday,
August 2019,81X Caltrain Express,Specialized,Sunday,
September 2019,81X Caltrain Express,Specialized,Sunday,
October 2019,81X Caltrain Express,Specialized,Sunday,
November 2019,81X Caltrain Express,Specialized,Sunday,
December 2019,81X Caltrain Express,Specialized,Sunday,
January 2020,81X Caltrain Express,Specialized,Sunday,
February 2020,81X Caltrain Express,Specialized,Sunday,
March 2020,81X Caltrain Express,Specialized,Sunday,
January 2019,82X Levi Plaza Express,Specialized,Sunday,
February 2019,82X Levi Plaza Express,Specialized,Sunday,
March 2019,82X Levi Plaza Express,Specialized,Sunday,
April 2019,82X Levi Plaza Express,Specialized,Sunday,
May 2019,82X Levi Plaza Express,Specialized,Sunday,
June 2019,82X Levi Plaza Express,Specialized,Sunday,
July 2019,82X Levi Plaza Express,Specialized,Sunday,
August 2019,82X Levi Plaza Express,Specialized,Sunday,
September 2019,82X Levi Plaza Express,Specialized,Sunday,
October 2019,82X Levi Plaza Express,Specialized,Sunday,
November 2019,82X Levi Plaza Express,Specialized,Sunday,
December 2019,82X Levi Plaza Express,Specialized,Sunday,
January 2020,82X Levi Plaza Express,Specialized,Sunday,
February 2020,82X Levi Plaza Express,Specialized,Sunday,
March 2020,82X Levi Plaza Express,Specialized,Sunday,
January 2019,83X Mid/Market Express,Specialized,Sunday,
February 2019,83X Mid/Market Express,Specialized,Sunday,
March 2019,83X Mid/Market Express,Specialized,Sunday,
April 2019,83X Mid/Market Express,Specialized,Sunday,
May 2019,83X Mid/Market Express,Specialized,Sunday,
June 2019,83X Mid/Market Express,Specialized,Sunday,
July 2019,83X Mid/Market Express,Specialized,Sunday,
August 2019,83X Mid/Market Express,Specialized,Sunday,
September 2019,83X Mid/Market Express,Specialized,Sunday,
October 2019,83X Mid/Market Express,Specialized,Sunday,
November 2019,83X Mid/Market Express,Specialized,Sunday,
December 2019,83X Mid/Market Express,Specialized,Sunday,
January 2020,83X Mid/Market Express,Specialized,Sunday,
February 2020,83X Mid/Market Express,Specialized,Sunday,
March 2020,83X Mid/Market Express,Specialized,Sunday,
January 2019,88 BART Shuttle,Specialized,Sunday,
February 2019,88 BART Shuttle,Specialized,Sunday,
March 2019,88 BART Shuttle,Specialized,Sunday,
April 2019,88 BART Shuttle,Specialized,Sunday,
May 2019,88 BART Shuttle,Specialized,Sunday,
June 2019,88 BART Shuttle,Specialized,Sunday,
July 2019,88 BART Shuttle,Specialized,Sunday,
August 2019,88 BART Shuttle,Specialized,Sunday,
September 2019,88 BART Shuttle,Specialized,Sunday,
October 2019,88 BART Shuttle,Specialized,Sunday,
November 2019,88 BART Shuttle,Specialized,Sunday,
December 2019,88 BART Shuttle,Specialized,Sunday,
January 2020,88 BART Shuttle,Specialized,Sunday,
February 2020,88 BART Shuttle,Specialized,Sunday,
March 2020,88 BART Shuttle,Specialized,Sunday,
January 2019,90 San Bruno Owl,Owl,Sunday,200
February 2019,90 San Bruno Owl,Owl,Sunday,300
March 2019,90 San Bruno Owl,Owl,Sunday,300
April 2019,90 San Bruno Owl,Owl,Sunday,300
May 2019,90 San Bruno Owl,Owl,Sunday,300
June 2019,90 San Bruno Owl,Owl,Sunday,200
July 2019,90 San Bruno Owl,Owl,Sunday,200
August 2019,90 San Bruno Owl,Owl,Sunday,200
September 2019,90 San Bruno Owl,Owl,Sunday,300
October 2019,90 San Bruno Owl,Owl,Sunday,200
November 2019,90 San Bruno Owl,Owl,Sunday,200
December 2019,90 San Bruno Owl,Owl,Sunday,200
January 2020,90 San Bruno Owl,Owl,Sunday,300
February 2020,90 San Bruno Owl,Owl,Sunday,300
March 2020,90 San Bruno Owl,Owl,Sunday,200
April 2020,90 San Bruno Owl,Owl,Sunday,200
May 2020,90 San Bruno Owl,Owl,Sunday,400
June 2020,90 San Bruno Owl,Owl,Sunday,200
July 2020,90 San Bruno Owl,Owl,Sunday,200
August 2020,90 San Bruno Owl,Owl,Sunday,300
September 2020,90 San Bruno Owl,Owl,Sunday,200
October 2020,90 San Bruno Owl,Owl,Sunday,300
November 2020,90 San Bruno Owl,Owl,Sunday,300
December 2020,90 San Bruno Owl,Owl,Sunday,300
January 2021,90 San Bruno Owl,Owl,Sunday,300
February 2021,90 San Bruno Owl,Owl,Sunday,100
March 2021,90 San Bruno Owl,Owl,Sunday,300
April 2021,90 San Bruno Owl,Owl,Sunday,400
May 2021,90 San Bruno Owl,Owl,Sunday,400
June 2021,90 San Bruno Owl,Owl,Sunday,400
July 2021,90 San Bruno Owl,Owl,Sunday,400
August 2021,90 San Bruno Owl,Owl,Sunday,300
September 2021,90 San Bruno Owl,Owl,Sunday,200
October 2021,90 San Bruno Owl,Owl,Sunday,200
November 2021,90 San Bruno Owl,Owl,Sunday,200
December 2021,90 San Bruno Owl,Owl,Sunday,200
January 2022,90 San Bruno Owl,Owl,Sunday,100
February 2022,90 San Bruno Owl,Owl,Sunday,200
March 2022,90 San Bruno Owl,Owl,Sunday,200
April 2022,90 San Bruno Owl,Owl,Sunday,200
May 2022,90 San Bruno Owl,Owl,Sunday,200
June 2022,90 San Bruno Owl,Owl,Sunday,200
July 2022,90 San Bruno Owl,Owl,Sunday,200
August 2022,90 San Bruno Owl,Owl,Sunday,300
September 2022,90 San Bruno Owl,Owl,Sunday,200
October 2022,90 San Bruno Owl,Owl,Sunday,300
November 2022,90 San Bruno Owl,Owl,Sunday,200
December 2022,90 San Bruno Owl,Owl,Sunday,300
January 2023,90 San Bruno Owl,Owl,Sunday,200
February 2023,90 San Bruno Owl,Owl,Sunday,200
March 2023,90 San Bruno Owl,Owl,Sunday,300
April 2023,90 San Bruno Owl,Owl,Sunday,300
May 2023,90 San Bruno Owl,Owl,Sunday,300
June 2023,90 San Bruno Owl,Owl,Sunday,300
July 2023,90 San Bruno Owl,Owl,Sunday,300
August 2023,90 San Bruno Owl,Owl,Sunday,300
September 2023,90 San Bruno Owl,Owl,Sunday,300
October 2023,90 San Bruno Owl,Owl,Sunday,300
November 2023,90 San Bruno Owl,Owl,Sunday,300
December 2023,90 San Bruno Owl,Owl,Sunday,300
January 2024,90 San Bruno Owl,Owl,Sunday,300
February 2024,90 San Bruno Owl,Owl,Sunday,300
March 2024,90 San Bruno Owl,Owl,Sunday,300
April 2024,90 San Bruno Owl,Owl,Sunday,300
May 2024,90 San Bruno Owl,Owl,Sunday,300
June 2024,90 San Bruno Owl,Owl,Sunday,300
July 2024,90 San Bruno Owl,Owl,Sunday,300
August 2024,90 San Bruno Owl,Owl,Sunday,300
September 2024,90 San Bruno Owl,Owl,Sunday,300
October 2024,90 San Bruno Owl,Owl,Sunday,400
November 2024,90 San Bruno Owl,Owl,Sunday,300
December 2024,90 San Bruno Owl,Owl,Sunday,300
January 2025,90 San Bruno Owl,Owl,Sunday,300
February 2025,90 San Bruno Owl,Owl,Sunday,400
March 2025,90 San Bruno Owl,Owl,Sunday,400
April 2025,90 San Bruno Owl,Owl,Sunday,400
May 2025,90 San Bruno Owl,Owl,Sunday,300
June 2025,90 San Bruno Owl,Owl,Sunday,300
July 2025,90 San Bruno Owl,Owl,Sunday,300
August 2025,90 San Bruno Owl,Owl,Sunday,400
September 2025,90 San Bruno Owl,Owl,Sunday,300
October 2025,90 San Bruno Owl,Owl,Sunday,300
November 2025,90 San Bruno Owl,Owl,Sunday,300
December 2025,90 San Bruno Owl,Owl,Sunday,300
January 2026,90 San Bruno Owl,Owl,Sunday,300
February 2026,90 San Bruno Owl,Owl,Sunday,300
March 2026,90 San Bruno Owl,Owl,Sunday,300
April 2026,90 San Bruno Owl,Owl,Sunday,300
May 2026,90 San Bruno Owl,Owl,Sunday,300
June 2026,90 San Bruno Owl,Owl,Sunday,300
July 2026,90 San Bruno Owl,Owl,Sunday,300
August 2026,90 San Bruno Owl,Owl,Sunday,300
January 2019,91 3rd Street/19th Ave Owl,Owl,Sunday,600
February 2019,91 3rd Street/19th Ave Owl,Owl,Sunday,500
March 2019,91 3rd Street/19th Ave Owl,Owl,Sunday,500
April 2019,91 3rd Street/19th Ave Owl,Owl,Sunday,500
May 2019,91 3rd Street/19th Ave Owl,Owl,Sunday,600
June 2019,91 3rd Street/19th Ave Owl,Owl,Sunday,600
July 2019,91 3rd Street/19th Ave Owl,Owl,Sunday,600
August 2019,91 3rd Street/19th Ave Owl,Owl,Sunday,500
September 2019,91 3rd Street/19th Ave Owl,Owl,Sunday,600
October 2019,91 3rd Street/19th Ave Owl,Owl,Sunday,600
November 2019,91 3rd Street/19th Ave Owl,Owl,Sunday,500
December 2019,91 3rd Street/19th Ave Owl,Owl,Sunday,500
January 2020,91 3rd Street/19th Ave Owl,Owl,Sunday,600
February 2020,91 3rd Street/19th Ave Owl,Owl,Sunday,600
March 2020,91 3rd Street/19th Ave Owl,Owl,Sunday,400
April 2020,91 3rd Street/19th Ave Owl,Owl,Sunday,300
May 2020,91 3rd Street/19th Ave Owl,Owl,Sunday,400
June 2020,91 3rd Street/19th Ave Owl,Owl,Sunday,500
July 2020,91 3rd Street/19th Ave Owl,Owl,Sunday,600
August 2020,91 3rd Street/19th Ave Owl,Owl,Sunday,500
September 2020,91 3rd Street/19th Ave Owl,Owl,Sunday,700
October 2020,91 3rd Street/19th Ave Owl,Owl,Sunday,700
November 2020,91 3rd Street/19th Ave Owl,Owl,Sunday,600
December 2020,91 3rd Street/19th Ave Owl,Owl,Sunday,500
January 2021,91 3rd Street/19th Ave Owl,Owl,Sunday,500
February 2021,91 3rd Street/19th Ave Owl,Owl,Sunday,500
March 2021,91 3rd Street/19th Ave Owl,Owl,Sunday,500
April 2021,91 3rd Street/19th Ave Owl,Owl,Sunday,600
May 2021,91 3rd Street/19th Ave Owl,Owl,Sunday,600
June 2021,91 3rd Street/19th Ave Owl,Owl,Sunday,700
July 2021,91 3rd Street/19th Ave Owl,Owl,Sunday,800
August 2021,91 3rd Street/19th Ave Owl,Owl,Sunday,500
September 2021,91 3rd Street/19th Ave Owl,Owl,Sunday,500
October 2021,91 3rd Street/19th Ave Owl,Owl,Sunday,400
November 2021,91 3rd Street/19th Ave Owl,Owl,Sunday,400
December 2021,91 3rd Street/19th Ave Owl,Owl,Sunday,400
January 2022,91 3rd Street/19th Ave Owl,Owl,Sunday,300
February 2022,91 3rd Street/19th Ave Owl,Owl,Sunday,400
March 2022,91 3rd Street/19th Ave Owl,Owl,Sunday,400
April 2022,91 3rd Street/19th Ave Owl,Owl,Sunday,400
May 2022,91 3rd Street/19th Ave Owl,Owl,Sunday,500
June 2022,91 3rd Street/19th Ave Owl,Owl,Sunday,400
July 2022,91 3rd Street/19th Ave Owl,Owl,Sunday,400
August 2022,91 3rd Street/19th Ave Owl,Owl,Sunday,500
September 2022,91 3rd Street/19th Ave Owl,Owl,Sunday,500
October 2022,91 3rd Street/19th Ave Owl,Owl,Sunday,500
November 2022,91 3rd Street/19th Ave Owl,Owl,Sunday,400
December 2022,91 3rd Street/19th Ave Owl,Owl,Sunday,400
January 2023,91 3rd Street/19th Ave Owl,Owl,Sunday,400
February 2023,91 3rd Street/19th Ave Owl,Owl,Sunday,400
March 2023,91 3rd Street/19th Ave Owl,Owl,Sunday,500
April 2023,91 3rd Street/19th Ave Owl,Owl,Sunday,400
May 2023,91 3rd Street/19th Ave Owl,Owl,Sunday,500
June 2023,91 3rd Street/19th Ave Owl,Owl,Sunday,500
July 2023,91 3rd Street/19th Ave Owl,Owl,Sunday,500
August 2023,91 3rd Street/19th Ave Owl,Owl,Sunday,500
September 2023,91 3rd Street/19th Ave Owl,Owl,Sunday,500
October 2023,91 3rd Street/19th Ave Owl,Owl,Sunday,500
November 2023,91 3rd Street/19th Ave Owl,Owl,Sunday,500
December 2023,91 3rd Street/19th Ave Owl,Owl,Sunday,600
January 2024,91 3rd Street/19th Ave Owl,Owl,Sunday,500
February 2024,91 3rd Street/19th Ave Owl,Owl,Sunday,400
March 2024,91 3rd Street/19th Ave Owl,Owl,Sunday,500
April 2024,91 3rd Street/19th Ave Owl,Owl,Sunday,500
May 2024,91 3rd Street/19th Ave Owl,Owl,Sunday,500
June 2024,91 3rd Street/19th Ave Owl,Owl,Sunday,500
July 2024,91 3rd Street/19th Ave Owl,Owl,Sunday,500
August 2024,91 3rd Street/19th Ave Owl,Owl,Sunday,500
September 2024,91 3rd Street/19th Ave Owl,Owl,Sunday,600
October 2024,91 3rd Street/19th Ave Owl,Owl,Sunday,600
November 2024,91 3rd Street/19th Ave Owl,Owl,Sunday,600
December 2024,91 3rd Street/19th Ave Owl,Owl,Sunday,600
January 2025,91 3rd Street/19th Ave Owl,Owl,Sunday,500
February 2025,91 3rd Street/19th Ave Owl,Owl,Sunday,500
March 2025,91 3rd Street/19th Ave Owl,Owl,Sunday,500
April 2025,91 3rd Street/19th Ave Owl,Owl,Sunday,500
May 2025,91 3rd Street/19th Ave Owl,Owl,Sunday,500
June 2025,91 3rd Street/19th Ave Owl,Owl,Sunday,600
July 2025,91 3rd Street/19th Ave Owl,Owl,Sunday,500
August 2025,91 3rd Street/19th Ave Owl,Owl,Sunday,600
September 2025,91 3rd Street/19th Ave Owl,Owl,Sunday,600
October 2025,91 3rd Street/19th Ave Owl,Owl,Sunday,600
November 2025,91 3rd Street/19th Ave Owl,Owl,Sunday,600
December 2025,91 3rd Street/19th Ave Owl,Owl,Sunday,600
January 2026,91 3rd Street/19th Ave Owl,Owl,Sunday,600
February 2026,91 3rd Street/19th Ave Owl,Owl,Sunday,600
March 2026,91 3rd Street/19th Ave Owl,Owl,Sunday,600
April 2026,91 3rd Street/19th Ave Owl,Owl,Sunday,500
May 2026,91 3rd Street/19th Ave Owl,Owl,Sunday,500
June 2026,91 3rd Street/19th Ave Owl,Owl,Sunday,600
July 2026,91 3rd Street/19th Ave Owl,Owl,Sunday,600
August 2026,91 3rd Street/19th Ave Owl,Owl,Sunday,700
January 2019,E Embarcadero,Historic,Sunday,"1,300"
February 2019,E Embarcadero,Historic,Sunday,"1,500"
March 2019,E Embarcadero,Historic,Sunday,"1,800"
April 2019,E Embarcadero,Historic,Sunday,"1,800"
May 2019,E Embarcadero,Historic,Sunday,"1,900"
June 2019,E Embarcadero,Historic,Sunday,"1,900"
July 2019,E Embarcadero,Historic,Sunday,"2,300"
August 2019,E Embarcadero,Historic,Sunday,"2,200"
September 2019,E Embarcadero,Historic,Sunday,"1,900"
October 2019,E Embarcadero,Historic,Sunday,"1,700"
November 2019,E Embarcadero,Historic,Sunday,"1,600"
December 2019,E Embarcadero,Historic,Sunday,"1,600"
January 2020,E Embarcadero,Historic,Sunday,"1,400"
February 2020,E Embarcadero,Historic,Sunday,"1,700"
March 2020,E Embarcadero,Historic,Sunday,"2,000"
January 2019,F Market & Wharves,Historic,Sunday,"11,700"
February 2019,F Market & Wharves,Historic,Sunday,"13,800"
March 2019,F Market & Wharves,Historic,Sunday,"16,300"
April 2019,F Market & Wharves,Historic,Sunday,"16,000"
May 2019,F Market & Wharves,Historic,Sunday,"17,300"
June 2019,F Market & Wharves,Historic,Sunday,"17,300"
July 2019,F Market & Wharves,Historic,Sunday,"18,100"
August 2019,F Market & Wharves,Historic,Sunday,"16,700"
September 2019,F Market & Wharves,Historic,Sunday,"14,400"
October 2019,F Market & Wharves,Historic,Sunday,"13,400"
November 2019,F Market & Wharves,Historic,Sunday,"12,100"
December 2019,F Market & Wharves,Historic,Sunday,"12,500"
January 2020,F Market & Wharves,Historic,Sunday,"10,800"
February 2020,F Market & Wharves,Historic,Sunday,"12,800"
March 2020,F Market & Wharves,Historic,Sunday,"15,100"
January 2019,J Church,Muni Metro,Sunday,"6,100"
February 2019,J Church,Muni Metro,Sunday,"6,500"
March 2019,J Church,Muni Metro,Sunday,"6,500"
April 2019,J Church,Muni Metro,Sunday,"6,600"
May 2019,J Church,Muni Metro,Sunday,"6,400"
June 2019,J Church,Muni Metro,Sunday,"6,700"
July 2019,J Church,Muni Metro,Sunday,"7,700"
August 2019,J Church,Muni Metro,Sunday,"7,700"
September 2019,J Church,Muni Metro,Sunday,"7,600"
October 2019,J Church,Muni Metro,Sunday,"7,800"
November 2019,J Church,Muni Metro,Sunday,"7,300"
December 2019,J Church,Muni Metro,Sunday,"7,000"
January 2020,J Church,Muni Metro,Sunday,"7,100"
February 2020,J Church,Muni Metro,Sunday,"7,600"
March 2020,J Church,Muni Metro,Sunday,"7,600"
December 2020,J Church,Muni Metro,Sunday,400
January 2021,J Church,Muni Metro,Sunday,700
February 2021,J Church,Muni Metro,Sunday,600
March 2021,J Church,Muni Metro,Sunday,900
April 2021,J Church,Muni Metro,Sunday,"1,000"
May 2021,J Church,Muni Metro,Sunday,"1,100"
June 2021,J Church,Muni Metro,Sunday,"1,400"
July 2021,J Church,Muni Metro,Sunday,"1,500"
August 2021,J Church,Muni Metro,Sunday,"1,000"
September 2021,J Church,Muni Metro,Sunday,"1,800"
October 2021,J Church,Muni Metro,Sunday,"1,800"
November 2021,J Church,Muni Metro,Sunday,"1,700"
December 2021,J Church,Muni Metro,Sunday,"1,500"
January 2022,J Church,Muni Metro,Sunday,"1,700"
February 2022,J Church,Muni Metro,Sunday,"2,500"
March 2022,J Church,Muni Metro,Sunday,"3,400"
April 2022,J Church,Muni Metro,Sunday,"4,100"
May 2022,J Church,Muni Metro,Sunday,"4,700"
June 2022,J Church,Muni Metro,Sunday,"5,500"
July 2022,J Church,Muni Metro,Sunday,"3,400"
August 2022,J Church,Muni Metro,Sunday,"4,000"
September 2022,J Church,Muni Metro,Sunday,"4,400"
October 2022,J Church,Muni Metro,Sunday,"3,900"
November 2022,J Church,Muni Metro,Sunday,"3,800"
December 2022,J Church,Muni Metro,Sunday,"3,100"
January 2023,J Church,Muni Metro,Sunday,"3,200"
February 2023,J Church,Muni Metro,Sunday,"3,600"
March 2023,J Church,Muni Metro,Sunday,"3,900"
April 2023,J Church,Muni Metro,Sunday,"5,200"
May 2023,J Church,Muni Metro,Sunday,"5,100"
June 2023,J Church,Muni Metro,Sunday,"5,900"
July 2023,J Church,Muni Metro,Sunday,"5,000"
August 2023,J Church,Muni Metro,Sunday,"5,200"
September 2023,J Church,Muni Metro,Sunday,"4,900"
October 2023,J Church,Muni Metro,Sunday,"4,500"
November 2023,J Church,Muni Metro,Sunday,"4,100"
December 2023,J Church,Muni Metro,Sunday,"4,100"
January 2024,J Church,Muni Metro,Sunday,"4,200"
February 2024,J Church,Muni Metro,Sunday,"4,400"
March 2024,J Church,Muni Metro,Sunday,"4,500"
April 2024,J Church,Muni Metro,Sunday,"4,900"
May 2024,J Church,Muni Metro,Sunday,"5,300"
June 2024,J Church,Muni Metro,Sunday,"6,900"
July 2024,J Church,Muni Metro,Sunday,"5,100"
August 2024,J Church,Muni Metro,Sunday,"5,300"
September 2024,J Church,Muni Metro,Sunday,"5,300"
October 2024,J Church,Muni Metro,Sunday,"5,200"
November 2024,J Church,Muni Metro,Sunday,"4,100"
December 2024,J Church,Muni Metro,Sunday,"4,000"
January 2025,J Church,Muni Metro,Sunday,"4,300"
February 2025,J Church,Muni Metro,Sunday,"4,700"
March 2025,J Church,Muni Metro,Sunday,"4,800"
April 2025,J Church,Muni Metro,Sunday,"6,700"
May 2025,J Church,Muni Metro,Sunday,"5,900"
June 2025,J Church,Muni Metro,Sunday,"6,400"
July 2025,J Church,Muni Metro,Sunday,"5,000"
August 2025,J Church,Muni Metro,Sunday,"4,600"
September 2025,J Church,Muni Metro,Sunday,"5,200"
October 2025,J Church,Muni Metro,Sunday,"5,100"
November 2025,J Church,Muni Metro,Sunday,"4,100"
December 2025,J Church,Muni Metro,Sunday,"3,900"
January 2026,J Church,Muni Metro,Sunday,"4,200"
February 2026,J Church,Muni Metro,Sunday,"4,600"
March 2026,J Church,Muni Metro,Sunday,"5,800"
April 2026,J Church,Muni Metro,Sunday,"6,100"
May 2026,J Church,Muni Metro,Sunday,"6,300"
June 2026,J Church,Muni Metro,Sunday,"7,500"
July 2026,J Church,Muni Metro,Sunday,"5,800"
August 2026,J Church,Muni Metro,Sunday,"6,100"
March 2022,K Ingleside,Muni Metro,Sunday,100
January 2023,K Ingleside,Muni Metro,Sunday,"5,000"
February 2023,K Ingleside,Muni Metro,Sunday,"7,100"
March 2023,K Ingleside,Muni Metro,Sunday,"6,500"
April 2023,K Ingleside,Muni Metro,Sunday,"7,800"
May 2023,K Ingleside,Muni Metro,Sunday,"7,600"
June 2023,K Ingleside,Muni Metro,Sunday,"9,400"
July 2023,K Ingleside,Muni Metro,Sunday,"7,600"
August 2023,K Ingleside,Muni Metro,Sunday,"8,700"
September 2023,K Ingleside,Muni Metro,Sunday,"7,900"
October 2023,K Ingleside,Muni Metro,Sunday,"9,000"
November 2023,K Ingleside,Muni Metro,Sunday,"5,500"
December 2023,K Ingleside,Muni Metro,Sunday,"7,300"
January 2024,K Ingleside,Muni Metro,Sunday,"5,800"
February 2024,K Ingleside,Muni Metro,Sunday,"7,400"
March 2024,K Ingleside,Muni Metro,Sunday,"7,500"
April 2024,K Ingleside,Muni Metro,Sunday,"7,700"
May 2024,K Ingleside,Muni Metro,Sunday,"7,600"
June 2024,K Ingleside,Muni Metro,Sunday,"8,600"
July 2024,K Ingleside,Muni Metro,Sunday,"6,500"
August 2024,K Ingleside,Muni Metro,Sunday,"6,700"
September 2024,K Ingleside,Muni Metro,Sunday,"7,800"
October 2024,K Ingleside,Muni Metro,Sunday,"7,100"
November 2024,K Ingleside,Muni Metro,Sunday,"5,500"
December 2024,K Ingleside,Muni Metro,Sunday,"5,600"
January 2025,K Ingleside,Muni Metro,Sunday,"5,500"
February 2025,K Ingleside,Muni Metro,Sunday,"5,400"
March 2025,K Ingleside,Muni Metro,Sunday,"3,000"
April 2025,K Ingleside,Muni Metro,Sunday,"5,500"
May 2025,K Ingleside,Muni Metro,Sunday,"5,700"
June 2025,K Ingleside,Muni Metro,Sunday,"7,000"
July 2025,K Ingleside,Muni Metro,Sunday,"7,200"
August 2025,K Ingleside,Muni Metro,Sunday,"6,400"
September 2025,K Ingleside,Muni Metro,Sunday,"6,000"
October 2025,K Ingleside,Muni Metro,Sunday,"6,200"
November 2025,K Ingleside,Muni Metro,Sunday,"5,200"
December 2025,K Ingleside,Muni Metro,Sunday,"5,000"
January 2026,K Ingleside,Muni Metro,Sunday,"5,100"
February 2026,K Ingleside,Muni Metro,Sunday,"5,700"
March 2026,K Ingleside,Muni Metro,Sunday,"5,800"
April 2026,K Ingleside,Muni Metro,Sunday,"6,400"
May 2026,K Ingleside,Muni Metro,Sunday,"6,600"
June 2026,K Ingleside,Muni Metro,Sunday,"10,500"
July 2026,K Ingleside,Muni Metro,Sunday,"8,300"
August 2026,K Ingleside,Muni Metro,Sunday,"7,600"
March 2021,K L M N Owl,Owl,Sunday,100
April 2021,K L M N Owl,Owl,Sunday,100
May 2021,K L M N Owl,Owl,Sunday,200
January 2019,KT Ingleside/Third,Muni Metro,Sunday,"13,800"
February 2019,KT Ingleside/Third,Muni Metro,Sunday,"14,700"
March 2019,KT Ingleside/Third,Muni Metro,Sunday,"14,700"
April 2019,KT Ingleside/Third,Muni Metro,Sunday,"14,800"
May 2019,KT Ingleside/Third,Muni Metro,Sunday,"14,500"
June 2019,KT Ingleside/Third,Muni Metro,Sunday,"15,100"
July 2019,KT Ingleside/Third,Muni Metro,Sunday,"17,400"
August 2019,KT Ingleside/Third,Muni Metro,Sunday,"17,300"
September 2019,KT Ingleside/Third,Muni Metro,Sunday,"17,100"
October 2019,KT Ingleside/Third,Muni Metro,Sunday,"17,500"
November 2019,KT Ingleside/Third,Muni Metro,Sunday,"16,400"
December 2019,KT Ingleside/Third,Muni Metro,Sunday,"15,700"
January 2020,KT Ingleside/Third,Muni Metro,Sunday,"16,100"
February 2020,KT Ingleside/Third,Muni Metro,Sunday,"17,000"
March 2020,KT Ingleside/Third,Muni Metro,Sunday,"17,100"
May 2021,KT Ingleside/Third,Muni Metro,Sunday,"5,200"
June 2021,KT Ingleside/Third,Muni Metro,Sunday,"8,100"
July 2021,KT Ingleside/Third,Muni Metro,Sunday,"11,200"
August 2021,KT Ingleside/Third,Muni Metro,Sunday,"9,600"
September 2021,KT Ingleside/Third,Muni Metro,Sunday,"9,600"
October 2021,KT Ingleside/Third,Muni Metro,Sunday,"9,200"
November 2021,KT Ingleside/Third,Muni Metro,Sunday,"9,000"
December 2021,KT Ingleside/Third,Muni Metro,Sunday,"9,100"
January 2022,KT Ingleside/Third,Muni Metro,Sunday,"9,500"
February 2022,KT Ingleside/Third,Muni Metro,Sunday,"10,200"
March 2022,KT Ingleside/Third,Muni Metro,Sunday,"7,800"
April 2022,KT Ingleside/Third,Muni Metro,Sunday,"8,200"
May 2022,KT Ingleside/Third,Muni Metro,Sunday,"10,400"
June 2022,KT Ingleside/Third,Muni Metro,Sunday,"16,900"
July 2022,KT Ingleside/Third,Muni Metro,Sunday,"11,600"
August 2022,KT Ingleside/Third,Muni Metro,Sunday,"12,300"
September 2022,KT Ingleside/Third,Muni Metro,Sunday,"13,600"
October 2022,KT Ingleside/Third,Muni Metro,Sunday,"14,400"
November 2022,KT Ingleside/Third,Muni Metro,Sunday,"11,600"
December 2022,KT Ingleside/Third,Muni Metro,Sunday,"12,100"
January 2023,KT Ingleside/Third,Muni Metro,Sunday,"2,200"
November 2023,KT Ingleside/Third,Muni Metro,Sunday,"3,000"
March 2025,KT Ingleside/Third,Muni Metro,Sunday,"4,900"
January 2019,L Taraval,Muni Metro,Sunday,"11,900"
February 2019,L Taraval,Muni Metro,Sunday,"12,600"
March 2019,L Taraval,Muni Metro,Sunday,"12,700"
April 2019,L Taraval,Muni Metro,Sunday,"12,800"
May 2019,L Taraval,Muni Metro,Sunday,"12,500"
June 2019,L Taraval,Muni Metro,Sunday,"12,900"
July 2019,L Taraval,Muni Metro,Sunday,"14,800"
August 2019,L Taraval,Muni Metro,Sunday,"14,700"
September 2019,L Taraval,Muni Metro,Sunday,"14,500"
October 2019,L Taraval,Muni Metro,Sunday,"14,900"
November 2019,L Taraval,Muni Metro,Sunday,"13,900"
December 2019,L Taraval,Muni Metro,Sunday,"13,300"
January 2020,L Taraval,Muni Metro,Sunday,"13,600"
February 2020,L Taraval,Muni Metro,Sunday,"14,500"
March 2020,L Taraval,Muni Metro,Sunday,"14,500"
September 2024,L Taraval,Muni Metro,Sunday,"1,700"
October 2024,L Taraval,Muni Metro,Sunday,"8,800"
November 2024,L Taraval,Muni Metro,Sunday,"7,800"
December 2024,L Taraval,Muni Metro,Sunday,"8,300"
January 2025,L Taraval,Muni Metro,Sunday,"7,800"
February 2025,L Taraval,Muni Metro,Sunday,"9,000"
March 2025,L Taraval,Muni Metro,Sunday,"8,400"
April 2025,L Taraval,Muni Metro,Sunday,"7,900"
May 2025,L Taraval,Muni Metro,Sunday,"9,600"
June 2025,L Taraval,Muni Metro,Sunday,"11,300"
July 2025,L Taraval,Muni Metro,Sunday,"9,600"
August 2025,L Taraval,Muni Metro,Sunday,"9,800"
September 2025,L Taraval,Muni Metro,Sunday,"9,600"
October 2025,L Taraval,Muni Metro,Sunday,"10,000"
November 2025,L Taraval,Muni Metro,Sunday,"8,500"
December 2025,L Taraval,Muni Metro,Sunday,"8,100"
January 2026,L Taraval,Muni Metro,Sunday,"8,100"
February 2026,L Taraval,Muni Metro,Sunday,"9,300"
March 2026,L Taraval,Muni Metro,Sunday,"9,900"
April 2026,L Taraval,Muni Metro,Sunday,"9,700"
May 2026,L Taraval,Muni Metro,Sunday,"10,600"
June 2026,L Taraval,Muni Metro,Sunday,"13,600"
July 2026,L Taraval,Muni Metro,Sunday,"11,200"
August 2026,L Taraval,Muni Metro,Sunday,"11,000"
January 2019,M Ocean View,Muni Metro,Sunday,"11,600"
February 2019,M Ocean View,Muni Metro,Sunday,"12,300"
March 2019,M Ocean View,Muni Metro,Sunday,"12,400"
April 2019,M Ocean View,Muni Metro,Sunday,"12,500"
May 2019,M Ocean View,Muni Metro,Sunday,"12,200"
June 2019,M Ocean View,Muni Metro,Sunday,"12,700"
July 2019,M Ocean View,Muni Metro,Sunday,"13,600"
August 2019,M Ocean View,Muni Metro,Sunday,"13,500"
September 2019,M Ocean View,Muni Metro,Sunday,"13,400"
October 2019,M Ocean View,Muni Metro,Sunday,"13,700"
November 2019,M Ocean View,Muni Metro,Sunday,"12,800"
December 2019,M Ocean View,Muni Metro,Sunday,"12,200"
January 2020,M Ocean View,Muni Metro,Sunday,"12,600"
February 2020,M Ocean View,Muni Metro,Sunday,"13,300"
March 2020,M Ocean View,Muni Metro,Sunday,"13,400"
August 2021,M Ocean View,Muni Metro,Sunday,"3,400"
September 2021,M Ocean View,Muni Metro,Sunday,"6,800"
October 2021,M Ocean View,Muni Metro,Sunday,"7,200"
November 2021,M Ocean View,Muni Metro,Sunday,"6,500"
December 2021,M Ocean View,Muni Metro,Sunday,"6,700"
January 2022,M Ocean View,Muni Metro,Sunday,"6,600"
February 2022,M Ocean View,Muni Metro,Sunday,"7,600"
March 2022,M Ocean View,Muni Metro,Sunday,"7,300"
April 2022,M Ocean View,Muni Metro,Sunday,"8,100"
May 2022,M Ocean View,Muni Metro,Sunday,"7,500"
June 2022,M Ocean View,Muni Metro,Sunday,"10,800"
July 2022,M Ocean View,Muni Metro,Sunday,"7,700"
August 2022,M Ocean View,Muni Metro,Sunday,"9,600"
September 2022,M Ocean View,Muni Metro,Sunday,"10,000"
October 2022,M Ocean View,Muni Metro,Sunday,"9,900"
November 2022,M Ocean View,Muni Metro,Sunday,"7,900"
December 2022,M Ocean View,Muni Metro,Sunday,"8,500"
January 2023,M Ocean View,Muni Metro,Sunday,"9,600"
February 2023,M Ocean View,Muni Metro,Sunday,"11,200"
March 2023,M Ocean View,Muni Metro,Sunday,"9,700"
April 2023,M Ocean View,Muni Metro,Sunday,"10,700"
May 2023,M Ocean View,Muni Metro,Sunday,"10,600"
June 2023,M Ocean View,Muni Metro,Sunday,"13,400"
July 2023,M Ocean View,Muni Metro,Sunday,"11,900"
August 2023,M Ocean View,Muni Metro,Sunday,"12,900"
September 2023,M Ocean View,Muni Metro,Sunday,"13,200"
October 2023,M Ocean View,Muni Metro,Sunday,"12,700"
November 2023,M Ocean View,Muni Metro,Sunday,"10,900"
December 2023,M Ocean View,Muni Metro,Sunday,"11,600"
January 2024,M Ocean View,Muni Metro,Sunday,"10,800"
February 2024,M Ocean View,Muni Metro,Sunday,"11,500"
March 2024,M Ocean View,Muni Metro,Sunday,"11,700"
April 2024,M Ocean View,Muni Metro,Sunday,"12,800"
May 2024,M Ocean View,Muni Metro,Sunday,"12,700"
June 2024,M Ocean View,Muni Metro,Sunday,"11,300"
July 2024,M Ocean View,Muni Metro,Sunday,"8,800"
August 2024,M Ocean View,Muni Metro,Sunday,"9,300"
September 2024,M Ocean View,Muni Metro,Sunday,"12,000"
October 2024,M Ocean View,Muni Metro,Sunday,"9,900"
November 2024,M Ocean View,Muni Metro,Sunday,"9,000"
December 2024,M Ocean View,Muni Metro,Sunday,"9,800"
January 2025,M Ocean View,Muni Metro,Sunday,"8,900"
February 2025,M Ocean View,Muni Metro,Sunday,"9,900"
March 2025,M Ocean View,Muni Metro,Sunday,"9,100"
April 2025,M Ocean View,Muni Metro,Sunday,"10,300"
May 2025,M Ocean View,Muni Metro,Sunday,"9,900"
June 2025,M Ocean View,Muni Metro,Sunday,"11,600"
July 2025,M Ocean View,Muni Metro,Sunday,"10,400"
August 2025,M Ocean View,Muni Metro,Sunday,"10,600"
September 2025,M Ocean View,Muni Metro,Sunday,"10,500"
October 2025,M Ocean View,Muni Metro,Sunday,"11,000"
November 2025,M Ocean View,Muni Metro,Sunday,"9,200"
December 2025,M Ocean View,Muni Metro,Sunday,"9,200"
January 2026,M Ocean View,Muni Metro,Sunday,"8,900"
February 2026,M Ocean View,Muni Metro,Sunday,"10,000"
March 2026,M Ocean View,Muni Metro,Sunday,"10,800"
April 2026,M Ocean View,Muni Metro,Sunday,"10,200"
May 2026,M Ocean View,Muni Metro,Sunday,"11,300"
June 2026,M Ocean View,Muni Metro,Sunday,"14,400"
July 2026,M Ocean View,Muni Metro,Sunday,"12,600"
August 2026,M Ocean View,Muni Metro,Sunday,"12,000"
January 2019,N Judah,Muni Metro,Sunday,"14,500"
February 2019,N Judah,Muni Metro,Sunday,"15,300"
March 2019,N Judah,Muni Metro,Sunday,"15,400"
April 2019,N Judah,Muni Metro,Sunday,"15,500"
May 2019,N Judah,Muni Metro,Sunday,"15,200"
June 2019,N Judah,Muni Metro,Sunday,"15,800"
July 2019,N Judah,Muni Metro,Sunday,"20,400"
August 2019,N Judah,Muni Metro,Sunday,"20,300"
September 2019,N Judah,Muni Metro,Sunday,"20,100"
October 2019,N Judah,Muni Metro,Sunday,"20,500"
November 2019,N Judah,Muni Metro,Sunday,"19,200"
December 2019,N Judah,Muni Metro,Sunday,"18,400"
January 2020,N Judah,Muni Metro,Sunday,"18,800"
February 2020,N Judah,Muni Metro,Sunday,"20,000"
March 2020,N Judah,Muni Metro,Sunday,"20,100"
May 2021,N Judah,Muni Metro,Sunday,"4,200"
June 2021,N Judah,Muni Metro,Sunday,"4,900"
July 2021,N Judah,Muni Metro,Sunday,"7,500"
August 2021,N Judah,Muni Metro,Sunday,"8,600"
September 2021,N Judah,Muni Metro,Sunday,"10,200"
October 2021,N Judah,Muni Metro,Sunday,"10,000"
November 2021,N Judah,Muni Metro,Sunday,"8,600"
December 2021,N Judah,Muni Metro,Sunday,"8,200"
January 2022,N Judah,Muni Metro,Sunday,"9,100"
February 2022,N Judah,Muni Metro,Sunday,"9,400"
March 2022,N Judah,Muni Metro,Sunday,"7,900"
April 2022,N Judah,Muni Metro,Sunday,"6,000"
May 2022,N Judah,Muni Metro,Sunday,"10,300"
June 2022,N Judah,Muni Metro,Sunday,"16,400"
July 2022,N Judah,Muni Metro,Sunday,"12,300"
August 2022,N Judah,Muni Metro,Sunday,"14,500"
September 2022,N Judah,Muni Metro,Sunday,"14,000"
October 2022,N Judah,Muni Metro,Sunday,"14,200"
November 2022,N Judah,Muni Metro,Sunday,"11,100"
December 2022,N Judah,Muni Metro,Sunday,"11,000"
January 2023,N Judah,Muni Metro,Sunday,"13,200"
February 2023,N Judah,Muni Metro,Sunday,"12,800"
March 2023,N Judah,Muni Metro,Sunday,"13,400"
April 2023,N Judah,Muni Metro,Sunday,"15,800"
May 2023,N Judah,Muni Metro,Sunday,"15,500"
June 2023,N Judah,Muni Metro,Sunday,"19,400"
July 2023,N Judah,Muni Metro,Sunday,"18,800"
August 2023,N Judah,Muni Metro,Sunday,"18,200"
September 2023,N Judah,Muni Metro,Sunday,"17,500"
October 2023,N Judah,Muni Metro,Sunday,"17,600"
November 2023,N Judah,Muni Metro,Sunday,"13,900"
December 2023,N Judah,Muni Metro,Sunday,"13,400"
January 2024,N Judah,Muni Metro,Sunday,"15,400"
February 2024,N Judah,Muni Metro,Sunday,"14,500"
March 2024,N Judah,Muni Metro,Sunday,"16,500"
April 2024,N Judah,Muni Metro,Sunday,"18,800"
May 2024,N Judah,Muni Metro,Sunday,"18,700"
June 2024,N Judah,Muni Metro,Sunday,"20,800"
July 2024,N Judah,Muni Metro,Sunday,"19,300"
August 2024,N Judah,Muni Metro,Sunday,"19,900"
September 2024,N Judah,Muni Metro,Sunday,"20,300"
October 2024,N Judah,Muni Metro,Sunday,"19,700"
November 2024,N Judah,Muni Metro,Sunday,"15,100"
December 2024,N Judah,Muni Metro,Sunday,"15,200"
January 2025,N Judah,Muni Metro,Sunday,"15,600"
February 2025,N Judah,Muni Metro,Sunday,"17,000"
March 2025,N Judah,Muni Metro,Sunday,"16,400"
April 2025,N Judah,Muni Metro,Sunday,"20,200"
May 2025,N Judah,Muni Metro,Sunday,"20,800"
June 2025,N Judah,Muni Metro,Sunday,"22,700"
July 2025,N Judah,Muni Metro,Sunday,"21,300"
August 2025,N Judah,Muni Metro,Sunday,"23,700"
September 2025,N Judah,Muni Metro,Sunday,"21,600"
October 2025,N Judah,Muni Metro,Sunday,"19,600"
November 2025,N Judah,Muni Metro,Sunday,"16,300"
December 2025,N Judah,Muni Metro,Sunday,"9,800"
January 2026,N Judah,Muni Metro,Sunday,"16,100"
February 2026,N Judah,Muni Metro,Sunday,"17,900"
March 2026,N Judah,Muni Metro,Sunday,"20,000"
April 2026,N Judah,Muni Metro,Sunday,"20,900"
May 2026,N Judah,Muni Metro,Sunday,"22,800"
June 2026,N Judah,Muni Metro,Sunday,"26,000"
July 2026,N Judah,Muni Metro,Sunday,"23,400"
August 2026,N Judah,Muni Metro,Sunday,"24,100"
January 2019,NX N Express,Specialized,Sunday,
February 2019,NX N Express,Specialized,Sunday,
March 2019,NX N Express,Specialized,Sunday,
April 2019,NX N Express,Specialized,Sunday,
May 2019,NX N Express,Specialized,Sunday,
June 2019,NX N Express,Specialized,Sunday,
July 2019,NX N Express,Specialized,Sunday,
August 2019,NX N Express,Specialized,Sunday,
September 2019,NX N Express,Specialized,Sunday,
October 2019,NX N Express,Specialized,Sunday,
November 2019,NX N Express,Specialized,Sunday,
December 2019,NX N Express,Specialized,Sunday,
January 2020,NX N Express,Specialized,Sunday,
February 2020,NX N Express,Specialized,Sunday,
March 2020,NX N Express,Specialized,Sunday,
April 2023,S Shuttle,Muni Metro,Sunday,"4,700"
June 2024,S Shuttle,Muni Metro,Sunday,"1,500"
July 2024,S Shuttle,Muni Metro,Sunday,"2,300"
August 2024,S Shuttle,Muni Metro,Sunday,"2,100"
January 2021,T Third,Muni Metro,Sunday,800
February 2021,T Third,Muni Metro,Sunday,"2,900"
March 2021,T Third,Muni Metro,Sunday,"2,900"
April 2021,T Third,Muni Metro,Sunday,"3,400"
May 2021,T Third,Muni Metro,Sunday,900
November 2022,T Third,Muni Metro,Sunday,"3,800"
December 2022,T Third,Muni Metro,Sunday,"5,300"
January 2023,T Third,Muni Metro,Sunday,"9,700"
February 2023,T Third,Muni Metro,Sunday,"10,000"
March 2023,T Third,Muni Metro,Sunday,"9,000"
April 2023,T Third,Muni Metro,Sunday,"9,600"
May 2023,T Third,Muni Metro,Sunday,"10,300"
June 2023,T Third,Muni Metro,Sunday,"11,800"
July 2023,T Third,Muni Metro,Sunday,"11,200"
August 2023,T Third,Muni Metro,Sunday,"11,300"
September 2023,T Third,Muni Metro,Sunday,"11,200"
October 2023,T Third,Muni Metro,Sunday,"10,900"
November 2023,T Third,Muni Metro,Sunday,"7,700"
December 2023,T Third,Muni Metro,Sunday,"10,300"
January 2024,T Third,Muni Metro,Sunday,"10,600"
February 2024,T Third,Muni Metro,Sunday,"10,000"
March 2024,T Third,Muni Metro,Sunday,"10,800"
April 2024,T Third,Muni Metro,Sunday,"12,100"
May 2024,T Third,Muni Metro,Sunday,"11,900"
June 2024,T Third,Muni Metro,Sunday,"13,000"
July 2024,T Third,Muni Metro,Sunday,"12,100"
August 2024,T Third,Muni Metro,Sunday,"11,700"
September 2024,T Third,Muni Metro,Sunday,"13,400"
October 2024,T Third,Muni Metro,Sunday,"12,800"
November 2024,T Third,Muni Metro,Sunday,"10,800"
December 2024,T Third,Muni Metro,Sunday,"11,800"
January 2025,T Third,Muni Metro,Sunday,"12,700"
February 2025,T Third,Muni Metro,Sunday,"13,700"
March 2025,T Third,Muni Metro,Sunday,"6,500"
April 2025,T Third,Muni Metro,Sunday,"12,800"
May 2025,T Third,Muni Metro,Sunday,"13,900"
June 2025,T Third,Muni Metro,Sunday,"15,500"
July 2025,T Third,Muni Metro,Sunday,"13,800"
August 2025,T Third,Muni Metro,Sunday,"15,300"
September 2025,T Third,Muni Metro,Sunday,"15,300"
October 2025,T Third,Muni Metro,Sunday,"14,400"
November 2025,T Third,Muni Metro,Sunday,"13,200"
December 2025,T Third,Muni Metro,Sunday,"13,700"
January 2026,T Third,Muni Metro,Sunday,"13,400"
February 2026,T Third,Muni Metro,Sunday,"14,600"
March 2026,T Third,Muni Metro,Sunday,"15,100"
April 2026,T Third,Muni Metro,Sunday,"14,700"
May 2026,T Third,Muni Metro,Sunday,"17,000"
June 2026,T Third,Muni Metro,Sunday,"19,500"
July 2026,T Third,Muni Metro,Sunday,"13,700"
August 2026,T Third,Muni Metro,Sunday,"18,100"
January 2019,1 California,Frequent Local,Saturday,"13,700"
February 2019,1 California,Frequent Local,Saturday,"13,900"
March 2019,1 California,Frequent Local,Saturday,"15,900"
April 2019,1 California,Frequent Local,Saturday,"13,900"
May 2019,1 California,Frequent Local,Saturday,"13,000"
June 2019,1 California,Frequent Local,Saturday,"13,700"
July 2019,1 California,Frequent Local,Saturday,"13,600"
August 2019,1 California,Frequent Local,Saturday,"14,700"
September 2019,1 California,Frequent Local,Saturday,"14,300"
October 2019,1 California,Frequent Local,Saturday,"15,000"
November 2019,1 California,Frequent Local,Saturday,"12,200"
December 2019,1 California,Frequent Local,Saturday,"13,900"
January 2020,1 California,Frequent Local,Saturday,"14,100"
February 2020,1 California,Frequent Local,Saturday,"14,300"
March 2020,1 California,Frequent Local,Saturday,"4,900"
April 2020,1 California,Frequent Local,Saturday,"3,300"
May 2020,1 California,Frequent Local,Saturday,"4,200"
June 2020,1 California,Frequent Local,Saturday,"5,000"
July 2020,1 California,Frequent Local,Saturday,"5,300"
August 2020,1 California,Frequent Local,Saturday,"5,500"
September 2020,1 California,Frequent Local,Saturday,"6,000"
October 2020,1 California,Frequent Local,Saturday,"6,400"
November 2020,1 California,Frequent Local,Saturday,"6,100"
December 2020,1 California,Frequent Local,Saturday,"5,400"
January 2021,1 California,Frequent Local,Saturday,"5,400"
February 2021,1 California,Frequent Local,Saturday,"5,800"
March 2021,1 California,Frequent Local,Saturday,"6,700"
April 2021,1 California,Frequent Local,Saturday,"6,900"
May 2021,1 California,Frequent Local,Saturday,"7,400"
June 2021,1 California,Frequent Local,Saturday,"8,100"
July 2021,1 California,Frequent Local,Saturday,"8,700"
August 2021,1 California,Frequent Local,Saturday,"8,800"
September 2021,1 California,Frequent Local,Saturday,"9,500"
October 2021,1 California,Frequent Local,Saturday,"10,000"
November 2021,1 California,Frequent Local,Saturday,"9,200"
December 2021,1 California,Frequent Local,Saturday,"7,900"
January 2022,1 California,Frequent Local,Saturday,"7,700"
February 2022,1 California,Frequent Local,Saturday,"8,200"
March 2022,1 California,Frequent Local,Saturday,"8,900"
April 2022,1 California,Frequent Local,Saturday,"9,700"
May 2022,1 California,Frequent Local,Saturday,"10,000"
June 2022,1 California,Frequent Local,Saturday,"10,500"
July 2022,1 California,Frequent Local,Saturday,"10,000"
August 2022,1 California,Frequent Local,Saturday,"11,300"
September 2022,1 California,Frequent Local,Saturday,"11,400"
October 2022,1 California,Frequent Local,Saturday,"11,200"
November 2022,1 California,Frequent Local,Saturday,"10,200"
December 2022,1 California,Frequent Local,Saturday,"8,300"
January 2023,1 California,Frequent Local,Saturday,"9,600"
February 2023,1 California,Frequent Local,Saturday,"10,300"
March 2023,1 California,Frequent Local,Saturday,"10,700"
April 2023,1 California,Frequent Local,Saturday,"11,200"
May 2023,1 California,Frequent Local,Saturday,"10,800"
June 2023,1 California,Frequent Local,Saturday,"11,600"
July 2023,1 California,Frequent Local,Saturday,"11,800"
August 2023,1 California,Frequent Local,Saturday,"12,100"
September 2023,1 California,Frequent Local,Saturday,"11,900"
October 2023,1 California,Frequent Local,Saturday,"12,400"
November 2023,1 California,Frequent Local,Saturday,"11,200"
December 2023,1 California,Frequent Local,Saturday,"10,400"
January 2024,1 California,Frequent Local,Saturday,"10,900"
February 2024,1 California,Frequent Local,Saturday,"12,100"
March 2024,1 California,Frequent Local,Saturday,"12,200"
April 2024,1 California,Frequent Local,Saturday,"12,100"
May 2024,1 California,Frequent Local,Saturday,"11,300"
June 2024,1 California,Frequent Local,Saturday,"12,700"
July 2024,1 California,Frequent Local,Saturday,"12,100"
August 2024,1 California,Frequent Local,Saturday,"12,900"
September 2024,1 California,Frequent Local,Saturday,"13,000"
October 2024,1 California,Frequent Local,Saturday,"13,500"
November 2024,1 California,Frequent Local,Saturday,"12,100"
December 2024,1 California,Frequent Local,Saturday,"9,900"
January 2025,1 California,Frequent Local,Saturday,"12,600"
February 2025,1 California,Frequent Local,Saturday,"12,400"
March 2025,1 California,Frequent Local,Saturday,"12,600"
April 2025,1 California,Frequent Local,Saturday,"13,000"
May 2025,1 California,Frequent Local,Saturday,"12,300"
June 2025,1 California,Frequent Local,Saturday,"13,100"
July 2025,1 California,Frequent Local,Saturday,"12,500"
August 2025,1 California,Frequent Local,Saturday,"13,700"
September 2025,1 California,Frequent Local,Saturday,"14,000"
October 2025,1 California,Frequent Local,Saturday,"13,200"
November 2025,1 California,Frequent Local,Saturday,"12,300"
December 2025,1 California,Frequent Local,Saturday,"10,600"
January 2026,1 California,Frequent Local,Saturday,"12,400"
February 2026,1 California,Frequent Local,Saturday,"13,600"
March 2026,1 California,Frequent Local,Saturday,"13,100"
April 2026,1 California,Frequent Local,Saturday,"12,800"
May 2026,1 California,Frequent Local,Saturday,"12,600"
June 2026,1 California,Frequent Local,Saturday,"13,400"
July 2026,1 California,Frequent Local,Saturday,"13,400"
August 2026,1 California,Frequent Local,Saturday,"13,600"
January 2019,1AX California A Express,Specialized,Saturday,
February 2019,1AX California A Express,Specialized,Saturday,
March 2019,1AX California A Express,Specialized,Saturday,
April 2019,1AX California A Express,Specialized,Saturday,
May 2019,1AX California A Express,Specialized,Saturday,
June 2019,1AX California A Express,Specialized,Saturday,
July 2019,1AX California A Express,Specialized,Saturday,
August 2019,1AX California A Express,Specialized,Saturday,
September 2019,1AX California A Express,Specialized,Saturday,
October 2019,1AX California A Express,Specialized,Saturday,
November 2019,1AX California A Express,Specialized,Saturday,
December 2019,1AX California A Express,Specialized,Saturday,
January 2020,1AX California A Express,Specialized,Saturday,
February 2020,1AX California A Express,Specialized,Saturday,
March 2020,1AX California A Express,Specialized,Saturday,
January 2019,1BX California B Express,Specialized,Saturday,
February 2019,1BX California B Express,Specialized,Saturday,
March 2019,1BX California B Express,Specialized,Saturday,
April 2019,1BX California B Express,Specialized,Saturday,
May 2019,1BX California B Express,Specialized,Saturday,
June 2019,1BX California B Express,Specialized,Saturday,
July 2019,1BX California B Express,Specialized,Saturday,
August 2019,1BX California B Express,Specialized,Saturday,
September 2019,1BX California B Express,Specialized,Saturday,
October 2019,1BX California B Express,Specialized,Saturday,
November 2019,1BX California B Express,Specialized,Saturday,
December 2019,1BX California B Express,Specialized,Saturday,
January 2020,1BX California B Express,Specialized,Saturday,
February 2020,1BX California B Express,Specialized,Saturday,
March 2020,1BX California B Express,Specialized,Saturday,
January 2019,2 Sutter,Grid,Saturday,"2,400"
February 2019,2 Sutter,Grid,Saturday,"2,500"
March 2019,2 Sutter,Grid,Saturday,"2,500"
April 2019,2 Sutter,Grid,Saturday,"2,600"
May 2019,2 Sutter,Grid,Saturday,"2,500"
June 2019,2 Sutter,Grid,Saturday,"2,600"
July 2019,2 Sutter,Grid,Saturday,"2,700"
August 2019,2 Sutter,Grid,Saturday,"2,700"
September 2019,2 Sutter,Grid,Saturday,"2,700"
October 2019,2 Sutter,Grid,Saturday,"2,400"
November 2019,2 Sutter,Grid,Saturday,"2,400"
December 2019,2 Sutter,Grid,Saturday,"2,600"
January 2020,2 Sutter,Grid,Saturday,"2,300"
February 2020,2 Sutter,Grid,Saturday,"2,400"
March 2020,2 Sutter,Grid,Saturday,"1,400"
April 2020,2 Sutter,Grid,Saturday,100
July 2022,2 Sutter,Grid,Saturday,800
August 2022,2 Sutter,Grid,Saturday,"1,400"
September 2022,2 Sutter,Grid,Saturday,"1,500"
October 2022,2 Sutter,Grid,Saturday,"1,400"
November 2022,2 Sutter,Grid,Saturday,"1,400"
December 2022,2 Sutter,Grid,Saturday,"1,200"
January 2023,2 Sutter,Grid,Saturday,"1,200"
February 2023,2 Sutter,Grid,Saturday,"1,400"
March 2023,2 Sutter,Grid,Saturday,"1,600"
April 2023,2 Sutter,Grid,Saturday,"1,700"
May 2023,2 Sutter,Grid,Saturday,"1,500"
June 2023,2 Sutter,Grid,Saturday,"1,600"
July 2023,2 Sutter,Grid,Saturday,"1,700"
August 2023,2 Sutter,Grid,Saturday,"1,800"
September 2023,2 Sutter,Grid,Saturday,"1,700"
October 2023,2 Sutter,Grid,Saturday,"1,700"
November 2023,2 Sutter,Grid,Saturday,"1,800"
December 2023,2 Sutter,Grid,Saturday,"1,500"
January 2024,2 Sutter,Grid,Saturday,"1,600"
February 2024,2 Sutter,Grid,Saturday,"1,700"
March 2024,2 Sutter,Grid,Saturday,"1,900"
April 2024,2 Sutter,Grid,Saturday,"2,100"
May 2024,2 Sutter,Grid,Saturday,"1,800"
June 2024,2 Sutter,Grid,Saturday,"2,000"
July 2024,2 Sutter,Grid,Saturday,"1,900"
August 2024,2 Sutter,Grid,Saturday,"2,200"
September 2024,2 Sutter,Grid,Saturday,"2,300"
October 2024,2 Sutter,Grid,Saturday,"2,200"
November 2024,2 Sutter,Grid,Saturday,"1,900"
December 2024,2 Sutter,Grid,Saturday,"1,500"
January 2025,2 Sutter,Grid,Saturday,"1,900"
February 2025,2 Sutter,Grid,Saturday,"1,800"
March 2025,2 Sutter,Grid,Saturday,"2,000"
April 2025,2 Sutter,Grid,Saturday,"2,300"
May 2025,2 Sutter,Grid,Saturday,"1,900"
June 2025,2 Sutter,Grid,Saturday,"2,300"
July 2025,2 Sutter,Grid,Saturday,"2,200"
August 2025,2 Sutter,Grid,Saturday,"2,400"
September 2025,2 Sutter,Grid,Saturday,"2,300"
October 2025,2 Sutter,Grid,Saturday,"2,200"
November 2025,2 Sutter,Grid,Saturday,"2,200"
December 2025,2 Sutter,Grid,Saturday,"1,700"
January 2026,2 Sutter,Grid,Saturday,"2,000"
February 2026,2 Sutter,Grid,Saturday,"2,100"
March 2026,2 Sutter,Grid,Saturday,"1,900"
April 2026,2 Sutter,Grid,Saturday,"2,400"
May 2026,2 Sutter,Grid,Saturday,"2,200"
June 2026,2 Sutter,Grid,Saturday,"2,300"
July 2026,2 Sutter,Grid,Saturday,"2,500"
August 2026,2 Sutter,Grid,Saturday,"2,600"
January 2019,3 Jackson,Grid,Saturday,"1,900"
February 2019,3 Jackson,Grid,Saturday,"1,900"
March 2019,3 Jackson,Grid,Saturday,"1,500"
April 2019,3 Jackson,Grid,Saturday,"1,800"
May 2019,3 Jackson,Grid,Saturday,"1,400"
June 2019,3 Jackson,Grid,Saturday,"1,800"
July 2019,3 Jackson,Grid,Saturday,"1,700"
August 2019,3 Jackson,Grid,Saturday,"2,000"
September 2019,3 Jackson,Grid,Saturday,"1,800"
October 2019,3 Jackson,Grid,Saturday,"2,000"
November 2019,3 Jackson,Grid,Saturday,"2,100"
December 2019,3 Jackson,Grid,Saturday,"2,400"
January 2020,3 Jackson,Grid,Saturday,"2,100"
February 2020,3 Jackson,Grid,Saturday,"2,100"
March 2020,3 Jackson,Grid,Saturday,"1,000"
April 2020,3 Jackson,Grid,Saturday,100
January 2019,5 Fulton,Grid,Saturday,"9,600"
February 2019,5 Fulton,Grid,Saturday,"10,300"
March 2019,5 Fulton,Grid,Saturday,"10,500"
April 2019,5 Fulton,Grid,Saturday,"13,100"
May 2019,5 Fulton,Grid,Saturday,"11,100"
June 2019,5 Fulton,Grid,Saturday,"11,200"
July 2019,5 Fulton,Grid,Saturday,"11,100"
August 2019,5 Fulton,Grid,Saturday,"11,600"
September 2019,5 Fulton,Grid,Saturday,"13,200"
October 2019,5 Fulton,Grid,Saturday,"12,800"
November 2019,5 Fulton,Grid,Saturday,"11,600"
December 2019,5 Fulton,Grid,Saturday,"10,400"
January 2020,5 Fulton,Grid,Saturday,"9,900"
February 2020,5 Fulton,Grid,Saturday,"11,900"
March 2020,5 Fulton,Grid,Saturday,"5,600"
April 2020,5 Fulton,Grid,Saturday,"1,000"
May 2020,5 Fulton,Grid,Saturday,"2,300"
June 2020,5 Fulton,Grid,Saturday,"3,200"
July 2020,5 Fulton,Grid,Saturday,"3,800"
August 2020,5 Fulton,Grid,Saturday,"4,000"
September 2020,5 Fulton,Grid,Saturday,"4,300"
October 2020,5 Fulton,Grid,Saturday,"4,700"
November 2020,5 Fulton,Grid,Saturday,"4,300"
December 2020,5 Fulton,Grid,Saturday,"3,500"
January 2021,5 Fulton,Grid,Saturday,"3,800"
February 2021,5 Fulton,Grid,Saturday,"4,500"
March 2021,5 Fulton,Grid,Saturday,"5,200"
April 2021,5 Fulton,Grid,Saturday,"5,400"
May 2021,5 Fulton,Grid,Saturday,"5,700"
June 2021,5 Fulton,Grid,Saturday,"6,600"
July 2021,5 Fulton,Grid,Saturday,"7,200"
August 2021,5 Fulton,Grid,Saturday,"7,700"
September 2021,5 Fulton,Grid,Saturday,"8,800"
October 2021,5 Fulton,Grid,Saturday,"9,300"
November 2021,5 Fulton,Grid,Saturday,"8,400"
December 2021,5 Fulton,Grid,Saturday,"6,800"
January 2022,5 Fulton,Grid,Saturday,"6,400"
February 2022,5 Fulton,Grid,Saturday,"8,200"
March 2022,5 Fulton,Grid,Saturday,"7,900"
April 2022,5 Fulton,Grid,Saturday,"9,300"
May 2022,5 Fulton,Grid,Saturday,"9,400"
June 2022,5 Fulton,Grid,Saturday,"9,200"
July 2022,5 Fulton,Grid,Saturday,"9,300"
August 2022,5 Fulton,Grid,Saturday,"10,900"
September 2022,5 Fulton,Grid,Saturday,"11,600"
October 2022,5 Fulton,Grid,Saturday,"11,500"
November 2022,5 Fulton,Grid,Saturday,"10,100"
December 2022,5 Fulton,Grid,Saturday,"7,700"
January 2023,5 Fulton,Grid,Saturday,"8,300"
February 2023,5 Fulton,Grid,Saturday,"10,400"
March 2023,5 Fulton,Grid,Saturday,"10,600"
April 2023,5 Fulton,Grid,Saturday,"12,100"
May 2023,5 Fulton,Grid,Saturday,"10,900"
June 2023,5 Fulton,Grid,Saturday,"10,500"
July 2023,5 Fulton,Grid,Saturday,"11,500"
August 2023,5 Fulton,Grid,Saturday,"12,700"
September 2023,5 Fulton,Grid,Saturday,"12,400"
October 2023,5 Fulton,Grid,Saturday,"11,700"
November 2023,5 Fulton,Grid,Saturday,"10,700"
December 2023,5 Fulton,Grid,Saturday,"9,300"
January 2024,5 Fulton,Grid,Saturday,"8,800"
February 2024,5 Fulton,Grid,Saturday,"10,700"
March 2024,5 Fulton,Grid,Saturday,"10,600"
April 2024,5 Fulton,Grid,Saturday,"11,300"
May 2024,5 Fulton,Grid,Saturday,"10,300"
June 2024,5 Fulton,Grid,Saturday,"10,500"
July 2024,5 Fulton,Grid,Saturday,"10,700"
August 2024,5 Fulton,Grid,Saturday,"12,300"
September 2024,5 Fulton,Grid,Saturday,"12,100"
October 2024,5 Fulton,Grid,Saturday,"12,600"
November 2024,5 Fulton,Grid,Saturday,"10,500"
December 2024,5 Fulton,Grid,Saturday,"7,700"
January 2025,5 Fulton,Grid,Saturday,"9,800"
February 2025,5 Fulton,Grid,Saturday,"9,900"
March 2025,5 Fulton,Grid,Saturday,"10,600"
April 2025,5 Fulton,Grid,Saturday,"11,700"
May 2025,5 Fulton,Grid,Saturday,"10,600"
June 2025,5 Fulton,Grid,Saturday,"10,300"
July 2025,5 Fulton,Grid,Saturday,"10,900"
August 2025,5 Fulton,Grid,Saturday,"12,800"
September 2025,5 Fulton,Grid,Saturday,"11,900"
October 2025,5 Fulton,Grid,Saturday,"12,000"
November 2025,5 Fulton,Grid,Saturday,"10,500"
December 2025,5 Fulton,Grid,Saturday,"8,700"
January 2026,5 Fulton,Grid,Saturday,"9,600"
February 2026,5 Fulton,Grid,Saturday,"11,900"
March 2026,5 Fulton,Grid,Saturday,"12,800"
April 2026,5 Fulton,Grid,Saturday,"12,400"
May 2026,5 Fulton,Grid,Saturday,"12,400"
June 2026,5 Fulton,Grid,Saturday,"11,400"
July 2026,5 Fulton,Grid,Saturday,"12,500"
August 2026,5 Fulton,Grid,Saturday,"13,300"
January 2019,5R Fulton Rapid,Rapid Bus,Saturday,
February 2019,5R Fulton Rapid,Rapid Bus,Saturday,
March 2019,5R Fulton Rapid,Rapid Bus,Saturday,
April 2019,5R Fulton Rapid,Rapid Bus,Saturday,
May 2019,5R Fulton Rapid,Rapid Bus,Saturday,
June 2019,5R Fulton Rapid,Rapid Bus,Saturday,
July 2019,5R Fulton Rapid,Rapid Bus,Saturday,
August 2019,5R Fulton Rapid,Rapid Bus,Saturday,
September 2019,5R Fulton Rapid,Rapid Bus,Saturday,
October 2019,5R Fulton Rapid,Rapid Bus,Saturday,
November 2019,5R Fulton Rapid,Rapid Bus,Saturday,
December 2019,5R Fulton Rapid,Rapid Bus,Saturday,
January 2020,5R Fulton Rapid,Rapid Bus,Saturday,
February 2020,5R Fulton Rapid,Rapid Bus,Saturday,
March 2020,5R Fulton Rapid,Rapid Bus,Saturday,
January 2019,6 Haight/Parnassus,Grid,Saturday,"5,300"
February 2019,6 Haight/Parnassus,Grid,Saturday,"5,400"
March 2019,6 Haight/Parnassus,Grid,Saturday,"5,800"
April 2019,6 Haight/Parnassus,Grid,Saturday,"6,700"
May 2019,6 Haight/Parnassus,Grid,Saturday,"5,500"
June 2019,6 Haight/Parnassus,Grid,Saturday,"5,100"
July 2019,6 Haight/Parnassus,Grid,Saturday,"5,700"
August 2019,6 Haight/Parnassus,Grid,Saturday,"6,400"
September 2019,6 Haight/Parnassus,Grid,Saturday,"6,000"
October 2019,6 Haight/Parnassus,Grid,Saturday,"5,700"
November 2019,6 Haight/Parnassus,Grid,Saturday,"5,600"
December 2019,6 Haight/Parnassus,Grid,Saturday,"5,400"
January 2020,6 Haight/Parnassus,Grid,Saturday,"5,200"
February 2020,6 Haight/Parnassus,Grid,Saturday,"5,900"
March 2020,6 Haight/Parnassus,Grid,Saturday,"3,500"
April 2020,6 Haight/Parnassus,Grid,Saturday,500
July 2022,6 Haight/Parnassus,Grid,Saturday,"2,000"
August 2022,6 Haight/Parnassus,Grid,Saturday,"2,900"
September 2022,6 Haight/Parnassus,Grid,Saturday,"2,800"
October 2022,6 Haight/Parnassus,Grid,Saturday,"3,100"
November 2022,6 Haight/Parnassus,Grid,Saturday,"2,900"
December 2022,6 Haight/Parnassus,Grid,Saturday,"2,500"
January 2023,6 Haight/Parnassus,Grid,Saturday,"2,700"
February 2023,6 Haight/Parnassus,Grid,Saturday,"3,200"
March 2023,6 Haight/Parnassus,Grid,Saturday,"3,200"
April 2023,6 Haight/Parnassus,Grid,Saturday,"3,600"
May 2023,6 Haight/Parnassus,Grid,Saturday,"3,100"
June 2023,6 Haight/Parnassus,Grid,Saturday,"3,300"
July 2023,6 Haight/Parnassus,Grid,Saturday,"3,200"
August 2023,6 Haight/Parnassus,Grid,Saturday,"3,600"
September 2023,6 Haight/Parnassus,Grid,Saturday,"3,600"
October 2023,6 Haight/Parnassus,Grid,Saturday,"3,100"
November 2023,6 Haight/Parnassus,Grid,Saturday,"3,500"
December 2023,6 Haight/Parnassus,Grid,Saturday,"3,100"
January 2024,6 Haight/Parnassus,Grid,Saturday,"3,100"
February 2024,6 Haight/Parnassus,Grid,Saturday,"3,400"
March 2024,6 Haight/Parnassus,Grid,Saturday,"3,600"
April 2024,6 Haight/Parnassus,Grid,Saturday,"3,600"
May 2024,6 Haight/Parnassus,Grid,Saturday,"3,500"
June 2024,6 Haight/Parnassus,Grid,Saturday,"3,800"
July 2024,6 Haight/Parnassus,Grid,Saturday,"3,600"
August 2024,6 Haight/Parnassus,Grid,Saturday,"4,000"
September 2024,6 Haight/Parnassus,Grid,Saturday,"4,000"
October 2024,6 Haight/Parnassus,Grid,Saturday,"4,200"
November 2024,6 Haight/Parnassus,Grid,Saturday,"4,000"
December 2024,6 Haight/Parnassus,Grid,Saturday,"3,300"
January 2025,6 Haight/Parnassus,Grid,Saturday,"3,900"
February 2025,6 Haight/Parnassus,Grid,Saturday,"3,600"
March 2025,6 Haight/Parnassus,Grid,Saturday,"3,600"
April 2025,6 Haight/Parnassus,Grid,Saturday,"3,900"
May 2025,6 Haight/Parnassus,Grid,Saturday,"3,700"
June 2025,6 Haight/Parnassus,Grid,Saturday,"2,600"
July 2025,6 Haight/Parnassus,Grid,Saturday,"1,600"
August 2025,6 Haight/Parnassus,Grid,Saturday,"1,800"
September 2025,6 Haight/Parnassus,Grid,Saturday,"1,900"
October 2025,6 Haight/Parnassus,Grid,Saturday,"1,800"
November 2025,6 Haight/Parnassus,Grid,Saturday,"1,700"
December 2025,6 Haight/Parnassus,Grid,Saturday,"1,400"
January 2026,6 Haight/Parnassus,Grid,Saturday,"1,600"
February 2026,6 Haight/Parnassus,Grid,Saturday,"1,800"
March 2026,6 Haight/Parnassus,Grid,Saturday,"1,900"
April 2026,6 Haight/Parnassus,Grid,Saturday,"2,000"
May 2026,6 Haight/Parnassus,Grid,Saturday,"1,800"
June 2026,6 Haight/Parnassus,Grid,Saturday,"1,800"
July 2026,6 Haight/Parnassus,Grid,Saturday,"2,000"
August 2026,6 Haight/Parnassus,Grid,Saturday,"2,000"
January 2019,7 Haight/Noriega,Frequent Local,Saturday,"8,700"
February 2019,7 Haight/Noriega,Frequent Local,Saturday,"8,600"
March 2019,7 Haight/Noriega,Frequent Local,Saturday,"9,100"
April 2019,7 Haight/Noriega,Frequent Local,Saturday,"11,000"
May 2019,7 Haight/Noriega,Frequent Local,Saturday,"9,200"
June 2019,7 Haight/Noriega,Frequent Local,Saturday,"10,400"
July 2019,7 Haight/Noriega,Frequent Local,Saturday,"9,900"
August 2019,7 Haight/Noriega,Frequent Local,Saturday,"10,300"
September 2019,7 Haight/Noriega,Frequent Local,Saturday,"9,900"
October 2019,7 Haight/Noriega,Frequent Local,Saturday,"10,500"
November 2019,7 Haight/Noriega,Frequent Local,Saturday,"8,800"
December 2019,7 Haight/Noriega,Frequent Local,Saturday,"9,600"
January 2020,7 Haight/Noriega,Frequent Local,Saturday,"8,800"
February 2020,7 Haight/Noriega,Frequent Local,Saturday,"9,500"
March 2020,7 Haight/Noriega,Frequent Local,Saturday,"5,100"
April 2020,7 Haight/Noriega,Frequent Local,Saturday,600
June 2020,7 Haight/Noriega,Frequent Local,Saturday,300
July 2020,7 Haight/Noriega,Frequent Local,Saturday,600
August 2020,7 Haight/Noriega,Frequent Local,Saturday,"1,600"
September 2020,7 Haight/Noriega,Frequent Local,Saturday,"2,900"
October 2020,7 Haight/Noriega,Frequent Local,Saturday,"3,400"
November 2020,7 Haight/Noriega,Frequent Local,Saturday,"3,400"
December 2020,7 Haight/Noriega,Frequent Local,Saturday,"2,900"
January 2021,7 Haight/Noriega,Frequent Local,Saturday,"3,000"
February 2021,7 Haight/Noriega,Frequent Local,Saturday,"3,300"
March 2021,7 Haight/Noriega,Frequent Local,Saturday,"3,300"
April 2021,7 Haight/Noriega,Frequent Local,Saturday,"3,400"
May 2021,7 Haight/Noriega,Frequent Local,Saturday,"4,300"
June 2021,7 Haight/Noriega,Frequent Local,Saturday,"5,300"
July 2021,7 Haight/Noriega,Frequent Local,Saturday,"5,200"
August 2021,7 Haight/Noriega,Frequent Local,Saturday,"6,200"
September 2021,7 Haight/Noriega,Frequent Local,Saturday,"6,900"
October 2021,7 Haight/Noriega,Frequent Local,Saturday,"7,400"
November 2021,7 Haight/Noriega,Frequent Local,Saturday,"6,700"
December 2021,7 Haight/Noriega,Frequent Local,Saturday,"5,900"
January 2022,7 Haight/Noriega,Frequent Local,Saturday,"5,600"
February 2022,7 Haight/Noriega,Frequent Local,Saturday,"5,700"
March 2022,7 Haight/Noriega,Frequent Local,Saturday,"6,500"
April 2022,7 Haight/Noriega,Frequent Local,Saturday,"7,200"
May 2022,7 Haight/Noriega,Frequent Local,Saturday,"7,600"
June 2022,7 Haight/Noriega,Frequent Local,Saturday,"7,800"
July 2022,7 Haight/Noriega,Frequent Local,Saturday,"7,700"
August 2022,7 Haight/Noriega,Frequent Local,Saturday,"7,900"
September 2022,7 Haight/Noriega,Frequent Local,Saturday,"8,500"
October 2022,7 Haight/Noriega,Frequent Local,Saturday,"8,600"
November 2022,7 Haight/Noriega,Frequent Local,Saturday,"7,700"
December 2022,7 Haight/Noriega,Frequent Local,Saturday,"6,400"
January 2023,7 Haight/Noriega,Frequent Local,Saturday,"7,000"
February 2023,7 Haight/Noriega,Frequent Local,Saturday,"8,500"
March 2023,7 Haight/Noriega,Frequent Local,Saturday,"8,200"
April 2023,7 Haight/Noriega,Frequent Local,Saturday,"9,100"
May 2023,7 Haight/Noriega,Frequent Local,Saturday,"8,700"
June 2023,7 Haight/Noriega,Frequent Local,Saturday,"8,600"
July 2023,7 Haight/Noriega,Frequent Local,Saturday,"9,600"
August 2023,7 Haight/Noriega,Frequent Local,Saturday,"9,500"
September 2023,7 Haight/Noriega,Frequent Local,Saturday,"9,800"
October 2023,7 Haight/Noriega,Frequent Local,Saturday,"8,600"
November 2023,7 Haight/Noriega,Frequent Local,Saturday,"8,500"
December 2023,7 Haight/Noriega,Frequent Local,Saturday,"7,700"
January 2024,7 Haight/Noriega,Frequent Local,Saturday,"7,700"
February 2024,7 Haight/Noriega,Frequent Local,Saturday,"8,700"
March 2024,7 Haight/Noriega,Frequent Local,Saturday,"9,300"
April 2024,7 Haight/Noriega,Frequent Local,Saturday,"9,400"
May 2024,7 Haight/Noriega,Frequent Local,Saturday,"8,800"
June 2024,7 Haight/Noriega,Frequent Local,Saturday,"9,400"
July 2024,7 Haight/Noriega,Frequent Local,Saturday,"9,600"
August 2024,7 Haight/Noriega,Frequent Local,Saturday,"10,500"
September 2024,7 Haight/Noriega,Frequent Local,Saturday,"10,600"
October 2024,7 Haight/Noriega,Frequent Local,Saturday,"10,300"
November 2024,7 Haight/Noriega,Frequent Local,Saturday,"9,300"
December 2024,7 Haight/Noriega,Frequent Local,Saturday,"7,400"
January 2025,7 Haight/Noriega,Frequent Local,Saturday,"9,100"
February 2025,7 Haight/Noriega,Frequent Local,Saturday,"8,900"
March 2025,7 Haight/Noriega,Frequent Local,Saturday,"9,700"
April 2025,7 Haight/Noriega,Frequent Local,Saturday,"10,300"
May 2025,7 Haight/Noriega,Frequent Local,Saturday,"9,600"
June 2025,7 Haight/Noriega,Frequent Local,Saturday,"10,000"
July 2025,7 Haight/Noriega,Frequent Local,Saturday,"10,600"
August 2025,7 Haight/Noriega,Frequent Local,Saturday,"11,500"
September 2025,7 Haight/Noriega,Frequent Local,Saturday,"11,800"
October 2025,7 Haight/Noriega,Frequent Local,Saturday,"11,200"
November 2025,7 Haight/Noriega,Frequent Local,Saturday,"10,700"
December 2025,7 Haight/Noriega,Frequent Local,Saturday,"9,300"
January 2026,7 Haight/Noriega,Frequent Local,Saturday,"10,600"
February 2026,7 Haight/Noriega,Frequent Local,Saturday,"11,000"
March 2026,7 Haight/Noriega,Frequent Local,Saturday,"10,900"
April 2026,7 Haight/Noriega,Frequent Local,Saturday,"11,100"
May 2026,7 Haight/Noriega,Frequent Local,Saturday,"11,000"
June 2026,7 Haight/Noriega,Frequent Local,Saturday,"11,400"
July 2026,7 Haight/Noriega,Frequent Local,Saturday,"11,100"
August 2026,7 Haight/Noriega,Frequent Local,Saturday,"12,000"
January 2019,7X Noriega Express,Specialized,Saturday,
February 2019,7X Noriega Express,Specialized,Saturday,
March 2019,7X Noriega Express,Specialized,Saturday,
April 2019,7X Noriega Express,Specialized,Saturday,
May 2019,7X Noriega Express,Specialized,Saturday,
June 2019,7X Noriega Express,Specialized,Saturday,
July 2019,7X Noriega Express,Specialized,Saturday,
August 2019,7X Noriega Express,Specialized,Saturday,
September 2019,7X Noriega Express,Specialized,Saturday,
October 2019,7X Noriega Express,Specialized,Saturday,
November 2019,7X Noriega Express,Specialized,Saturday,
December 2019,7X Noriega Express,Specialized,Saturday,
January 2020,7X Noriega Express,Specialized,Saturday,
February 2020,7X Noriega Express,Specialized,Saturday,
March 2020,7X Noriega Express,Specialized,Saturday,
January 2019,8 Bayshore,Frequent Local,Saturday,"24,700"
February 2019,8 Bayshore,Frequent Local,Saturday,"24,700"
March 2019,8 Bayshore,Frequent Local,Saturday,"23,900"
April 2019,8 Bayshore,Frequent Local,Saturday,"26,000"
May 2019,8 Bayshore,Frequent Local,Saturday,"25,200"
June 2019,8 Bayshore,Frequent Local,Saturday,"26,500"
July 2019,8 Bayshore,Frequent Local,Saturday,"26,100"
August 2019,8 Bayshore,Frequent Local,Saturday,"27,300"
September 2019,8 Bayshore,Frequent Local,Saturday,"27,200"
October 2019,8 Bayshore,Frequent Local,Saturday,"27,000"
November 2019,8 Bayshore,Frequent Local,Saturday,"24,400"
December 2019,8 Bayshore,Frequent Local,Saturday,"24,900"
January 2020,8 Bayshore,Frequent Local,Saturday,"24,500"
February 2020,8 Bayshore,Frequent Local,Saturday,"24,000"
March 2020,8 Bayshore,Frequent Local,Saturday,"11,800"
April 2020,8 Bayshore,Frequent Local,Saturday,"6,800"
May 2020,8 Bayshore,Frequent Local,Saturday,"9,200"
June 2020,8 Bayshore,Frequent Local,Saturday,"10,500"
July 2020,8 Bayshore,Frequent Local,Saturday,"11,200"
August 2020,8 Bayshore,Frequent Local,Saturday,"11,400"
September 2020,8 Bayshore,Frequent Local,Saturday,"12,200"
October 2020,8 Bayshore,Frequent Local,Saturday,"13,300"
November 2020,8 Bayshore,Frequent Local,Saturday,"12,700"
December 2020,8 Bayshore,Frequent Local,Saturday,"11,700"
January 2021,8 Bayshore,Frequent Local,Saturday,"11,200"
February 2021,8 Bayshore,Frequent Local,Saturday,"12,400"
March 2021,8 Bayshore,Frequent Local,Saturday,"13,300"
April 2021,8 Bayshore,Frequent Local,Saturday,"13,800"
May 2021,8 Bayshore,Frequent Local,Saturday,"13,700"
June 2021,8 Bayshore,Frequent Local,Saturday,"14,500"
July 2021,8 Bayshore,Frequent Local,Saturday,"15,500"
August 2021,8 Bayshore,Frequent Local,Saturday,"14,200"
September 2021,8 Bayshore,Frequent Local,Saturday,"15,100"
October 2021,8 Bayshore,Frequent Local,Saturday,"15,800"
November 2021,8 Bayshore,Frequent Local,Saturday,"17,200"
December 2021,8 Bayshore,Frequent Local,Saturday,"15,500"
January 2022,8 Bayshore,Frequent Local,Saturday,"14,600"
February 2022,8 Bayshore,Frequent Local,Saturday,"14,400"
March 2022,8 Bayshore,Frequent Local,Saturday,"16,200"
April 2022,8 Bayshore,Frequent Local,Saturday,"17,700"
May 2022,8 Bayshore,Frequent Local,Saturday,"17,500"
June 2022,8 Bayshore,Frequent Local,Saturday,"18,600"
July 2022,8 Bayshore,Frequent Local,Saturday,"19,000"
August 2022,8 Bayshore,Frequent Local,Saturday,"21,100"
September 2022,8 Bayshore,Frequent Local,Saturday,"21,200"
October 2022,8 Bayshore,Frequent Local,Saturday,"20,600"
November 2022,8 Bayshore,Frequent Local,Saturday,"19,900"
December 2022,8 Bayshore,Frequent Local,Saturday,"16,300"
January 2023,8 Bayshore,Frequent Local,Saturday,"17,700"
February 2023,8 Bayshore,Frequent Local,Saturday,"18,300"
March 2023,8 Bayshore,Frequent Local,Saturday,"19,000"
April 2023,8 Bayshore,Frequent Local,Saturday,"21,100"
May 2023,8 Bayshore,Frequent Local,Saturday,"20,700"
June 2023,8 Bayshore,Frequent Local,Saturday,"21,000"
July 2023,8 Bayshore,Frequent Local,Saturday,"21,500"
August 2023,8 Bayshore,Frequent Local,Saturday,"22,200"
September 2023,8 Bayshore,Frequent Local,Saturday,"21,500"
October 2023,8 Bayshore,Frequent Local,Saturday,"21,900"
November 2023,8 Bayshore,Frequent Local,Saturday,"20,400"
December 2023,8 Bayshore,Frequent Local,Saturday,"18,800"
January 2024,8 Bayshore,Frequent Local,Saturday,"18,200"
February 2024,8 Bayshore,Frequent Local,Saturday,"19,200"
March 2024,8 Bayshore,Frequent Local,Saturday,"20,400"
April 2024,8 Bayshore,Frequent Local,Saturday,"20,700"
May 2024,8 Bayshore,Frequent Local,Saturday,"20,100"
June 2024,8 Bayshore,Frequent Local,Saturday,"21,900"
July 2024,8 Bayshore,Frequent Local,Saturday,"21,600"
August 2024,8 Bayshore,Frequent Local,Saturday,"23,100"
September 2024,8 Bayshore,Frequent Local,Saturday,"23,800"
October 2024,8 Bayshore,Frequent Local,Saturday,"23,000"
November 2024,8 Bayshore,Frequent Local,Saturday,"20,800"
December 2024,8 Bayshore,Frequent Local,Saturday,"18,000"
January 2025,8 Bayshore,Frequent Local,Saturday,"21,000"
February 2025,8 Bayshore,Frequent Local,Saturday,"19,900"
March 2025,8 Bayshore,Frequent Local,Saturday,"22,700"
April 2025,8 Bayshore,Frequent Local,Saturday,"22,800"
May 2025,8 Bayshore,Frequent Local,Saturday,"22,600"
June 2025,8 Bayshore,Frequent Local,Saturday,"21,400"
July 2025,8 Bayshore,Frequent Local,Saturday,"22,400"
August 2025,8 Bayshore,Frequent Local,Saturday,"23,200"
September 2025,8 Bayshore,Frequent Local,Saturday,"24,100"
October 2025,8 Bayshore,Frequent Local,Saturday,"22,000"
November 2025,8 Bayshore,Frequent Local,Saturday,"22,200"
December 2025,8 Bayshore,Frequent Local,Saturday,"19,300"
January 2026,8 Bayshore,Frequent Local,Saturday,"20,800"
February 2026,8 Bayshore,Frequent Local,Saturday,"22,300"
March 2026,8 Bayshore,Frequent Local,Saturday,"21,000"
April 2026,8 Bayshore,Frequent Local,Saturday,"21,600"
May 2026,8 Bayshore,Frequent Local,Saturday,"22,700"
June 2026,8 Bayshore,Frequent Local,Saturday,"22,400"
July 2026,8 Bayshore,Frequent Local,Saturday,"23,100"
August 2026,8 Bayshore,Frequent Local,Saturday,"23,000"
January 2019,8AX Bayshore A Express,Specialized,Saturday,
February 2019,8AX Bayshore A Express,Specialized,Saturday,
March 2019,8AX Bayshore A Express,Specialized,Saturday,
April 2019,8AX Bayshore A Express,Specialized,Saturday,
May 2019,8AX Bayshore A Express,Specialized,Saturday,
June 2019,8AX Bayshore A Express,Specialized,Saturday,
July 2019,8AX Bayshore A Express,Specialized,Saturday,
August 2019,8AX Bayshore A Express,Specialized,Saturday,
September 2019,8AX Bayshore A Express,Specialized,Saturday,
October 2019,8AX Bayshore A Express,Specialized,Saturday,
November 2019,8AX Bayshore A Express,Specialized,Saturday,
December 2019,8AX Bayshore A Express,Specialized,Saturday,
January 2020,8AX Bayshore A Express,Specialized,Saturday,
February 2020,8AX Bayshore A Express,Specialized,Saturday,
March 2020,8AX Bayshore A Express,Specialized,Saturday,
January 2019,8BX Bayshore B Express,Specialized,Saturday,
February 2019,8BX Bayshore B Express,Specialized,Saturday,
March 2019,8BX Bayshore B Express,Specialized,Saturday,
April 2019,8BX Bayshore B Express,Specialized,Saturday,
May 2019,8BX Bayshore B Express,Specialized,Saturday,
June 2019,8BX Bayshore B Express,Specialized,Saturday,
July 2019,8BX Bayshore B Express,Specialized,Saturday,
August 2019,8BX Bayshore B Express,Specialized,Saturday,
September 2019,8BX Bayshore B Express,Specialized,Saturday,
October 2019,8BX Bayshore B Express,Specialized,Saturday,
November 2019,8BX Bayshore B Express,Specialized,Saturday,
December 2019,8BX Bayshore B Express,Specialized,Saturday,
January 2020,8BX Bayshore B Express,Specialized,Saturday,
February 2020,8BX Bayshore B Express,Specialized,Saturday,
March 2020,8BX Bayshore B Express,Specialized,Saturday,
January 2019,9 San Bruno,Frequent Local,Saturday,"11,100"
February 2019,9 San Bruno,Frequent Local,Saturday,"10,500"
March 2019,9 San Bruno,Frequent Local,Saturday,"10,400"
April 2019,9 San Bruno,Frequent Local,Saturday,"10,200"
May 2019,9 San Bruno,Frequent Local,Saturday,"10,300"
June 2019,9 San Bruno,Frequent Local,Saturday,"11,000"
July 2019,9 San Bruno,Frequent Local,Saturday,"10,600"
August 2019,9 San Bruno,Frequent Local,Saturday,"6,900"
September 2019,9 San Bruno,Frequent Local,Saturday,"10,700"
October 2019,9 San Bruno,Frequent Local,Saturday,"10,700"
November 2019,9 San Bruno,Frequent Local,Saturday,"9,600"
December 2019,9 San Bruno,Frequent Local,Saturday,"10,300"
January 2020,9 San Bruno,Frequent Local,Saturday,"10,000"
February 2020,9 San Bruno,Frequent Local,Saturday,"10,700"
March 2020,9 San Bruno,Frequent Local,Saturday,"6,400"
April 2020,9 San Bruno,Frequent Local,Saturday,"5,300"
May 2020,9 San Bruno,Frequent Local,Saturday,"5,600"
June 2020,9 San Bruno,Frequent Local,Saturday,"6,400"
July 2020,9 San Bruno,Frequent Local,Saturday,"6,900"
August 2020,9 San Bruno,Frequent Local,Saturday,"7,000"
September 2020,9 San Bruno,Frequent Local,Saturday,"6,300"
October 2020,9 San Bruno,Frequent Local,Saturday,"6,900"
November 2020,9 San Bruno,Frequent Local,Saturday,"6,300"
December 2020,9 San Bruno,Frequent Local,Saturday,"6,100"
January 2021,9 San Bruno,Frequent Local,Saturday,"6,600"
February 2021,9 San Bruno,Frequent Local,Saturday,"7,200"
March 2021,9 San Bruno,Frequent Local,Saturday,"7,900"
April 2021,9 San Bruno,Frequent Local,Saturday,"7,700"
May 2021,9 San Bruno,Frequent Local,Saturday,"7,700"
June 2021,9 San Bruno,Frequent Local,Saturday,"8,200"
July 2021,9 San Bruno,Frequent Local,Saturday,"8,400"
August 2021,9 San Bruno,Frequent Local,Saturday,"7,900"
September 2021,9 San Bruno,Frequent Local,Saturday,"8,100"
October 2021,9 San Bruno,Frequent Local,Saturday,"8,100"
November 2021,9 San Bruno,Frequent Local,Saturday,"8,300"
December 2021,9 San Bruno,Frequent Local,Saturday,"7,100"
January 2022,9 San Bruno,Frequent Local,Saturday,"7,300"
February 2022,9 San Bruno,Frequent Local,Saturday,"8,800"
March 2022,9 San Bruno,Frequent Local,Saturday,"8,700"
April 2022,9 San Bruno,Frequent Local,Saturday,"8,900"
May 2022,9 San Bruno,Frequent Local,Saturday,"8,800"
June 2022,9 San Bruno,Frequent Local,Saturday,"9,200"
July 2022,9 San Bruno,Frequent Local,Saturday,"9,400"
August 2022,9 San Bruno,Frequent Local,Saturday,"10,100"
September 2022,9 San Bruno,Frequent Local,Saturday,"10,500"
October 2022,9 San Bruno,Frequent Local,Saturday,"10,700"
November 2022,9 San Bruno,Frequent Local,Saturday,"10,300"
December 2022,9 San Bruno,Frequent Local,Saturday,"8,900"
January 2023,9 San Bruno,Frequent Local,Saturday,"9,400"
February 2023,9 San Bruno,Frequent Local,Saturday,"9,900"
March 2023,9 San Bruno,Frequent Local,Saturday,"10,100"
April 2023,9 San Bruno,Frequent Local,Saturday,"10,900"
May 2023,9 San Bruno,Frequent Local,Saturday,"10,700"
June 2023,9 San Bruno,Frequent Local,Saturday,"10,500"
July 2023,9 San Bruno,Frequent Local,Saturday,"10,900"
August 2023,9 San Bruno,Frequent Local,Saturday,"11,400"
September 2023,9 San Bruno,Frequent Local,Saturday,"11,200"
October 2023,9 San Bruno,Frequent Local,Saturday,"9,600"
November 2023,9 San Bruno,Frequent Local,Saturday,"11,200"
December 2023,9 San Bruno,Frequent Local,Saturday,"10,600"
January 2024,9 San Bruno,Frequent Local,Saturday,"9,800"
February 2024,9 San Bruno,Frequent Local,Saturday,"10,200"
March 2024,9 San Bruno,Frequent Local,Saturday,"10,800"
April 2024,9 San Bruno,Frequent Local,Saturday,"11,000"
May 2024,9 San Bruno,Frequent Local,Saturday,"10,800"
June 2024,9 San Bruno,Frequent Local,Saturday,"11,400"
July 2024,9 San Bruno,Frequent Local,Saturday,"10,800"
August 2024,9 San Bruno,Frequent Local,Saturday,"11,500"
September 2024,9 San Bruno,Frequent Local,Saturday,"12,200"
October 2024,9 San Bruno,Frequent Local,Saturday,"11,700"
November 2024,9 San Bruno,Frequent Local,Saturday,"12,100"
December 2024,9 San Bruno,Frequent Local,Saturday,"9,700"
January 2025,9 San Bruno,Frequent Local,Saturday,"11,500"
February 2025,9 San Bruno,Frequent Local,Saturday,"11,100"
March 2025,9 San Bruno,Frequent Local,Saturday,"11,700"
April 2025,9 San Bruno,Frequent Local,Saturday,"11,900"
May 2025,9 San Bruno,Frequent Local,Saturday,"11,500"
June 2025,9 San Bruno,Frequent Local,Saturday,"11,800"
July 2025,9 San Bruno,Frequent Local,Saturday,"11,100"
August 2025,9 San Bruno,Frequent Local,Saturday,"12,100"
September 2025,9 San Bruno,Frequent Local,Saturday,"12,400"
October 2025,9 San Bruno,Frequent Local,Saturday,"11,300"
November 2025,9 San Bruno,Frequent Local,Saturday,"11,800"
December 2025,9 San Bruno,Frequent Local,Saturday,"10,200"
January 2026,9 San Bruno,Frequent Local,Saturday,"11,000"
February 2026,9 San Bruno,Frequent Local,Saturday,"12,300"
March 2026,9 San Bruno,Frequent Local,Saturday,"11,700"
April 2026,9 San Bruno,Frequent Local,Saturday,"11,300"
May 2026,9 San Bruno,Frequent Local,Saturday,"11,300"
June 2026,9 San Bruno,Frequent Local,Saturday,"12,100"
July 2026,9 San Bruno,Frequent Local,Saturday,"11,800"
August 2026,9 San Bruno,Frequent Local,Saturday,"12,000"
January 2019,9R San Bruno Rapid,Rapid Bus,Saturday,
February 2019,9R San Bruno Rapid,Rapid Bus,Saturday,
March 2019,9R San Bruno Rapid,Rapid Bus,Saturday,
April 2019,9R San Bruno Rapid,Rapid Bus,Saturday,
May 2019,9R San Bruno Rapid,Rapid Bus,Saturday,
June 2019,9R San Bruno Rapid,Rapid Bus,Saturday,
July 2019,9R San Bruno Rapid,Rapid Bus,Saturday,
August 2019,9R San Bruno Rapid,Rapid Bus,Saturday,
September 2019,9R San Bruno Rapid,Rapid Bus,Saturday,
October 2019,9R San Bruno Rapid,Rapid Bus,Saturday,
November 2019,9R San Bruno Rapid,Rapid Bus,Saturday,
December 2019,9R San Bruno Rapid,Rapid Bus,Saturday,
January 2020,9R San Bruno Rapid,Rapid Bus,Saturday,
February 2020,9R San Bruno Rapid,Rapid Bus,Saturday,
March 2020,9R San Bruno Rapid,Rapid Bus,Saturday,
January 2019,10 Townsend,Grid,Saturday,"3,500"
February 2019,10 Townsend,Grid,Saturday,"3,100"
March 2019,10 Townsend,Grid,Saturday,"3,300"
April 2019,10 Townsend,Grid,Saturday,"3,100"
May 2019,10 Townsend,Grid,Saturday,"3,100"
June 2019,10 Townsend,Grid,Saturday,"3,200"
July 2019,10 Townsend,Grid,Saturday,"3,700"
August 2019,10 Townsend,Grid,Saturday,"3,600"
September 2019,10 Townsend,Grid,Saturday,"3,600"
October 2019,10 Townsend,Grid,Saturday,"3,700"
November 2019,10 Townsend,Grid,Saturday,"3,200"
December 2019,10 Townsend,Grid,Saturday,"3,200"
January 2020,10 Townsend,Grid,Saturday,"3,100"
February 2020,10 Townsend,Grid,Saturday,"3,200"
March 2020,10 Townsend,Grid,Saturday,"1,700"
April 2020,10 Townsend,Grid,Saturday,200
January 2019,12 Folsom/Pacific,Grid,Saturday,"4,000"
February 2019,12 Folsom/Pacific,Grid,Saturday,"4,000"
March 2019,12 Folsom/Pacific,Grid,Saturday,"3,600"
April 2019,12 Folsom/Pacific,Grid,Saturday,"3,800"
May 2019,12 Folsom/Pacific,Grid,Saturday,"4,000"
June 2019,12 Folsom/Pacific,Grid,Saturday,"3,900"
July 2019,12 Folsom/Pacific,Grid,Saturday,"4,400"
August 2019,12 Folsom/Pacific,Grid,Saturday,"5,000"
September 2019,12 Folsom/Pacific,Grid,Saturday,"3,900"
October 2019,12 Folsom/Pacific,Grid,Saturday,"3,400"
November 2019,12 Folsom/Pacific,Grid,Saturday,"3,700"
December 2019,12 Folsom/Pacific,Grid,Saturday,"4,300"
January 2020,12 Folsom/Pacific,Grid,Saturday,"3,600"
February 2020,12 Folsom/Pacific,Grid,Saturday,"3,900"
March 2020,12 Folsom/Pacific,Grid,Saturday,"2,300"
April 2020,12 Folsom/Pacific,Grid,Saturday,400
May 2020,12 Folsom/Pacific,Grid,Saturday,600
June 2020,12 Folsom/Pacific,Grid,Saturday,800
July 2020,12 Folsom/Pacific,Grid,Saturday,700
August 2020,12 Folsom/Pacific,Grid,Saturday,"1,000"
September 2020,12 Folsom/Pacific,Grid,Saturday,"1,100"
October 2020,12 Folsom/Pacific,Grid,Saturday,"1,300"
November 2020,12 Folsom/Pacific,Grid,Saturday,"1,100"
December 2020,12 Folsom/Pacific,Grid,Saturday,"1,100"
January 2021,12 Folsom/Pacific,Grid,Saturday,"1,100"
February 2021,12 Folsom/Pacific,Grid,Saturday,"1,400"
March 2021,12 Folsom/Pacific,Grid,Saturday,"1,500"
April 2021,12 Folsom/Pacific,Grid,Saturday,"1,500"
May 2021,12 Folsom/Pacific,Grid,Saturday,"1,400"
June 2021,12 Folsom/Pacific,Grid,Saturday,"1,400"
July 2021,12 Folsom/Pacific,Grid,Saturday,"1,300"
August 2021,12 Folsom/Pacific,Grid,Saturday,"2,100"
September 2021,12 Folsom/Pacific,Grid,Saturday,"2,600"
October 2021,12 Folsom/Pacific,Grid,Saturday,"2,500"
November 2021,12 Folsom/Pacific,Grid,Saturday,"2,900"
December 2021,12 Folsom/Pacific,Grid,Saturday,"2,500"
January 2022,12 Folsom/Pacific,Grid,Saturday,"2,400"
February 2022,12 Folsom/Pacific,Grid,Saturday,"2,600"
March 2022,12 Folsom/Pacific,Grid,Saturday,"2,800"
April 2022,12 Folsom/Pacific,Grid,Saturday,"3,200"
May 2022,12 Folsom/Pacific,Grid,Saturday,"3,600"
June 2022,12 Folsom/Pacific,Grid,Saturday,"3,700"
July 2022,12 Folsom/Pacific,Grid,Saturday,"3,600"
August 2022,12 Folsom/Pacific,Grid,Saturday,"4,100"
September 2022,12 Folsom/Pacific,Grid,Saturday,"4,300"
October 2022,12 Folsom/Pacific,Grid,Saturday,"4,200"
November 2022,12 Folsom/Pacific,Grid,Saturday,"4,100"
December 2022,12 Folsom/Pacific,Grid,Saturday,"3,300"
January 2023,12 Folsom/Pacific,Grid,Saturday,"3,800"
February 2023,12 Folsom/Pacific,Grid,Saturday,"3,900"
March 2023,12 Folsom/Pacific,Grid,Saturday,"4,200"
April 2023,12 Folsom/Pacific,Grid,Saturday,"4,400"
May 2023,12 Folsom/Pacific,Grid,Saturday,"4,500"
June 2023,12 Folsom/Pacific,Grid,Saturday,"4,600"
July 2023,12 Folsom/Pacific,Grid,Saturday,"4,800"
August 2023,12 Folsom/Pacific,Grid,Saturday,"5,000"
September 2023,12 Folsom/Pacific,Grid,Saturday,"5,000"
October 2023,12 Folsom/Pacific,Grid,Saturday,"5,100"
November 2023,12 Folsom/Pacific,Grid,Saturday,"5,000"
December 2023,12 Folsom/Pacific,Grid,Saturday,"4,400"
January 2024,12 Folsom/Pacific,Grid,Saturday,"4,500"
February 2024,12 Folsom/Pacific,Grid,Saturday,"4,600"
March 2024,12 Folsom/Pacific,Grid,Saturday,"5,000"
April 2024,12 Folsom/Pacific,Grid,Saturday,"4,900"
May 2024,12 Folsom/Pacific,Grid,Saturday,"4,900"
June 2024,12 Folsom/Pacific,Grid,Saturday,"5,200"
July 2024,12 Folsom/Pacific,Grid,Saturday,"5,100"
August 2024,12 Folsom/Pacific,Grid,Saturday,"5,400"
September 2024,12 Folsom/Pacific,Grid,Saturday,"5,600"
October 2024,12 Folsom/Pacific,Grid,Saturday,"5,600"
November 2024,12 Folsom/Pacific,Grid,Saturday,"5,200"
December 2024,12 Folsom/Pacific,Grid,Saturday,"4,200"
January 2025,12 Folsom/Pacific,Grid,Saturday,"5,200"
February 2025,12 Folsom/Pacific,Grid,Saturday,"5,100"
March 2025,12 Folsom/Pacific,Grid,Saturday,"5,500"
April 2025,12 Folsom/Pacific,Grid,Saturday,"5,500"
May 2025,12 Folsom/Pacific,Grid,Saturday,"5,300"
June 2025,12 Folsom/Pacific,Grid,Saturday,"5,600"
July 2025,12 Folsom/Pacific,Grid,Saturday,"5,400"
August 2025,12 Folsom/Pacific,Grid,Saturday,"5,800"
September 2025,12 Folsom/Pacific,Grid,Saturday,"6,100"
October 2025,12 Folsom/Pacific,Grid,Saturday,"5,500"
November 2025,12 Folsom/Pacific,Grid,Saturday,"5,400"
December 2025,12 Folsom/Pacific,Grid,Saturday,"4,700"
January 2026,12 Folsom/Pacific,Grid,Saturday,"5,200"
February 2026,12 Folsom/Pacific,Grid,Saturday,"6,000"
March 2026,12 Folsom/Pacific,Grid,Saturday,"5,500"
April 2026,12 Folsom/Pacific,Grid,Saturday,"5,400"
May 2026,12 Folsom/Pacific,Grid,Saturday,"5,700"
June 2026,12 Folsom/Pacific,Grid,Saturday,"6,000"
July 2026,12 Folsom/Pacific,Grid,Saturday,"5,900"
August 2026,12 Folsom/Pacific,Grid,Saturday,"6,000"
January 2019,14 Mission,Frequent Local,Saturday,"24,000"
February 2019,14 Mission,Frequent Local,Saturday,"22,900"
March 2019,14 Mission,Frequent Local,Saturday,"22,400"
April 2019,14 Mission,Frequent Local,Saturday,"24,400"
May 2019,14 Mission,Frequent Local,Saturday,"23,700"
June 2019,14 Mission,Frequent Local,Saturday,"24,600"
July 2019,14 Mission,Frequent Local,Saturday,"22,900"
August 2019,14 Mission,Frequent Local,Saturday,"25,900"
September 2019,14 Mission,Frequent Local,Saturday,"25,200"
October 2019,14 Mission,Frequent Local,Saturday,"25,300"
November 2019,14 Mission,Frequent Local,Saturday,"23,200"
December 2019,14 Mission,Frequent Local,Saturday,"21,800"
January 2020,14 Mission,Frequent Local,Saturday,"23,800"
February 2020,14 Mission,Frequent Local,Saturday,"23,400"
March 2020,14 Mission,Frequent Local,Saturday,"15,600"
April 2020,14 Mission,Frequent Local,Saturday,"9,400"
May 2020,14 Mission,Frequent Local,Saturday,"11,600"
June 2020,14 Mission,Frequent Local,Saturday,"12,700"
July 2020,14 Mission,Frequent Local,Saturday,"13,100"
August 2020,14 Mission,Frequent Local,Saturday,"13,800"
September 2020,14 Mission,Frequent Local,Saturday,"14,700"
October 2020,14 Mission,Frequent Local,Saturday,"15,200"
November 2020,14 Mission,Frequent Local,Saturday,"14,800"
December 2020,14 Mission,Frequent Local,Saturday,"13,700"
January 2021,14 Mission,Frequent Local,Saturday,"14,200"
February 2021,14 Mission,Frequent Local,Saturday,"16,800"
March 2021,14 Mission,Frequent Local,Saturday,"18,000"
April 2021,14 Mission,Frequent Local,Saturday,"18,000"
May 2021,14 Mission,Frequent Local,Saturday,"18,400"
June 2021,14 Mission,Frequent Local,Saturday,"19,300"
July 2021,14 Mission,Frequent Local,Saturday,"19,900"
August 2021,14 Mission,Frequent Local,Saturday,"19,800"
September 2021,14 Mission,Frequent Local,Saturday,"18,300"
October 2021,14 Mission,Frequent Local,Saturday,"19,500"
November 2021,14 Mission,Frequent Local,Saturday,"20,200"
December 2021,14 Mission,Frequent Local,Saturday,"18,500"
January 2022,14 Mission,Frequent Local,Saturday,"19,300"
February 2022,14 Mission,Frequent Local,Saturday,"20,600"
March 2022,14 Mission,Frequent Local,Saturday,"20,100"
April 2022,14 Mission,Frequent Local,Saturday,"19,500"
May 2022,14 Mission,Frequent Local,Saturday,"20,100"
June 2022,14 Mission,Frequent Local,Saturday,"21,900"
July 2022,14 Mission,Frequent Local,Saturday,"20,500"
August 2022,14 Mission,Frequent Local,Saturday,"20,800"
September 2022,14 Mission,Frequent Local,Saturday,"20,600"
October 2022,14 Mission,Frequent Local,Saturday,"22,400"
November 2022,14 Mission,Frequent Local,Saturday,"21,100"
December 2022,14 Mission,Frequent Local,Saturday,"19,500"
January 2023,14 Mission,Frequent Local,Saturday,"20,500"
February 2023,14 Mission,Frequent Local,Saturday,"22,600"
March 2023,14 Mission,Frequent Local,Saturday,"23,600"
April 2023,14 Mission,Frequent Local,Saturday,"24,100"
May 2023,14 Mission,Frequent Local,Saturday,"24,000"
June 2023,14 Mission,Frequent Local,Saturday,"24,000"
July 2023,14 Mission,Frequent Local,Saturday,"23,800"
August 2023,14 Mission,Frequent Local,Saturday,"23,300"
September 2023,14 Mission,Frequent Local,Saturday,"23,300"
October 2023,14 Mission,Frequent Local,Saturday,"24,000"
November 2023,14 Mission,Frequent Local,Saturday,"23,000"
December 2023,14 Mission,Frequent Local,Saturday,"22,400"
January 2024,14 Mission,Frequent Local,Saturday,"21,900"
February 2024,14 Mission,Frequent Local,Saturday,"23,500"
March 2024,14 Mission,Frequent Local,Saturday,"24,600"
April 2024,14 Mission,Frequent Local,Saturday,"24,300"
May 2024,14 Mission,Frequent Local,Saturday,"23,100"
June 2024,14 Mission,Frequent Local,Saturday,"25,400"
July 2024,14 Mission,Frequent Local,Saturday,"23,400"
August 2024,14 Mission,Frequent Local,Saturday,"24,500"
September 2024,14 Mission,Frequent Local,Saturday,"24,000"
October 2024,14 Mission,Frequent Local,Saturday,"25,800"
November 2024,14 Mission,Frequent Local,Saturday,"25,100"
December 2024,14 Mission,Frequent Local,Saturday,"21,400"
January 2025,14 Mission,Frequent Local,Saturday,"23,900"
February 2025,14 Mission,Frequent Local,Saturday,"24,000"
March 2025,14 Mission,Frequent Local,Saturday,"23,800"
April 2025,14 Mission,Frequent Local,Saturday,"24,200"
May 2025,14 Mission,Frequent Local,Saturday,"23,900"
June 2025,14 Mission,Frequent Local,Saturday,"25,300"
July 2025,14 Mission,Frequent Local,Saturday,"23,600"
August 2025,14 Mission,Frequent Local,Saturday,"24,600"
September 2025,14 Mission,Frequent Local,Saturday,"23,700"
October 2025,14 Mission,Frequent Local,Saturday,"22,900"
November 2025,14 Mission,Frequent Local,Saturday,"23,900"
December 2025,14 Mission,Frequent Local,Saturday,"20,700"
January 2026,14 Mission,Frequent Local,Saturday,"23,000"
February 2026,14 Mission,Frequent Local,Saturday,"22,500"
March 2026,14 Mission,Frequent Local,Saturday,"21,700"
April 2026,14 Mission,Frequent Local,Saturday,"21,300"
May 2026,14 Mission,Frequent Local,Saturday,"22,300"
June 2026,14 Mission,Frequent Local,Saturday,"23,000"
July 2026,14 Mission,Frequent Local,Saturday,"22,200"
August 2026,14 Mission,Frequent Local,Saturday,"22,700"
January 2019,14R Mission Rapid,Rapid Bus,Saturday,"12,200"
February 2019,14R Mission Rapid,Rapid Bus,Saturday,"11,700"
March 2019,14R Mission Rapid,Rapid Bus,Saturday,"12,700"
April 2019,14R Mission Rapid,Rapid Bus,Saturday,"11,600"
May 2019,14R Mission Rapid,Rapid Bus,Saturday,"12,100"
June 2019,14R Mission Rapid,Rapid Bus,Saturday,"11,800"
July 2019,14R Mission Rapid,Rapid Bus,Saturday,"11,900"
August 2019,14R Mission Rapid,Rapid Bus,Saturday,"11,000"
September 2019,14R Mission Rapid,Rapid Bus,Saturday,"11,900"
October 2019,14R Mission Rapid,Rapid Bus,Saturday,"12,600"
November 2019,14R Mission Rapid,Rapid Bus,Saturday,"11,800"
December 2019,14R Mission Rapid,Rapid Bus,Saturday,"12,400"
January 2020,14R Mission Rapid,Rapid Bus,Saturday,"12,000"
February 2020,14R Mission Rapid,Rapid Bus,Saturday,"12,500"
March 2020,14R Mission Rapid,Rapid Bus,Saturday,"6,200"
April 2020,14R Mission Rapid,Rapid Bus,Saturday,"4,400"
May 2020,14R Mission Rapid,Rapid Bus,Saturday,"6,100"
June 2020,14R Mission Rapid,Rapid Bus,Saturday,"8,000"
July 2020,14R Mission Rapid,Rapid Bus,Saturday,"9,500"
August 2020,14R Mission Rapid,Rapid Bus,Saturday,"9,500"
September 2020,14R Mission Rapid,Rapid Bus,Saturday,"9,400"
October 2020,14R Mission Rapid,Rapid Bus,Saturday,"10,200"
November 2020,14R Mission Rapid,Rapid Bus,Saturday,"10,000"
December 2020,14R Mission Rapid,Rapid Bus,Saturday,"9,600"
January 2021,14R Mission Rapid,Rapid Bus,Saturday,"8,500"
February 2021,14R Mission Rapid,Rapid Bus,Saturday,"9,100"
March 2021,14R Mission Rapid,Rapid Bus,Saturday,"9,500"
April 2021,14R Mission Rapid,Rapid Bus,Saturday,"10,200"
May 2021,14R Mission Rapid,Rapid Bus,Saturday,"10,300"
June 2021,14R Mission Rapid,Rapid Bus,Saturday,"11,500"
July 2021,14R Mission Rapid,Rapid Bus,Saturday,"11,300"
August 2021,14R Mission Rapid,Rapid Bus,Saturday,"10,600"
September 2021,14R Mission Rapid,Rapid Bus,Saturday,"11,600"
October 2021,14R Mission Rapid,Rapid Bus,Saturday,"11,400"
November 2021,14R Mission Rapid,Rapid Bus,Saturday,"12,300"
December 2021,14R Mission Rapid,Rapid Bus,Saturday,"10,400"
January 2022,14R Mission Rapid,Rapid Bus,Saturday,"9,200"
February 2022,14R Mission Rapid,Rapid Bus,Saturday,"11,000"
March 2022,14R Mission Rapid,Rapid Bus,Saturday,"11,900"
April 2022,14R Mission Rapid,Rapid Bus,Saturday,"11,500"
May 2022,14R Mission Rapid,Rapid Bus,Saturday,"11,600"
June 2022,14R Mission Rapid,Rapid Bus,Saturday,"11,700"
July 2022,14R Mission Rapid,Rapid Bus,Saturday,"11,800"
August 2022,14R Mission Rapid,Rapid Bus,Saturday,"12,700"
September 2022,14R Mission Rapid,Rapid Bus,Saturday,"13,200"
October 2022,14R Mission Rapid,Rapid Bus,Saturday,"13,400"
November 2022,14R Mission Rapid,Rapid Bus,Saturday,"12,900"
December 2022,14R Mission Rapid,Rapid Bus,Saturday,"10,800"
January 2023,14R Mission Rapid,Rapid Bus,Saturday,"11,900"
February 2023,14R Mission Rapid,Rapid Bus,Saturday,"13,000"
March 2023,14R Mission Rapid,Rapid Bus,Saturday,"12,800"
April 2023,14R Mission Rapid,Rapid Bus,Saturday,"13,800"
May 2023,14R Mission Rapid,Rapid Bus,Saturday,"13,400"
June 2023,14R Mission Rapid,Rapid Bus,Saturday,"14,400"
July 2023,14R Mission Rapid,Rapid Bus,Saturday,"14,800"
August 2023,14R Mission Rapid,Rapid Bus,Saturday,"14,600"
September 2023,14R Mission Rapid,Rapid Bus,Saturday,"14,100"
October 2023,14R Mission Rapid,Rapid Bus,Saturday,"14,900"
November 2023,14R Mission Rapid,Rapid Bus,Saturday,"14,200"
December 2023,14R Mission Rapid,Rapid Bus,Saturday,"13,200"
January 2024,14R Mission Rapid,Rapid Bus,Saturday,"12,500"
February 2024,14R Mission Rapid,Rapid Bus,Saturday,"13,700"
March 2024,14R Mission Rapid,Rapid Bus,Saturday,"14,000"
April 2024,14R Mission Rapid,Rapid Bus,Saturday,"13,800"
May 2024,14R Mission Rapid,Rapid Bus,Saturday,"13,600"
June 2024,14R Mission Rapid,Rapid Bus,Saturday,"14,900"
July 2024,14R Mission Rapid,Rapid Bus,Saturday,"14,200"
August 2024,14R Mission Rapid,Rapid Bus,Saturday,"14,900"
September 2024,14R Mission Rapid,Rapid Bus,Saturday,"15,700"
October 2024,14R Mission Rapid,Rapid Bus,Saturday,"15,200"
November 2024,14R Mission Rapid,Rapid Bus,Saturday,"14,900"
December 2024,14R Mission Rapid,Rapid Bus,Saturday,"12,000"
January 2025,14R Mission Rapid,Rapid Bus,Saturday,"14,900"
February 2025,14R Mission Rapid,Rapid Bus,Saturday,"14,200"
March 2025,14R Mission Rapid,Rapid Bus,Saturday,"15,500"
April 2025,14R Mission Rapid,Rapid Bus,Saturday,"14,900"
May 2025,14R Mission Rapid,Rapid Bus,Saturday,"14,600"
June 2025,14R Mission Rapid,Rapid Bus,Saturday,"13,900"
July 2025,14R Mission Rapid,Rapid Bus,Saturday,"13,700"
August 2025,14R Mission Rapid,Rapid Bus,Saturday,"14,700"
September 2025,14R Mission Rapid,Rapid Bus,Saturday,"14,800"
October 2025,14R Mission Rapid,Rapid Bus,Saturday,"14,600"
November 2025,14R Mission Rapid,Rapid Bus,Saturday,"14,500"
December 2025,14R Mission Rapid,Rapid Bus,Saturday,"12,100"
January 2026,14R Mission Rapid,Rapid Bus,Saturday,"14,300"
February 2026,14R Mission Rapid,Rapid Bus,Saturday,"15,800"
March 2026,14R Mission Rapid,Rapid Bus,Saturday,"16,000"
April 2026,14R Mission Rapid,Rapid Bus,Saturday,"14,600"
May 2026,14R Mission Rapid,Rapid Bus,Saturday,"14,800"
June 2026,14R Mission Rapid,Rapid Bus,Saturday,"15,100"
July 2026,14R Mission Rapid,Rapid Bus,Saturday,"15,000"
August 2026,14R Mission Rapid,Rapid Bus,Saturday,"15,200"
January 2019,14X Mission Express,Specialized,Saturday,
February 2019,14X Mission Express,Specialized,Saturday,
March 2019,14X Mission Express,Specialized,Saturday,
April 2019,14X Mission Express,Specialized,Saturday,
May 2019,14X Mission Express,Specialized,Saturday,
June 2019,14X Mission Express,Specialized,Saturday,
July 2019,14X Mission Express,Specialized,Saturday,
August 2019,14X Mission Express,Specialized,Saturday,
September 2019,14X Mission Express,Specialized,Saturday,
October 2019,14X Mission Express,Specialized,Saturday,
November 2019,14X Mission Express,Specialized,Saturday,
December 2019,14X Mission Express,Specialized,Saturday,
January 2020,14X Mission Express,Specialized,Saturday,
February 2020,14X Mission Express,Specialized,Saturday,
March 2020,14X Mission Express,Specialized,Saturday,
January 2021,15 Bayview Hunters Point Express,Specialized,Saturday,200
February 2021,15 Bayview Hunters Point Express,Specialized,Saturday,700
March 2021,15 Bayview Hunters Point Express,Specialized,Saturday,700
April 2021,15 Bayview Hunters Point Express,Specialized,Saturday,800
May 2021,15 Bayview Hunters Point Express,Specialized,Saturday,"1,000"
June 2021,15 Bayview Hunters Point Express,Specialized,Saturday,"1,000"
July 2021,15 Bayview Hunters Point Express,Specialized,Saturday,"1,100"
August 2021,15 Bayview Hunters Point Express,Specialized,Saturday,"1,100"
September 2021,15 Bayview Hunters Point Express,Specialized,Saturday,900
October 2021,15 Bayview Hunters Point Express,Specialized,Saturday,"1,000"
November 2021,15 Bayview Hunters Point Express,Specialized,Saturday,"1,100"
December 2021,15 Bayview Hunters Point Express,Specialized,Saturday,"1,100"
January 2022,15 Bayview Hunters Point Express,Specialized,Saturday,900
February 2022,15 Bayview Hunters Point Express,Specialized,Saturday,"1,200"
March 2022,15 Bayview Hunters Point Express,Specialized,Saturday,"1,700"
April 2022,15 Bayview Hunters Point Express,Specialized,Saturday,"1,600"
May 2022,15 Bayview Hunters Point Express,Specialized,Saturday,"1,600"
June 2022,15 Bayview Hunters Point Express,Specialized,Saturday,"1,600"
July 2022,15 Bayview Hunters Point Express,Specialized,Saturday,"1,600"
August 2022,15 Bayview Hunters Point Express,Specialized,Saturday,"1,700"
September 2022,15 Bayview Hunters Point Express,Specialized,Saturday,"2,200"
October 2022,15 Bayview Hunters Point Express,Specialized,Saturday,"1,900"
November 2022,15 Bayview Hunters Point Express,Specialized,Saturday,"2,300"
December 2022,15 Bayview Hunters Point Express,Specialized,Saturday,"1,700"
January 2023,15 Bayview Hunters Point Express,Specialized,Saturday,"1,700"
February 2023,15 Bayview Hunters Point Express,Specialized,Saturday,"1,900"
March 2023,15 Bayview Hunters Point Express,Specialized,Saturday,"2,100"
April 2023,15 Bayview Hunters Point Express,Specialized,Saturday,"2,000"
May 2023,15 Bayview Hunters Point Express,Specialized,Saturday,"1,800"
June 2023,15 Bayview Hunters Point Express,Specialized,Saturday,"2,000"
July 2023,15 Bayview Hunters Point Express,Specialized,Saturday,"2,200"
August 2023,15 Bayview Hunters Point Express,Specialized,Saturday,"2,200"
September 2023,15 Bayview Hunters Point Express,Specialized,Saturday,"2,200"
October 2023,15 Bayview Hunters Point Express,Specialized,Saturday,"2,600"
November 2023,15 Bayview Hunters Point Express,Specialized,Saturday,"2,000"
December 2023,15 Bayview Hunters Point Express,Specialized,Saturday,"2,100"
January 2024,15 Bayview Hunters Point Express,Specialized,Saturday,"2,000"
February 2024,15 Bayview Hunters Point Express,Specialized,Saturday,"2,100"
March 2024,15 Bayview Hunters Point Express,Specialized,Saturday,"2,300"
April 2024,15 Bayview Hunters Point Express,Specialized,Saturday,"2,100"
May 2024,15 Bayview Hunters Point Express,Specialized,Saturday,"2,000"
June 2024,15 Bayview Hunters Point Express,Specialized,Saturday,"2,200"
July 2024,15 Bayview Hunters Point Express,Specialized,Saturday,"2,200"
August 2024,15 Bayview Hunters Point Express,Specialized,Saturday,"2,300"
September 2024,15 Bayview Hunters Point Express,Specialized,Saturday,"2,500"
October 2024,15 Bayview Hunters Point Express,Specialized,Saturday,"2,400"
November 2024,15 Bayview Hunters Point Express,Specialized,Saturday,"2,300"
December 2024,15 Bayview Hunters Point Express,Specialized,Saturday,"2,000"
January 2025,15 Bayview Hunters Point Express,Specialized,Saturday,"2,300"
February 2025,15 Bayview Hunters Point Express,Specialized,Saturday,"2,000"
March 2025,15 Bayview Hunters Point Express,Specialized,Saturday,"2,600"
April 2025,15 Bayview Hunters Point Express,Specialized,Saturday,"2,300"
May 2025,15 Bayview Hunters Point Express,Specialized,Saturday,"2,100"
June 2025,15 Bayview Hunters Point Express,Specialized,Saturday,"2,300"
July 2025,15 Bayview Hunters Point Express,Specialized,Saturday,"2,300"
August 2025,15 Bayview Hunters Point Express,Specialized,Saturday,"2,400"
September 2025,15 Bayview Hunters Point Express,Specialized,Saturday,"2,700"
October 2025,15 Bayview Hunters Point Express,Specialized,Saturday,"2,400"
November 2025,15 Bayview Hunters Point Express,Specialized,Saturday,"2,300"
December 2025,15 Bayview Hunters Point Express,Specialized,Saturday,"2,000"
January 2026,15 Bayview Hunters Point Express,Specialized,Saturday,"2,300"
February 2026,15 Bayview Hunters Point Express,Specialized,Saturday,"2,600"
March 2026,15 Bayview Hunters Point Express,Specialized,Saturday,"2,300"
April 2026,15 Bayview Hunters Point Express,Specialized,Saturday,"2,300"
May 2026,15 Bayview Hunters Point Express,Specialized,Saturday,"2,400"
June 2026,15 Bayview Hunters Point Express,Specialized,Saturday,"2,700"
July 2026,15 Bayview Hunters Point Express,Specialized,Saturday,"3,100"
August 2026,15 Bayview Hunters Point Express,Specialized,Saturday,"2,500"
January 2019,18 46th Avenue,Grid,Saturday,"2,400"
February 2019,18 46th Avenue,Grid,Saturday,"2,300"
March 2019,18 46th Avenue,Grid,Saturday,"2,400"
April 2019,18 46th Avenue,Grid,Saturday,"2,400"
May 2019,18 46th Avenue,Grid,Saturday,"2,400"
June 2019,18 46th Avenue,Grid,Saturday,"2,300"
July 2019,18 46th Avenue,Grid,Saturday,"2,000"
August 2019,18 46th Avenue,Grid,Saturday,"2,900"
September 2019,18 46th Avenue,Grid,Saturday,"2,600"
October 2019,18 46th Avenue,Grid,Saturday,"2,900"
November 2019,18 46th Avenue,Grid,Saturday,"2,100"
December 2019,18 46th Avenue,Grid,Saturday,"2,300"
January 2020,18 46th Avenue,Grid,Saturday,"2,200"
February 2020,18 46th Avenue,Grid,Saturday,"2,600"
March 2020,18 46th Avenue,Grid,Saturday,"1,400"
April 2020,18 46th Avenue,Grid,Saturday,100
August 2021,18 46th Avenue,Grid,Saturday,700
September 2021,18 46th Avenue,Grid,Saturday,800
October 2021,18 46th Avenue,Grid,Saturday,900
November 2021,18 46th Avenue,Grid,Saturday,800
December 2021,18 46th Avenue,Grid,Saturday,700
January 2022,18 46th Avenue,Grid,Saturday,900
February 2022,18 46th Avenue,Grid,Saturday,"1,300"
March 2022,18 46th Avenue,Grid,Saturday,"1,300"
April 2022,18 46th Avenue,Grid,Saturday,"1,500"
May 2022,18 46th Avenue,Grid,Saturday,"1,400"
June 2022,18 46th Avenue,Grid,Saturday,"1,600"
July 2022,18 46th Avenue,Grid,Saturday,"1,400"
August 2022,18 46th Avenue,Grid,Saturday,"1,800"
September 2022,18 46th Avenue,Grid,Saturday,"1,900"
October 2022,18 46th Avenue,Grid,Saturday,"1,700"
November 2022,18 46th Avenue,Grid,Saturday,"1,500"
December 2022,18 46th Avenue,Grid,Saturday,"1,200"
January 2023,18 46th Avenue,Grid,Saturday,"1,300"
February 2023,18 46th Avenue,Grid,Saturday,"1,700"
March 2023,18 46th Avenue,Grid,Saturday,"1,600"
April 2023,18 46th Avenue,Grid,Saturday,"2,000"
May 2023,18 46th Avenue,Grid,Saturday,"1,800"
June 2023,18 46th Avenue,Grid,Saturday,"1,700"
July 2023,18 46th Avenue,Grid,Saturday,"2,000"
August 2023,18 46th Avenue,Grid,Saturday,"2,100"
September 2023,18 46th Avenue,Grid,Saturday,"2,200"
October 2023,18 46th Avenue,Grid,Saturday,"2,200"
November 2023,18 46th Avenue,Grid,Saturday,"1,900"
December 2023,18 46th Avenue,Grid,Saturday,"1,800"
January 2024,18 46th Avenue,Grid,Saturday,"1,800"
February 2024,18 46th Avenue,Grid,Saturday,"2,100"
March 2024,18 46th Avenue,Grid,Saturday,"2,100"
April 2024,18 46th Avenue,Grid,Saturday,"2,200"
May 2024,18 46th Avenue,Grid,Saturday,"2,000"
June 2024,18 46th Avenue,Grid,Saturday,"2,100"
July 2024,18 46th Avenue,Grid,Saturday,"2,100"
August 2024,18 46th Avenue,Grid,Saturday,"2,200"
September 2024,18 46th Avenue,Grid,Saturday,"2,400"
October 2024,18 46th Avenue,Grid,Saturday,"2,600"
November 2024,18 46th Avenue,Grid,Saturday,"2,300"
December 2024,18 46th Avenue,Grid,Saturday,"1,500"
January 2025,18 46th Avenue,Grid,Saturday,"2,200"
February 2025,18 46th Avenue,Grid,Saturday,"2,100"
March 2025,18 46th Avenue,Grid,Saturday,"2,500"
April 2025,18 46th Avenue,Grid,Saturday,"2,600"
May 2025,18 46th Avenue,Grid,Saturday,"2,300"
June 2025,18 46th Avenue,Grid,Saturday,"2,300"
July 2025,18 46th Avenue,Grid,Saturday,"2,200"
August 2025,18 46th Avenue,Grid,Saturday,"2,600"
September 2025,18 46th Avenue,Grid,Saturday,"2,500"
October 2025,18 46th Avenue,Grid,Saturday,"2,600"
November 2025,18 46th Avenue,Grid,Saturday,"2,300"
December 2025,18 46th Avenue,Grid,Saturday,"1,700"
January 2026,18 46th Avenue,Grid,Saturday,"2,400"
February 2026,18 46th Avenue,Grid,Saturday,"2,500"
March 2026,18 46th Avenue,Grid,Saturday,"3,100"
April 2026,18 46th Avenue,Grid,Saturday,"2,600"
May 2026,18 46th Avenue,Grid,Saturday,"2,500"
June 2026,18 46th Avenue,Grid,Saturday,"2,500"
July 2026,18 46th Avenue,Grid,Saturday,"2,300"
August 2026,18 46th Avenue,Grid,Saturday,"2,700"
January 2019,19 Polk,Grid,Saturday,"3,100"
February 2019,19 Polk,Grid,Saturday,"3,700"
March 2019,19 Polk,Grid,Saturday,"3,700"
April 2019,19 Polk,Grid,Saturday,"4,500"
May 2019,19 Polk,Grid,Saturday,"4,800"
June 2019,19 Polk,Grid,Saturday,"4,700"
July 2019,19 Polk,Grid,Saturday,"6,000"
August 2019,19 Polk,Grid,Saturday,"5,300"
September 2019,19 Polk,Grid,Saturday,"4,500"
October 2019,19 Polk,Grid,Saturday,"3,700"
November 2019,19 Polk,Grid,Saturday,"4,000"
December 2019,19 Polk,Grid,Saturday,"4,100"
January 2020,19 Polk,Grid,Saturday,"4,000"
February 2020,19 Polk,Grid,Saturday,"4,200"
March 2020,19 Polk,Grid,Saturday,"2,600"
April 2020,19 Polk,Grid,Saturday,"2,100"
May 2020,19 Polk,Grid,Saturday,"2,100"
June 2020,19 Polk,Grid,Saturday,"2,100"
July 2020,19 Polk,Grid,Saturday,"2,300"
August 2020,19 Polk,Grid,Saturday,"2,400"
September 2020,19 Polk,Grid,Saturday,"2,300"
October 2020,19 Polk,Grid,Saturday,"2,400"
November 2020,19 Polk,Grid,Saturday,"2,300"
December 2020,19 Polk,Grid,Saturday,"2,200"
January 2021,19 Polk,Grid,Saturday,"2,100"
February 2021,19 Polk,Grid,Saturday,"2,400"
March 2021,19 Polk,Grid,Saturday,"2,400"
April 2021,19 Polk,Grid,Saturday,"2,300"
May 2021,19 Polk,Grid,Saturday,"2,200"
June 2021,19 Polk,Grid,Saturday,"2,500"
July 2021,19 Polk,Grid,Saturday,"2,500"
August 2021,19 Polk,Grid,Saturday,"2,500"
September 2021,19 Polk,Grid,Saturday,"2,700"
October 2021,19 Polk,Grid,Saturday,"2,900"
November 2021,19 Polk,Grid,Saturday,"2,900"
December 2021,19 Polk,Grid,Saturday,"2,300"
January 2022,19 Polk,Grid,Saturday,"2,400"
February 2022,19 Polk,Grid,Saturday,"2,400"
March 2022,19 Polk,Grid,Saturday,"2,600"
April 2022,19 Polk,Grid,Saturday,"2,900"
May 2022,19 Polk,Grid,Saturday,"3,000"
June 2022,19 Polk,Grid,Saturday,"3,000"
July 2022,19 Polk,Grid,Saturday,"3,100"
August 2022,19 Polk,Grid,Saturday,"3,300"
September 2022,19 Polk,Grid,Saturday,"3,400"
October 2022,19 Polk,Grid,Saturday,"3,300"
November 2022,19 Polk,Grid,Saturday,"3,000"
December 2022,19 Polk,Grid,Saturday,"2,700"
January 2023,19 Polk,Grid,Saturday,"2,900"
February 2023,19 Polk,Grid,Saturday,"3,300"
March 2023,19 Polk,Grid,Saturday,"3,300"
April 2023,19 Polk,Grid,Saturday,"3,500"
May 2023,19 Polk,Grid,Saturday,"3,500"
June 2023,19 Polk,Grid,Saturday,"3,400"
July 2023,19 Polk,Grid,Saturday,"4,000"
August 2023,19 Polk,Grid,Saturday,"4,000"
September 2023,19 Polk,Grid,Saturday,"3,900"
October 2023,19 Polk,Grid,Saturday,"4,000"
November 2023,19 Polk,Grid,Saturday,"3,800"
December 2023,19 Polk,Grid,Saturday,"3,500"
January 2024,19 Polk,Grid,Saturday,"3,600"
February 2024,19 Polk,Grid,Saturday,"3,800"
March 2024,19 Polk,Grid,Saturday,"3,600"
April 2024,19 Polk,Grid,Saturday,"4,100"
May 2024,19 Polk,Grid,Saturday,"3,800"
June 2024,19 Polk,Grid,Saturday,"3,600"
July 2024,19 Polk,Grid,Saturday,"3,900"
August 2024,19 Polk,Grid,Saturday,"4,100"
September 2024,19 Polk,Grid,Saturday,"4,200"
October 2024,19 Polk,Grid,Saturday,"4,200"
November 2024,19 Polk,Grid,Saturday,"3,900"
December 2024,19 Polk,Grid,Saturday,"3,300"
January 2025,19 Polk,Grid,Saturday,"3,600"
February 2025,19 Polk,Grid,Saturday,"4,000"
March 2025,19 Polk,Grid,Saturday,"4,100"
April 2025,19 Polk,Grid,Saturday,"4,100"
May 2025,19 Polk,Grid,Saturday,"3,900"
June 2025,19 Polk,Grid,Saturday,"3,900"
July 2025,19 Polk,Grid,Saturday,"4,000"
August 2025,19 Polk,Grid,Saturday,"4,400"
September 2025,19 Polk,Grid,Saturday,"4,500"
October 2025,19 Polk,Grid,Saturday,"4,400"
November 2025,19 Polk,Grid,Saturday,"4,100"
December 2025,19 Polk,Grid,Saturday,"3,300"
January 2026,19 Polk,Grid,Saturday,"3,900"
February 2026,19 Polk,Grid,Saturday,"4,200"
March 2026,19 Polk,Grid,Saturday,"3,700"
April 2026,19 Polk,Grid,Saturday,"4,000"
May 2026,19 Polk,Grid,Saturday,"4,100"
June 2026,19 Polk,Grid,Saturday,"4,000"
July 2026,19 Polk,Grid,Saturday,"4,100"
August 2026,19 Polk,Grid,Saturday,"4,300"
January 2019,21 Hayes,Grid,Saturday,"2,900"
February 2019,21 Hayes,Grid,Saturday,"3,200"
March 2019,21 Hayes,Grid,Saturday,"3,300"
April 2019,21 Hayes,Grid,Saturday,"3,500"
May 2019,21 Hayes,Grid,Saturday,"3,200"
June 2019,21 Hayes,Grid,Saturday,"3,700"
July 2019,21 Hayes,Grid,Saturday,"3,800"
August 2019,21 Hayes,Grid,Saturday,"4,000"
September 2019,21 Hayes,Grid,Saturday,"4,100"
October 2019,21 Hayes,Grid,Saturday,"3,700"
November 2019,21 Hayes,Grid,Saturday,"3,400"
December 2019,21 Hayes,Grid,Saturday,"4,000"
January 2020,21 Hayes,Grid,Saturday,"3,100"
February 2020,21 Hayes,Grid,Saturday,"3,700"
March 2020,21 Hayes,Grid,Saturday,"1,500"
April 2020,21 Hayes,Grid,Saturday,200
July 2022,21 Hayes,Grid,Saturday,400
August 2022,21 Hayes,Grid,Saturday,600
September 2022,21 Hayes,Grid,Saturday,600
October 2022,21 Hayes,Grid,Saturday,500
November 2022,21 Hayes,Grid,Saturday,500
December 2022,21 Hayes,Grid,Saturday,400
January 2023,21 Hayes,Grid,Saturday,500
February 2023,21 Hayes,Grid,Saturday,600
March 2023,21 Hayes,Grid,Saturday,700
April 2023,21 Hayes,Grid,Saturday,700
May 2023,21 Hayes,Grid,Saturday,600
June 2023,21 Hayes,Grid,Saturday,600
July 2023,21 Hayes,Grid,Saturday,800
August 2023,21 Hayes,Grid,Saturday,800
September 2023,21 Hayes,Grid,Saturday,800
October 2023,21 Hayes,Grid,Saturday,900
November 2023,21 Hayes,Grid,Saturday,800
December 2023,21 Hayes,Grid,Saturday,600
January 2024,21 Hayes,Grid,Saturday,700
February 2024,21 Hayes,Grid,Saturday,800
March 2024,21 Hayes,Grid,Saturday,800
April 2024,21 Hayes,Grid,Saturday,900
May 2024,21 Hayes,Grid,Saturday,800
June 2024,21 Hayes,Grid,Saturday,800
July 2024,21 Hayes,Grid,Saturday,900
August 2024,21 Hayes,Grid,Saturday,900
September 2024,21 Hayes,Grid,Saturday,900
October 2024,21 Hayes,Grid,Saturday,900
November 2024,21 Hayes,Grid,Saturday,800
December 2024,21 Hayes,Grid,Saturday,600
January 2025,21 Hayes,Grid,Saturday,800
February 2025,21 Hayes,Grid,Saturday,900
March 2025,21 Hayes,Grid,Saturday,900
April 2025,21 Hayes,Grid,Saturday,"1,000"
May 2025,21 Hayes,Grid,Saturday,900
June 2025,21 Hayes,Grid,Saturday,400
January 2019,22 Fillmore,Frequent Local,Saturday,"9,100"
February 2019,22 Fillmore,Frequent Local,Saturday,"10,500"
March 2019,22 Fillmore,Frequent Local,Saturday,"9,400"
April 2019,22 Fillmore,Frequent Local,Saturday,"10,600"
May 2019,22 Fillmore,Frequent Local,Saturday,"11,400"
June 2019,22 Fillmore,Frequent Local,Saturday,"11,600"
July 2019,22 Fillmore,Frequent Local,Saturday,"11,400"
August 2019,22 Fillmore,Frequent Local,Saturday,"10,900"
September 2019,22 Fillmore,Frequent Local,Saturday,"12,900"
October 2019,22 Fillmore,Frequent Local,Saturday,"12,700"
November 2019,22 Fillmore,Frequent Local,Saturday,"12,500"
December 2019,22 Fillmore,Frequent Local,Saturday,"12,000"
January 2020,22 Fillmore,Frequent Local,Saturday,"11,800"
February 2020,22 Fillmore,Frequent Local,Saturday,"13,000"
March 2020,22 Fillmore,Frequent Local,Saturday,"7,100"
April 2020,22 Fillmore,Frequent Local,Saturday,"4,100"
May 2020,22 Fillmore,Frequent Local,Saturday,"5,400"
June 2020,22 Fillmore,Frequent Local,Saturday,"6,600"
July 2020,22 Fillmore,Frequent Local,Saturday,"6,800"
August 2020,22 Fillmore,Frequent Local,Saturday,"7,000"
September 2020,22 Fillmore,Frequent Local,Saturday,"7,500"
October 2020,22 Fillmore,Frequent Local,Saturday,"7,800"
November 2020,22 Fillmore,Frequent Local,Saturday,"7,600"
December 2020,22 Fillmore,Frequent Local,Saturday,"6,800"
January 2021,22 Fillmore,Frequent Local,Saturday,"6,700"
February 2021,22 Fillmore,Frequent Local,Saturday,"7,000"
March 2021,22 Fillmore,Frequent Local,Saturday,"7,800"
April 2021,22 Fillmore,Frequent Local,Saturday,"7,900"
May 2021,22 Fillmore,Frequent Local,Saturday,"8,600"
June 2021,22 Fillmore,Frequent Local,Saturday,"9,300"
July 2021,22 Fillmore,Frequent Local,Saturday,"10,300"
August 2021,22 Fillmore,Frequent Local,Saturday,"10,800"
September 2021,22 Fillmore,Frequent Local,Saturday,"11,200"
October 2021,22 Fillmore,Frequent Local,Saturday,"12,600"
November 2021,22 Fillmore,Frequent Local,Saturday,"12,100"
December 2021,22 Fillmore,Frequent Local,Saturday,"10,400"
January 2022,22 Fillmore,Frequent Local,Saturday,"10,300"
February 2022,22 Fillmore,Frequent Local,Saturday,"11,400"
March 2022,22 Fillmore,Frequent Local,Saturday,"12,500"
April 2022,22 Fillmore,Frequent Local,Saturday,"13,500"
May 2022,22 Fillmore,Frequent Local,Saturday,"12,700"
June 2022,22 Fillmore,Frequent Local,Saturday,"13,100"
July 2022,22 Fillmore,Frequent Local,Saturday,"12,900"
August 2022,22 Fillmore,Frequent Local,Saturday,"13,700"
September 2022,22 Fillmore,Frequent Local,Saturday,"14,800"
October 2022,22 Fillmore,Frequent Local,Saturday,"15,200"
November 2022,22 Fillmore,Frequent Local,Saturday,"14,000"
December 2022,22 Fillmore,Frequent Local,Saturday,"11,100"
January 2023,22 Fillmore,Frequent Local,Saturday,"12,600"
February 2023,22 Fillmore,Frequent Local,Saturday,"14,200"
March 2023,22 Fillmore,Frequent Local,Saturday,"14,900"
April 2023,22 Fillmore,Frequent Local,Saturday,"16,300"
May 2023,22 Fillmore,Frequent Local,Saturday,"15,000"
June 2023,22 Fillmore,Frequent Local,Saturday,"15,700"
July 2023,22 Fillmore,Frequent Local,Saturday,"16,000"
August 2023,22 Fillmore,Frequent Local,Saturday,"16,700"
September 2023,22 Fillmore,Frequent Local,Saturday,"16,300"
October 2023,22 Fillmore,Frequent Local,Saturday,"17,600"
November 2023,22 Fillmore,Frequent Local,Saturday,"16,600"
December 2023,22 Fillmore,Frequent Local,Saturday,"14,200"
January 2024,22 Fillmore,Frequent Local,Saturday,"15,200"
February 2024,22 Fillmore,Frequent Local,Saturday,"16,900"
March 2024,22 Fillmore,Frequent Local,Saturday,"17,500"
April 2024,22 Fillmore,Frequent Local,Saturday,"18,000"
May 2024,22 Fillmore,Frequent Local,Saturday,"16,200"
June 2024,22 Fillmore,Frequent Local,Saturday,"17,700"
July 2024,22 Fillmore,Frequent Local,Saturday,"16,000"
August 2024,22 Fillmore,Frequent Local,Saturday,"18,100"
September 2024,22 Fillmore,Frequent Local,Saturday,"18,800"
October 2024,22 Fillmore,Frequent Local,Saturday,"18,200"
November 2024,22 Fillmore,Frequent Local,Saturday,"17,900"
December 2024,22 Fillmore,Frequent Local,Saturday,"14,000"
January 2025,22 Fillmore,Frequent Local,Saturday,"17,300"
February 2025,22 Fillmore,Frequent Local,Saturday,"17,400"
March 2025,22 Fillmore,Frequent Local,Saturday,"18,500"
April 2025,22 Fillmore,Frequent Local,Saturday,"17,700"
May 2025,22 Fillmore,Frequent Local,Saturday,"17,600"
June 2025,22 Fillmore,Frequent Local,Saturday,"17,200"
July 2025,22 Fillmore,Frequent Local,Saturday,"17,000"
August 2025,22 Fillmore,Frequent Local,Saturday,"18,700"
September 2025,22 Fillmore,Frequent Local,Saturday,"18,600"
October 2025,22 Fillmore,Frequent Local,Saturday,"17,100"
November 2025,22 Fillmore,Frequent Local,Saturday,"17,000"
December 2025,22 Fillmore,Frequent Local,Saturday,"13,600"
January 2026,22 Fillmore,Frequent Local,Saturday,"16,700"
February 2026,22 Fillmore,Frequent Local,Saturday,"17,100"
March 2026,22 Fillmore,Frequent Local,Saturday,"17,400"
April 2026,22 Fillmore,Frequent Local,Saturday,"17,500"
May 2026,22 Fillmore,Frequent Local,Saturday,"17,200"
June 2026,22 Fillmore,Frequent Local,Saturday,"17,300"
July 2026,22 Fillmore,Frequent Local,Saturday,"17,400"
August 2026,22 Fillmore,Frequent Local,Saturday,"17,900"
January 2019,23 Monterey,Grid,Saturday,"1,700"
February 2019,23 Monterey,Grid,Saturday,"1,700"
March 2019,23 Monterey,Grid,Saturday,"2,000"
April 2019,23 Monterey,Grid,Saturday,"1,600"
May 2019,23 Monterey,Grid,Saturday,"1,900"
June 2019,23 Monterey,Grid,Saturday,"2,000"
July 2019,23 Monterey,Grid,Saturday,"1,800"
August 2019,23 Monterey,Grid,Saturday,"2,100"
September 2019,23 Monterey,Grid,Saturday,"2,100"
October 2019,23 Monterey,Grid,Saturday,"1,900"
November 2019,23 Monterey,Grid,Saturday,"1,800"
December 2019,23 Monterey,Grid,Saturday,"1,700"
January 2020,23 Monterey,Grid,Saturday,"1,700"
February 2020,23 Monterey,Grid,Saturday,"1,700"
March 2020,23 Monterey,Grid,Saturday,800
April 2020,23 Monterey,Grid,Saturday,100
August 2021,23 Monterey,Grid,Saturday,300
September 2021,23 Monterey,Grid,Saturday,400
October 2021,23 Monterey,Grid,Saturday,700
November 2021,23 Monterey,Grid,Saturday,700
December 2021,23 Monterey,Grid,Saturday,600
January 2022,23 Monterey,Grid,Saturday,600
February 2022,23 Monterey,Grid,Saturday,700
March 2022,23 Monterey,Grid,Saturday,600
April 2022,23 Monterey,Grid,Saturday,700
May 2022,23 Monterey,Grid,Saturday,700
June 2022,23 Monterey,Grid,Saturday,800
July 2022,23 Monterey,Grid,Saturday,900
August 2022,23 Monterey,Grid,Saturday,"1,000"
September 2022,23 Monterey,Grid,Saturday,"1,200"
October 2022,23 Monterey,Grid,Saturday,"1,200"
November 2022,23 Monterey,Grid,Saturday,"1,000"
December 2022,23 Monterey,Grid,Saturday,800
January 2023,23 Monterey,Grid,Saturday,900
February 2023,23 Monterey,Grid,Saturday,"1,100"
March 2023,23 Monterey,Grid,Saturday,"1,100"
April 2023,23 Monterey,Grid,Saturday,"1,100"
May 2023,23 Monterey,Grid,Saturday,"1,200"
June 2023,23 Monterey,Grid,Saturday,"1,300"
July 2023,23 Monterey,Grid,Saturday,"1,300"
August 2023,23 Monterey,Grid,Saturday,"1,300"
September 2023,23 Monterey,Grid,Saturday,"1,200"
October 2023,23 Monterey,Grid,Saturday,"1,200"
November 2023,23 Monterey,Grid,Saturday,"1,200"
December 2023,23 Monterey,Grid,Saturday,"1,100"
January 2024,23 Monterey,Grid,Saturday,"1,100"
February 2024,23 Monterey,Grid,Saturday,"1,300"
March 2024,23 Monterey,Grid,Saturday,"1,300"
April 2024,23 Monterey,Grid,Saturday,"1,300"
May 2024,23 Monterey,Grid,Saturday,"1,300"
June 2024,23 Monterey,Grid,Saturday,"1,400"
July 2024,23 Monterey,Grid,Saturday,"1,300"
August 2024,23 Monterey,Grid,Saturday,"1,500"
September 2024,23 Monterey,Grid,Saturday,"1,500"
October 2024,23 Monterey,Grid,Saturday,"1,500"
November 2024,23 Monterey,Grid,Saturday,"1,300"
December 2024,23 Monterey,Grid,Saturday,"1,000"
January 2025,23 Monterey,Grid,Saturday,"1,300"
February 2025,23 Monterey,Grid,Saturday,"1,300"
March 2025,23 Monterey,Grid,Saturday,"1,400"
April 2025,23 Monterey,Grid,Saturday,"1,400"
May 2025,23 Monterey,Grid,Saturday,"1,300"
June 2025,23 Monterey,Grid,Saturday,"1,400"
July 2025,23 Monterey,Grid,Saturday,"1,200"
August 2025,23 Monterey,Grid,Saturday,"1,600"
September 2025,23 Monterey,Grid,Saturday,"1,500"
October 2025,23 Monterey,Grid,Saturday,"1,500"
November 2025,23 Monterey,Grid,Saturday,"1,400"
December 2025,23 Monterey,Grid,Saturday,"1,000"
January 2026,23 Monterey,Grid,Saturday,"1,400"
February 2026,23 Monterey,Grid,Saturday,"1,500"
March 2026,23 Monterey,Grid,Saturday,"1,500"
April 2026,23 Monterey,Grid,Saturday,"1,400"
May 2026,23 Monterey,Grid,Saturday,"1,300"
June 2026,23 Monterey,Grid,Saturday,"1,400"
July 2026,23 Monterey,Grid,Saturday,"1,300"
August 2026,23 Monterey,Grid,Saturday,"1,700"
January 2019,24 Divisadero,Frequent Local,Saturday,"7,100"
February 2019,24 Divisadero,Frequent Local,Saturday,"7,000"
March 2019,24 Divisadero,Frequent Local,Saturday,"7,700"
April 2019,24 Divisadero,Frequent Local,Saturday,"8,100"
May 2019,24 Divisadero,Frequent Local,Saturday,"7,800"
June 2019,24 Divisadero,Frequent Local,Saturday,"8,500"
July 2019,24 Divisadero,Frequent Local,Saturday,"7,800"
August 2019,24 Divisadero,Frequent Local,Saturday,"8,700"
September 2019,24 Divisadero,Frequent Local,Saturday,"8,000"
October 2019,24 Divisadero,Frequent Local,Saturday,"8,100"
November 2019,24 Divisadero,Frequent Local,Saturday,"7,500"
December 2019,24 Divisadero,Frequent Local,Saturday,"7,500"
January 2020,24 Divisadero,Frequent Local,Saturday,"7,800"
February 2020,24 Divisadero,Frequent Local,Saturday,"7,700"
March 2020,24 Divisadero,Frequent Local,Saturday,"3,200"
April 2020,24 Divisadero,Frequent Local,Saturday,"2,400"
May 2020,24 Divisadero,Frequent Local,Saturday,"3,100"
June 2020,24 Divisadero,Frequent Local,Saturday,"3,700"
July 2020,24 Divisadero,Frequent Local,Saturday,"3,900"
August 2020,24 Divisadero,Frequent Local,Saturday,"3,800"
September 2020,24 Divisadero,Frequent Local,Saturday,"3,900"
October 2020,24 Divisadero,Frequent Local,Saturday,"4,100"
November 2020,24 Divisadero,Frequent Local,Saturday,"3,900"
December 2020,24 Divisadero,Frequent Local,Saturday,"3,400"
January 2021,24 Divisadero,Frequent Local,Saturday,"3,400"
February 2021,24 Divisadero,Frequent Local,Saturday,"3,800"
March 2021,24 Divisadero,Frequent Local,Saturday,"4,100"
April 2021,24 Divisadero,Frequent Local,Saturday,"4,100"
May 2021,24 Divisadero,Frequent Local,Saturday,"4,500"
June 2021,24 Divisadero,Frequent Local,Saturday,"5,000"
July 2021,24 Divisadero,Frequent Local,Saturday,"5,100"
August 2021,24 Divisadero,Frequent Local,Saturday,"5,100"
September 2021,24 Divisadero,Frequent Local,Saturday,"5,300"
October 2021,24 Divisadero,Frequent Local,Saturday,"5,600"
November 2021,24 Divisadero,Frequent Local,Saturday,"5,300"
December 2021,24 Divisadero,Frequent Local,Saturday,"4,100"
January 2022,24 Divisadero,Frequent Local,Saturday,"4,400"
February 2022,24 Divisadero,Frequent Local,Saturday,"5,400"
March 2022,24 Divisadero,Frequent Local,Saturday,"5,700"
April 2022,24 Divisadero,Frequent Local,Saturday,"6,200"
May 2022,24 Divisadero,Frequent Local,Saturday,"6,200"
June 2022,24 Divisadero,Frequent Local,Saturday,"6,400"
July 2022,24 Divisadero,Frequent Local,Saturday,"6,100"
August 2022,24 Divisadero,Frequent Local,Saturday,"6,900"
September 2022,24 Divisadero,Frequent Local,Saturday,"7,100"
October 2022,24 Divisadero,Frequent Local,Saturday,"7,100"
November 2022,24 Divisadero,Frequent Local,Saturday,"6,500"
December 2022,24 Divisadero,Frequent Local,Saturday,"5,300"
January 2023,24 Divisadero,Frequent Local,Saturday,"6,200"
February 2023,24 Divisadero,Frequent Local,Saturday,"6,700"
March 2023,24 Divisadero,Frequent Local,Saturday,"6,900"
April 2023,24 Divisadero,Frequent Local,Saturday,"7,300"
May 2023,24 Divisadero,Frequent Local,Saturday,"7,000"
June 2023,24 Divisadero,Frequent Local,Saturday,"7,500"
July 2023,24 Divisadero,Frequent Local,Saturday,"7,400"
August 2023,24 Divisadero,Frequent Local,Saturday,"7,700"
September 2023,24 Divisadero,Frequent Local,Saturday,"7,500"
October 2023,24 Divisadero,Frequent Local,Saturday,"8,200"
November 2023,24 Divisadero,Frequent Local,Saturday,"7,600"
December 2023,24 Divisadero,Frequent Local,Saturday,"6,600"
January 2024,24 Divisadero,Frequent Local,Saturday,"7,100"
February 2024,24 Divisadero,Frequent Local,Saturday,"7,600"
March 2024,24 Divisadero,Frequent Local,Saturday,"8,000"
April 2024,24 Divisadero,Frequent Local,Saturday,"7,800"
May 2024,24 Divisadero,Frequent Local,Saturday,"7,100"
June 2024,24 Divisadero,Frequent Local,Saturday,"8,200"
July 2024,24 Divisadero,Frequent Local,Saturday,"7,400"
August 2024,24 Divisadero,Frequent Local,Saturday,"8,100"
September 2024,24 Divisadero,Frequent Local,Saturday,"8,400"
October 2024,24 Divisadero,Frequent Local,Saturday,"8,700"
November 2024,24 Divisadero,Frequent Local,Saturday,"7,900"
December 2024,24 Divisadero,Frequent Local,Saturday,"6,300"
January 2025,24 Divisadero,Frequent Local,Saturday,"7,900"
February 2025,24 Divisadero,Frequent Local,Saturday,"8,000"
March 2025,24 Divisadero,Frequent Local,Saturday,"8,200"
April 2025,24 Divisadero,Frequent Local,Saturday,"8,200"
May 2025,24 Divisadero,Frequent Local,Saturday,"7,500"
June 2025,24 Divisadero,Frequent Local,Saturday,"8,600"
July 2025,24 Divisadero,Frequent Local,Saturday,"7,400"
August 2025,24 Divisadero,Frequent Local,Saturday,"8,100"
September 2025,24 Divisadero,Frequent Local,Saturday,"8,400"
October 2025,24 Divisadero,Frequent Local,Saturday,"8,200"
November 2025,24 Divisadero,Frequent Local,Saturday,"7,600"
December 2025,24 Divisadero,Frequent Local,Saturday,"6,200"
January 2026,24 Divisadero,Frequent Local,Saturday,"7,800"
February 2026,24 Divisadero,Frequent Local,Saturday,"8,300"
March 2026,24 Divisadero,Frequent Local,Saturday,"8,500"
April 2026,24 Divisadero,Frequent Local,Saturday,"8,100"
May 2026,24 Divisadero,Frequent Local,Saturday,"8,000"
June 2026,24 Divisadero,Frequent Local,Saturday,"8,500"
July 2026,24 Divisadero,Frequent Local,Saturday,"7,700"
August 2026,24 Divisadero,Frequent Local,Saturday,"8,100"
January 2019,25 Treasure Island,Connector,Saturday,"1,400"
February 2019,25 Treasure Island,Connector,Saturday,"1,500"
March 2019,25 Treasure Island,Connector,Saturday,"1,800"
April 2019,25 Treasure Island,Connector,Saturday,"1,600"
May 2019,25 Treasure Island,Connector,Saturday,"1,600"
June 2019,25 Treasure Island,Connector,Saturday,"2,100"
July 2019,25 Treasure Island,Connector,Saturday,"1,700"
August 2019,25 Treasure Island,Connector,Saturday,"1,600"
September 2019,25 Treasure Island,Connector,Saturday,"1,800"
October 2019,25 Treasure Island,Connector,Saturday,"2,300"
November 2019,25 Treasure Island,Connector,Saturday,"1,900"
December 2019,25 Treasure Island,Connector,Saturday,"1,700"
January 2020,25 Treasure Island,Connector,Saturday,"1,600"
February 2020,25 Treasure Island,Connector,Saturday,"1,700"
March 2020,25 Treasure Island,Connector,Saturday,900
April 2020,25 Treasure Island,Connector,Saturday,500
May 2020,25 Treasure Island,Connector,Saturday,500
June 2020,25 Treasure Island,Connector,Saturday,600
July 2020,25 Treasure Island,Connector,Saturday,500
August 2020,25 Treasure Island,Connector,Saturday,600
September 2020,25 Treasure Island,Connector,Saturday,500
October 2020,25 Treasure Island,Connector,Saturday,500
November 2020,25 Treasure Island,Connector,Saturday,500
December 2020,25 Treasure Island,Connector,Saturday,500
January 2021,25 Treasure Island,Connector,Saturday,300
February 2021,25 Treasure Island,Connector,Saturday,400
March 2021,25 Treasure Island,Connector,Saturday,600
April 2021,25 Treasure Island,Connector,Saturday,500
May 2021,25 Treasure Island,Connector,Saturday,"2,000"
June 2021,25 Treasure Island,Connector,Saturday,600
July 2021,25 Treasure Island,Connector,Saturday,600
August 2021,25 Treasure Island,Connector,Saturday,600
September 2021,25 Treasure Island,Connector,Saturday,600
October 2021,25 Treasure Island,Connector,Saturday,800
November 2021,25 Treasure Island,Connector,Saturday,800
December 2021,25 Treasure Island,Connector,Saturday,600
January 2022,25 Treasure Island,Connector,Saturday,600
February 2022,25 Treasure Island,Connector,Saturday,700
March 2022,25 Treasure Island,Connector,Saturday,700
April 2022,25 Treasure Island,Connector,Saturday,800
May 2022,25 Treasure Island,Connector,Saturday,800
June 2022,25 Treasure Island,Connector,Saturday,800
July 2022,25 Treasure Island,Connector,Saturday,900
August 2022,25 Treasure Island,Connector,Saturday,800
September 2022,25 Treasure Island,Connector,Saturday,900
October 2022,25 Treasure Island,Connector,Saturday,900
November 2022,25 Treasure Island,Connector,Saturday,800
December 2022,25 Treasure Island,Connector,Saturday,700
January 2023,25 Treasure Island,Connector,Saturday,800
February 2023,25 Treasure Island,Connector,Saturday,900
March 2023,25 Treasure Island,Connector,Saturday,800
April 2023,25 Treasure Island,Connector,Saturday,900
May 2023,25 Treasure Island,Connector,Saturday,800
June 2023,25 Treasure Island,Connector,Saturday,"1,000"
July 2023,25 Treasure Island,Connector,Saturday,900
August 2023,25 Treasure Island,Connector,Saturday,800
September 2023,25 Treasure Island,Connector,Saturday,700
October 2023,25 Treasure Island,Connector,Saturday,700
November 2023,25 Treasure Island,Connector,Saturday,600
December 2023,25 Treasure Island,Connector,Saturday,600
January 2024,25 Treasure Island,Connector,Saturday,600
February 2024,25 Treasure Island,Connector,Saturday,700
March 2024,25 Treasure Island,Connector,Saturday,700
April 2024,25 Treasure Island,Connector,Saturday,700
May 2024,25 Treasure Island,Connector,Saturday,600
June 2024,25 Treasure Island,Connector,Saturday,700
July 2024,25 Treasure Island,Connector,Saturday,700
August 2024,25 Treasure Island,Connector,Saturday,600
September 2024,25 Treasure Island,Connector,Saturday,700
October 2024,25 Treasure Island,Connector,Saturday,800
November 2024,25 Treasure Island,Connector,Saturday,700
December 2024,25 Treasure Island,Connector,Saturday,700
January 2025,25 Treasure Island,Connector,Saturday,"1,100"
February 2025,25 Treasure Island,Connector,Saturday,"1,000"
March 2025,25 Treasure Island,Connector,Saturday,"1,300"
April 2025,25 Treasure Island,Connector,Saturday,"1,200"
May 2025,25 Treasure Island,Connector,Saturday,"1,200"
June 2025,25 Treasure Island,Connector,Saturday,"1,100"
July 2025,25 Treasure Island,Connector,Saturday,"1,200"
August 2025,25 Treasure Island,Connector,Saturday,"1,100"
September 2025,25 Treasure Island,Connector,Saturday,"1,300"
October 2025,25 Treasure Island,Connector,Saturday,"1,300"
November 2025,25 Treasure Island,Connector,Saturday,900
December 2025,25 Treasure Island,Connector,Saturday,800
January 2026,25 Treasure Island,Connector,Saturday,900
February 2026,25 Treasure Island,Connector,Saturday,"1,100"
March 2026,25 Treasure Island,Connector,Saturday,"1,300"
April 2026,25 Treasure Island,Connector,Saturday,"1,300"
May 2026,25 Treasure Island,Connector,Saturday,"1,100"
June 2026,25 Treasure Island,Connector,Saturday,"1,300"
July 2026,25 Treasure Island,Connector,Saturday,"1,200"
August 2026,25 Treasure Island,Connector,Saturday,"1,200"
January 2019,27 Bryant,Grid,Saturday,"3,400"
February 2019,27 Bryant,Grid,Saturday,"3,500"
March 2019,27 Bryant,Grid,Saturday,"3,700"
April 2019,27 Bryant,Grid,Saturday,"3,300"
May 2019,27 Bryant,Grid,Saturday,"3,700"
June 2019,27 Bryant,Grid,Saturday,"3,800"
July 2019,27 Bryant,Grid,Saturday,"3,400"
August 2019,27 Bryant,Grid,Saturday,"3,700"
September 2019,27 Bryant,Grid,Saturday,"3,500"
October 2019,27 Bryant,Grid,Saturday,"3,700"
November 2019,27 Bryant,Grid,Saturday,"3,600"
December 2019,27 Bryant,Grid,Saturday,"3,400"
January 2020,27 Bryant,Grid,Saturday,"2,500"
February 2020,27 Bryant,Grid,Saturday,"2,900"
March 2020,27 Bryant,Grid,Saturday,"1,700"
April 2020,27 Bryant,Grid,Saturday,300
January 2021,27 Bryant,Grid,Saturday,200
February 2021,27 Bryant,Grid,Saturday,800
March 2021,27 Bryant,Grid,Saturday,"1,000"
April 2021,27 Bryant,Grid,Saturday,"1,300"
May 2021,27 Bryant,Grid,Saturday,"1,500"
June 2021,27 Bryant,Grid,Saturday,"1,600"
July 2021,27 Bryant,Grid,Saturday,"1,900"
August 2021,27 Bryant,Grid,Saturday,"1,400"
September 2021,27 Bryant,Grid,Saturday,"1,600"
October 2021,27 Bryant,Grid,Saturday,"1,900"
November 2021,27 Bryant,Grid,Saturday,"1,900"
December 2021,27 Bryant,Grid,Saturday,"1,500"
January 2022,27 Bryant,Grid,Saturday,"1,600"
February 2022,27 Bryant,Grid,Saturday,"1,900"
March 2022,27 Bryant,Grid,Saturday,"2,100"
April 2022,27 Bryant,Grid,Saturday,"2,200"
May 2022,27 Bryant,Grid,Saturday,"2,300"
June 2022,27 Bryant,Grid,Saturday,"2,300"
July 2022,27 Bryant,Grid,Saturday,"2,300"
August 2022,27 Bryant,Grid,Saturday,"2,500"
September 2022,27 Bryant,Grid,Saturday,"2,800"
October 2022,27 Bryant,Grid,Saturday,"2,800"
November 2022,27 Bryant,Grid,Saturday,"2,700"
December 2022,27 Bryant,Grid,Saturday,"2,400"
January 2023,27 Bryant,Grid,Saturday,"2,700"
February 2023,27 Bryant,Grid,Saturday,"2,900"
March 2023,27 Bryant,Grid,Saturday,"2,700"
April 2023,27 Bryant,Grid,Saturday,"3,200"
May 2023,27 Bryant,Grid,Saturday,"3,200"
June 2023,27 Bryant,Grid,Saturday,"3,200"
July 2023,27 Bryant,Grid,Saturday,"3,300"
August 2023,27 Bryant,Grid,Saturday,"3,100"
September 2023,27 Bryant,Grid,Saturday,"3,400"
October 2023,27 Bryant,Grid,Saturday,"3,700"
November 2023,27 Bryant,Grid,Saturday,"3,500"
December 2023,27 Bryant,Grid,Saturday,"3,100"
January 2024,27 Bryant,Grid,Saturday,"3,200"
February 2024,27 Bryant,Grid,Saturday,"3,600"
March 2024,27 Bryant,Grid,Saturday,"3,500"
April 2024,27 Bryant,Grid,Saturday,"3,700"
May 2024,27 Bryant,Grid,Saturday,"3,500"
June 2024,27 Bryant,Grid,Saturday,"3,600"
July 2024,27 Bryant,Grid,Saturday,"3,600"
August 2024,27 Bryant,Grid,Saturday,"3,900"
September 2024,27 Bryant,Grid,Saturday,"4,000"
October 2024,27 Bryant,Grid,Saturday,"4,100"
November 2024,27 Bryant,Grid,Saturday,"4,100"
December 2024,27 Bryant,Grid,Saturday,"3,200"
January 2025,27 Bryant,Grid,Saturday,"3,700"
February 2025,27 Bryant,Grid,Saturday,"4,000"
March 2025,27 Bryant,Grid,Saturday,"3,900"
April 2025,27 Bryant,Grid,Saturday,"3,900"
May 2025,27 Bryant,Grid,Saturday,"4,000"
June 2025,27 Bryant,Grid,Saturday,"3,800"
July 2025,27 Bryant,Grid,Saturday,"3,800"
August 2025,27 Bryant,Grid,Saturday,"4,000"
September 2025,27 Bryant,Grid,Saturday,"3,900"
October 2025,27 Bryant,Grid,Saturday,"3,900"
November 2025,27 Bryant,Grid,Saturday,"4,000"
December 2025,27 Bryant,Grid,Saturday,"3,300"
January 2026,27 Bryant,Grid,Saturday,"3,800"
February 2026,27 Bryant,Grid,Saturday,"4,000"
March 2026,27 Bryant,Grid,Saturday,"3,500"
April 2026,27 Bryant,Grid,Saturday,"3,900"
May 2026,27 Bryant,Grid,Saturday,"3,900"
June 2026,27 Bryant,Grid,Saturday,"3,800"
July 2026,27 Bryant,Grid,Saturday,"3,900"
August 2026,27 Bryant,Grid,Saturday,"3,900"
January 2019,28 19th Avenue,Frequent Local,Saturday,"11,400"
February 2019,28 19th Avenue,Frequent Local,Saturday,"9,900"
March 2019,28 19th Avenue,Frequent Local,Saturday,"10,500"
April 2019,28 19th Avenue,Frequent Local,Saturday,"11,100"
May 2019,28 19th Avenue,Frequent Local,Saturday,"9,800"
June 2019,28 19th Avenue,Frequent Local,Saturday,"10,900"
July 2019,28 19th Avenue,Frequent Local,Saturday,"10,500"
August 2019,28 19th Avenue,Frequent Local,Saturday,"11,700"
September 2019,28 19th Avenue,Frequent Local,Saturday,"11,700"
October 2019,28 19th Avenue,Frequent Local,Saturday,"11,300"
November 2019,28 19th Avenue,Frequent Local,Saturday,"8,700"
December 2019,28 19th Avenue,Frequent Local,Saturday,"9,300"
January 2020,28 19th Avenue,Frequent Local,Saturday,"8,700"
February 2020,28 19th Avenue,Frequent Local,Saturday,"10,900"
March 2020,28 19th Avenue,Frequent Local,Saturday,"3,800"
April 2020,28 19th Avenue,Frequent Local,Saturday,200
August 2020,28 19th Avenue,Frequent Local,Saturday,500
September 2020,28 19th Avenue,Frequent Local,Saturday,"1,900"
October 2020,28 19th Avenue,Frequent Local,Saturday,"2,200"
November 2020,28 19th Avenue,Frequent Local,Saturday,"2,300"
December 2020,28 19th Avenue,Frequent Local,Saturday,"2,100"
January 2021,28 19th Avenue,Frequent Local,Saturday,"2,000"
February 2021,28 19th Avenue,Frequent Local,Saturday,"2,200"
March 2021,28 19th Avenue,Frequent Local,Saturday,"2,600"
April 2021,28 19th Avenue,Frequent Local,Saturday,"2,600"
May 2021,28 19th Avenue,Frequent Local,Saturday,"2,600"
June 2021,28 19th Avenue,Frequent Local,Saturday,"3,000"
July 2021,28 19th Avenue,Frequent Local,Saturday,"3,000"
August 2021,28 19th Avenue,Frequent Local,Saturday,"3,900"
September 2021,28 19th Avenue,Frequent Local,Saturday,"4,800"
October 2021,28 19th Avenue,Frequent Local,Saturday,"5,100"
November 2021,28 19th Avenue,Frequent Local,Saturday,"4,700"
December 2021,28 19th Avenue,Frequent Local,Saturday,"4,000"
January 2022,28 19th Avenue,Frequent Local,Saturday,"3,500"
February 2022,28 19th Avenue,Frequent Local,Saturday,"4,400"
March 2022,28 19th Avenue,Frequent Local,Saturday,"4,800"
April 2022,28 19th Avenue,Frequent Local,Saturday,"5,700"
May 2022,28 19th Avenue,Frequent Local,Saturday,"6,300"
June 2022,28 19th Avenue,Frequent Local,Saturday,"6,400"
July 2022,28 19th Avenue,Frequent Local,Saturday,"7,800"
August 2022,28 19th Avenue,Frequent Local,Saturday,"10,000"
September 2022,28 19th Avenue,Frequent Local,Saturday,"9,600"
October 2022,28 19th Avenue,Frequent Local,Saturday,"8,900"
November 2022,28 19th Avenue,Frequent Local,Saturday,"7,900"
December 2022,28 19th Avenue,Frequent Local,Saturday,"5,700"
January 2023,28 19th Avenue,Frequent Local,Saturday,"6,200"
February 2023,28 19th Avenue,Frequent Local,Saturday,"8,100"
March 2023,28 19th Avenue,Frequent Local,Saturday,"8,200"
April 2023,28 19th Avenue,Frequent Local,Saturday,"9,800"
May 2023,28 19th Avenue,Frequent Local,Saturday,"8,900"
June 2023,28 19th Avenue,Frequent Local,Saturday,"9,200"
July 2023,28 19th Avenue,Frequent Local,Saturday,"10,600"
August 2023,28 19th Avenue,Frequent Local,Saturday,"12,000"
September 2023,28 19th Avenue,Frequent Local,Saturday,"11,100"
October 2023,28 19th Avenue,Frequent Local,Saturday,"10,400"
November 2023,28 19th Avenue,Frequent Local,Saturday,"9,300"
December 2023,28 19th Avenue,Frequent Local,Saturday,"8,600"
January 2024,28 19th Avenue,Frequent Local,Saturday,"7,700"
February 2024,28 19th Avenue,Frequent Local,Saturday,"9,400"
March 2024,28 19th Avenue,Frequent Local,Saturday,"10,500"
April 2024,28 19th Avenue,Frequent Local,Saturday,"11,000"
May 2024,28 19th Avenue,Frequent Local,Saturday,"10,400"
June 2024,28 19th Avenue,Frequent Local,Saturday,"11,600"
July 2024,28 19th Avenue,Frequent Local,Saturday,"12,200"
August 2024,28 19th Avenue,Frequent Local,Saturday,"13,300"
September 2024,28 19th Avenue,Frequent Local,Saturday,"12,600"
October 2024,28 19th Avenue,Frequent Local,Saturday,"12,400"
November 2024,28 19th Avenue,Frequent Local,Saturday,"10,800"
December 2024,28 19th Avenue,Frequent Local,Saturday,"8,200"
January 2025,28 19th Avenue,Frequent Local,Saturday,"9,900"
February 2025,28 19th Avenue,Frequent Local,Saturday,"10,400"
March 2025,28 19th Avenue,Frequent Local,Saturday,"11,300"
April 2025,28 19th Avenue,Frequent Local,Saturday,"12,200"
May 2025,28 19th Avenue,Frequent Local,Saturday,"11,700"
June 2025,28 19th Avenue,Frequent Local,Saturday,"11,600"
July 2025,28 19th Avenue,Frequent Local,Saturday,"12,200"
August 2025,28 19th Avenue,Frequent Local,Saturday,"13,200"
September 2025,28 19th Avenue,Frequent Local,Saturday,"12,600"
October 2025,28 19th Avenue,Frequent Local,Saturday,"11,700"
November 2025,28 19th Avenue,Frequent Local,Saturday,"10,900"
December 2025,28 19th Avenue,Frequent Local,Saturday,"9,000"
January 2026,28 19th Avenue,Frequent Local,Saturday,"10,300"
February 2026,28 19th Avenue,Frequent Local,Saturday,"11,600"
March 2026,28 19th Avenue,Frequent Local,Saturday,"11,700"
April 2026,28 19th Avenue,Frequent Local,Saturday,"11,000"
May 2026,28 19th Avenue,Frequent Local,Saturday,"10,900"
June 2026,28 19th Avenue,Frequent Local,Saturday,"12,100"
July 2026,28 19th Avenue,Frequent Local,Saturday,"11,100"
August 2026,28 19th Avenue,Frequent Local,Saturday,"12,900"
January 2019,28R 19th Avenue Rapid,Rapid Bus,Saturday,
February 2019,28R 19th Avenue Rapid,Rapid Bus,Saturday,
March 2019,28R 19th Avenue Rapid,Rapid Bus,Saturday,
April 2019,28R 19th Avenue Rapid,Rapid Bus,Saturday,
May 2019,28R 19th Avenue Rapid,Rapid Bus,Saturday,
June 2019,28R 19th Avenue Rapid,Rapid Bus,Saturday,
July 2019,28R 19th Avenue Rapid,Rapid Bus,Saturday,
August 2019,28R 19th Avenue Rapid,Rapid Bus,Saturday,
September 2019,28R 19th Avenue Rapid,Rapid Bus,Saturday,
October 2019,28R 19th Avenue Rapid,Rapid Bus,Saturday,
November 2019,28R 19th Avenue Rapid,Rapid Bus,Saturday,
December 2019,28R 19th Avenue Rapid,Rapid Bus,Saturday,
January 2020,28R 19th Avenue Rapid,Rapid Bus,Saturday,
February 2020,28R 19th Avenue Rapid,Rapid Bus,Saturday,
March 2020,28R 19th Avenue Rapid,Rapid Bus,Saturday,
January 2019,29 Sunset,Grid,Saturday,"9,200"
February 2019,29 Sunset,Grid,Saturday,"9,900"
March 2019,29 Sunset,Grid,Saturday,"9,600"
April 2019,29 Sunset,Grid,Saturday,"9,400"
May 2019,29 Sunset,Grid,Saturday,"9,800"
June 2019,29 Sunset,Grid,Saturday,"9,800"
July 2019,29 Sunset,Grid,Saturday,"9,300"
August 2019,29 Sunset,Grid,Saturday,"9,600"
September 2019,29 Sunset,Grid,Saturday,"11,000"
October 2019,29 Sunset,Grid,Saturday,"10,700"
November 2019,29 Sunset,Grid,Saturday,"10,000"
December 2019,29 Sunset,Grid,Saturday,"9,500"
January 2020,29 Sunset,Grid,Saturday,"8,900"
February 2020,29 Sunset,Grid,Saturday,"11,000"
March 2020,29 Sunset,Grid,Saturday,"4,900"
April 2020,29 Sunset,Grid,Saturday,"2,800"
May 2020,29 Sunset,Grid,Saturday,"3,400"
June 2020,29 Sunset,Grid,Saturday,"4,400"
July 2020,29 Sunset,Grid,Saturday,"4,600"
August 2020,29 Sunset,Grid,Saturday,"4,500"
September 2020,29 Sunset,Grid,Saturday,"4,700"
October 2020,29 Sunset,Grid,Saturday,"5,400"
November 2020,29 Sunset,Grid,Saturday,"4,900"
December 2020,29 Sunset,Grid,Saturday,"4,500"
January 2021,29 Sunset,Grid,Saturday,"4,300"
February 2021,29 Sunset,Grid,Saturday,"4,900"
March 2021,29 Sunset,Grid,Saturday,"5,400"
April 2021,29 Sunset,Grid,Saturday,"5,400"
May 2021,29 Sunset,Grid,Saturday,"5,500"
June 2021,29 Sunset,Grid,Saturday,"5,700"
July 2021,29 Sunset,Grid,Saturday,"5,900"
August 2021,29 Sunset,Grid,Saturday,"6,400"
September 2021,29 Sunset,Grid,Saturday,"6,200"
October 2021,29 Sunset,Grid,Saturday,"7,300"
November 2021,29 Sunset,Grid,Saturday,"6,800"
December 2021,29 Sunset,Grid,Saturday,"5,700"
January 2022,29 Sunset,Grid,Saturday,"5,700"
February 2022,29 Sunset,Grid,Saturday,"6,700"
March 2022,29 Sunset,Grid,Saturday,"6,900"
April 2022,29 Sunset,Grid,Saturday,"7,100"
May 2022,29 Sunset,Grid,Saturday,"7,100"
June 2022,29 Sunset,Grid,Saturday,"7,100"
July 2022,29 Sunset,Grid,Saturday,"7,100"
August 2022,29 Sunset,Grid,Saturday,"8,600"
September 2022,29 Sunset,Grid,Saturday,"9,000"
October 2022,29 Sunset,Grid,Saturday,"8,900"
November 2022,29 Sunset,Grid,Saturday,"7,700"
December 2022,29 Sunset,Grid,Saturday,"6,100"
January 2023,29 Sunset,Grid,Saturday,"6,900"
February 2023,29 Sunset,Grid,Saturday,"8,400"
March 2023,29 Sunset,Grid,Saturday,"8,100"
April 2023,29 Sunset,Grid,Saturday,"9,000"
May 2023,29 Sunset,Grid,Saturday,"8,500"
June 2023,29 Sunset,Grid,Saturday,"8,700"
July 2023,29 Sunset,Grid,Saturday,"8,900"
August 2023,29 Sunset,Grid,Saturday,"9,700"
September 2023,29 Sunset,Grid,Saturday,"9,400"
October 2023,29 Sunset,Grid,Saturday,"10,100"
November 2023,29 Sunset,Grid,Saturday,"8,800"
December 2023,29 Sunset,Grid,Saturday,"8,000"
January 2024,29 Sunset,Grid,Saturday,"8,000"
February 2024,29 Sunset,Grid,Saturday,"8,900"
March 2024,29 Sunset,Grid,Saturday,"9,400"
April 2024,29 Sunset,Grid,Saturday,"9,600"
May 2024,29 Sunset,Grid,Saturday,"8,800"
June 2024,29 Sunset,Grid,Saturday,"9,500"
July 2024,29 Sunset,Grid,Saturday,"9,200"
August 2024,29 Sunset,Grid,Saturday,"10,500"
September 2024,29 Sunset,Grid,Saturday,"10,200"
October 2024,29 Sunset,Grid,Saturday,"11,400"
November 2024,29 Sunset,Grid,Saturday,"9,800"
December 2024,29 Sunset,Grid,Saturday,"7,400"
January 2025,29 Sunset,Grid,Saturday,"9,200"
February 2025,29 Sunset,Grid,Saturday,"9,400"
March 2025,29 Sunset,Grid,Saturday,"10,200"
April 2025,29 Sunset,Grid,Saturday,"10,400"
May 2025,29 Sunset,Grid,Saturday,"9,600"
June 2025,29 Sunset,Grid,Saturday,"9,400"
July 2025,29 Sunset,Grid,Saturday,"8,900"
August 2025,29 Sunset,Grid,Saturday,"10,900"
September 2025,29 Sunset,Grid,Saturday,"10,600"
October 2025,29 Sunset,Grid,Saturday,"10,700"
November 2025,29 Sunset,Grid,Saturday,"9,800"
December 2025,29 Sunset,Grid,Saturday,"7,800"
January 2026,29 Sunset,Grid,Saturday,"9,500"
February 2026,29 Sunset,Grid,Saturday,"10,600"
March 2026,29 Sunset,Grid,Saturday,"10,700"
April 2026,29 Sunset,Grid,Saturday,"9,900"
May 2026,29 Sunset,Grid,Saturday,"10,200"
June 2026,29 Sunset,Grid,Saturday,"9,800"
July 2026,29 Sunset,Grid,Saturday,"9,900"
August 2026,29 Sunset,Grid,Saturday,"10,800"
January 2019,30 Stockton,Frequent Local,Saturday,"16,700"
February 2019,30 Stockton,Frequent Local,Saturday,"18,100"
March 2019,30 Stockton,Frequent Local,Saturday,"21,700"
April 2019,30 Stockton,Frequent Local,Saturday,"18,700"
May 2019,30 Stockton,Frequent Local,Saturday,"18,500"
June 2019,30 Stockton,Frequent Local,Saturday,"20,300"
July 2019,30 Stockton,Frequent Local,Saturday,"19,200"
August 2019,30 Stockton,Frequent Local,Saturday,"21,000"
September 2019,30 Stockton,Frequent Local,Saturday,"20,600"
October 2019,30 Stockton,Frequent Local,Saturday,"20,400"
November 2019,30 Stockton,Frequent Local,Saturday,"18,600"
December 2019,30 Stockton,Frequent Local,Saturday,"18,700"
January 2020,30 Stockton,Frequent Local,Saturday,"18,400"
February 2020,30 Stockton,Frequent Local,Saturday,"17,900"
March 2020,30 Stockton,Frequent Local,Saturday,"8,900"
April 2020,30 Stockton,Frequent Local,Saturday,900
June 2020,30 Stockton,Frequent Local,Saturday,"1,600"
July 2020,30 Stockton,Frequent Local,Saturday,"2,800"
August 2020,30 Stockton,Frequent Local,Saturday,"3,000"
September 2020,30 Stockton,Frequent Local,Saturday,"3,100"
October 2020,30 Stockton,Frequent Local,Saturday,"3,400"
November 2020,30 Stockton,Frequent Local,Saturday,"3,200"
December 2020,30 Stockton,Frequent Local,Saturday,"2,900"
January 2021,30 Stockton,Frequent Local,Saturday,"3,200"
February 2021,30 Stockton,Frequent Local,Saturday,"5,100"
March 2021,30 Stockton,Frequent Local,Saturday,"5,600"
April 2021,30 Stockton,Frequent Local,Saturday,"5,800"
May 2021,30 Stockton,Frequent Local,Saturday,"7,000"
June 2021,30 Stockton,Frequent Local,Saturday,"8,400"
July 2021,30 Stockton,Frequent Local,Saturday,"9,000"
August 2021,30 Stockton,Frequent Local,Saturday,"9,900"
September 2021,30 Stockton,Frequent Local,Saturday,"10,900"
October 2021,30 Stockton,Frequent Local,Saturday,"11,100"
November 2021,30 Stockton,Frequent Local,Saturday,"8,100"
December 2021,30 Stockton,Frequent Local,Saturday,"7,200"
January 2022,30 Stockton,Frequent Local,Saturday,"6,700"
February 2022,30 Stockton,Frequent Local,Saturday,"7,200"
March 2022,30 Stockton,Frequent Local,Saturday,"8,400"
April 2022,30 Stockton,Frequent Local,Saturday,"10,100"
May 2022,30 Stockton,Frequent Local,Saturday,"11,600"
June 2022,30 Stockton,Frequent Local,Saturday,"11,400"
July 2022,30 Stockton,Frequent Local,Saturday,"12,200"
August 2022,30 Stockton,Frequent Local,Saturday,"12,900"
September 2022,30 Stockton,Frequent Local,Saturday,"12,500"
October 2022,30 Stockton,Frequent Local,Saturday,"13,400"
November 2022,30 Stockton,Frequent Local,Saturday,"12,100"
December 2022,30 Stockton,Frequent Local,Saturday,"9,800"
January 2023,30 Stockton,Frequent Local,Saturday,"10,400"
February 2023,30 Stockton,Frequent Local,Saturday,"10,900"
March 2023,30 Stockton,Frequent Local,Saturday,"11,400"
April 2023,30 Stockton,Frequent Local,Saturday,"12,700"
May 2023,30 Stockton,Frequent Local,Saturday,"12,700"
June 2023,30 Stockton,Frequent Local,Saturday,"12,600"
July 2023,30 Stockton,Frequent Local,Saturday,"14,300"
August 2023,30 Stockton,Frequent Local,Saturday,"14,100"
September 2023,30 Stockton,Frequent Local,Saturday,"13,700"
October 2023,30 Stockton,Frequent Local,Saturday,"13,300"
November 2023,30 Stockton,Frequent Local,Saturday,"12,200"
December 2023,30 Stockton,Frequent Local,Saturday,"11,400"
January 2024,30 Stockton,Frequent Local,Saturday,"10,800"
February 2024,30 Stockton,Frequent Local,Saturday,"12,100"
March 2024,30 Stockton,Frequent Local,Saturday,"12,800"
April 2024,30 Stockton,Frequent Local,Saturday,"13,000"
May 2024,30 Stockton,Frequent Local,Saturday,"12,800"
June 2024,30 Stockton,Frequent Local,Saturday,"13,600"
July 2024,30 Stockton,Frequent Local,Saturday,"13,800"
August 2024,30 Stockton,Frequent Local,Saturday,"14,300"
September 2024,30 Stockton,Frequent Local,Saturday,"14,000"
October 2024,30 Stockton,Frequent Local,Saturday,"13,900"
November 2024,30 Stockton,Frequent Local,Saturday,"13,200"
December 2024,30 Stockton,Frequent Local,Saturday,"10,900"
January 2025,30 Stockton,Frequent Local,Saturday,"12,700"
February 2025,30 Stockton,Frequent Local,Saturday,"10,100"
March 2025,30 Stockton,Frequent Local,Saturday,"11,500"
April 2025,30 Stockton,Frequent Local,Saturday,"12,800"
May 2025,30 Stockton,Frequent Local,Saturday,"12,400"
June 2025,30 Stockton,Frequent Local,Saturday,"12,700"
July 2025,30 Stockton,Frequent Local,Saturday,"13,100"
August 2025,30 Stockton,Frequent Local,Saturday,"14,000"
September 2025,30 Stockton,Frequent Local,Saturday,"13,700"
October 2025,30 Stockton,Frequent Local,Saturday,"12,800"
November 2025,30 Stockton,Frequent Local,Saturday,"12,200"
December 2025,30 Stockton,Frequent Local,Saturday,"10,800"
January 2026,30 Stockton,Frequent Local,Saturday,"11,500"
February 2026,30 Stockton,Frequent Local,Saturday,"14,300"
March 2026,30 Stockton,Frequent Local,Saturday,"13,000"
April 2026,30 Stockton,Frequent Local,Saturday,"12,700"
May 2026,30 Stockton,Frequent Local,Saturday,"12,900"
June 2026,30 Stockton,Frequent Local,Saturday,"13,900"
July 2026,30 Stockton,Frequent Local,Saturday,"13,700"
August 2026,30 Stockton,Frequent Local,Saturday,"14,600"
January 2019,30X Marina Express,Specialized,Saturday,
February 2019,30X Marina Express,Specialized,Saturday,
March 2019,30X Marina Express,Specialized,Saturday,
April 2019,30X Marina Express,Specialized,Saturday,
May 2019,30X Marina Express,Specialized,Saturday,
June 2019,30X Marina Express,Specialized,Saturday,
July 2019,30X Marina Express,Specialized,Saturday,
August 2019,30X Marina Express,Specialized,Saturday,
September 2019,30X Marina Express,Specialized,Saturday,
October 2019,30X Marina Express,Specialized,Saturday,
November 2019,30X Marina Express,Specialized,Saturday,
December 2019,30X Marina Express,Specialized,Saturday,
January 2020,30X Marina Express,Specialized,Saturday,
February 2020,30X Marina Express,Specialized,Saturday,
March 2020,30X Marina Express,Specialized,Saturday,
January 2019,31 Balboa,Grid,Saturday,"5,200"
February 2019,31 Balboa,Grid,Saturday,"5,600"
March 2019,31 Balboa,Grid,Saturday,"6,000"
April 2019,31 Balboa,Grid,Saturday,"6,600"
May 2019,31 Balboa,Grid,Saturday,"5,700"
June 2019,31 Balboa,Grid,Saturday,"5,900"
July 2019,31 Balboa,Grid,Saturday,"5,800"
August 2019,31 Balboa,Grid,Saturday,"5,800"
September 2019,31 Balboa,Grid,Saturday,"6,500"
October 2019,31 Balboa,Grid,Saturday,"7,200"
November 2019,31 Balboa,Grid,Saturday,"6,500"
December 2019,31 Balboa,Grid,Saturday,"6,000"
January 2020,31 Balboa,Grid,Saturday,"5,500"
February 2020,31 Balboa,Grid,Saturday,"6,500"
March 2020,31 Balboa,Grid,Saturday,"2,900"
April 2020,31 Balboa,Grid,Saturday,400
August 2021,31 Balboa,Grid,Saturday,"1,300"
September 2021,31 Balboa,Grid,Saturday,"2,100"
October 2021,31 Balboa,Grid,Saturday,"2,200"
November 2021,31 Balboa,Grid,Saturday,"2,000"
December 2021,31 Balboa,Grid,Saturday,"1,500"
January 2022,31 Balboa,Grid,Saturday,"1,500"
February 2022,31 Balboa,Grid,Saturday,"2,200"
March 2022,31 Balboa,Grid,Saturday,"2,200"
April 2022,31 Balboa,Grid,Saturday,"2,500"
May 2022,31 Balboa,Grid,Saturday,"2,200"
June 2022,31 Balboa,Grid,Saturday,"2,200"
July 2022,31 Balboa,Grid,Saturday,"2,300"
August 2022,31 Balboa,Grid,Saturday,"2,900"
September 2022,31 Balboa,Grid,Saturday,"3,100"
October 2022,31 Balboa,Grid,Saturday,"3,000"
November 2022,31 Balboa,Grid,Saturday,"2,800"
December 2022,31 Balboa,Grid,Saturday,"2,200"
January 2023,31 Balboa,Grid,Saturday,"2,300"
February 2023,31 Balboa,Grid,Saturday,"2,800"
March 2023,31 Balboa,Grid,Saturday,"2,800"
April 2023,31 Balboa,Grid,Saturday,"3,100"
May 2023,31 Balboa,Grid,Saturday,"2,800"
June 2023,31 Balboa,Grid,Saturday,"2,900"
July 2023,31 Balboa,Grid,Saturday,"2,900"
August 2023,31 Balboa,Grid,Saturday,"3,300"
September 2023,31 Balboa,Grid,Saturday,"3,400"
October 2023,31 Balboa,Grid,Saturday,"3,600"
November 2023,31 Balboa,Grid,Saturday,"3,300"
December 2023,31 Balboa,Grid,Saturday,"2,700"
January 2024,31 Balboa,Grid,Saturday,"2,600"
February 2024,31 Balboa,Grid,Saturday,"3,500"
March 2024,31 Balboa,Grid,Saturday,"3,300"
April 2024,31 Balboa,Grid,Saturday,"3,500"
May 2024,31 Balboa,Grid,Saturday,"2,900"
June 2024,31 Balboa,Grid,Saturday,"3,200"
July 2024,31 Balboa,Grid,Saturday,"3,000"
August 2024,31 Balboa,Grid,Saturday,"3,500"
September 2024,31 Balboa,Grid,Saturday,"3,600"
October 2024,31 Balboa,Grid,Saturday,"3,900"
November 2024,31 Balboa,Grid,Saturday,"3,400"
December 2024,31 Balboa,Grid,Saturday,"2,700"
January 2025,31 Balboa,Grid,Saturday,"3,100"
February 2025,31 Balboa,Grid,Saturday,"3,500"
March 2025,31 Balboa,Grid,Saturday,"3,300"
April 2025,31 Balboa,Grid,Saturday,"3,600"
May 2025,31 Balboa,Grid,Saturday,"3,000"
June 2025,31 Balboa,Grid,Saturday,"3,100"
July 2025,31 Balboa,Grid,Saturday,"2,900"
August 2025,31 Balboa,Grid,Saturday,"3,500"
September 2025,31 Balboa,Grid,Saturday,"3,600"
October 2025,31 Balboa,Grid,Saturday,"3,500"
November 2025,31 Balboa,Grid,Saturday,"3,200"
December 2025,31 Balboa,Grid,Saturday,"2,700"
January 2026,31 Balboa,Grid,Saturday,"2,900"
February 2026,31 Balboa,Grid,Saturday,"3,400"
March 2026,31 Balboa,Grid,Saturday,"3,100"
April 2026,31 Balboa,Grid,Saturday,"3,200"
May 2026,31 Balboa,Grid,Saturday,"3,000"
June 2026,31 Balboa,Grid,Saturday,"3,100"
July 2026,31 Balboa,Grid,Saturday,"3,000"
August 2026,31 Balboa,Grid,Saturday,"3,300"
January 2019,31AX Balboa A Express,Specialized,Saturday,
February 2019,31AX Balboa A Express,Specialized,Saturday,
March 2019,31AX Balboa A Express,Specialized,Saturday,
April 2019,31AX Balboa A Express,Specialized,Saturday,
May 2019,31AX Balboa A Express,Specialized,Saturday,
June 2019,31AX Balboa A Express,Specialized,Saturday,
July 2019,31AX Balboa A Express,Specialized,Saturday,
August 2019,31AX Balboa A Express,Specialized,Saturday,
September 2019,31AX Balboa A Express,Specialized,Saturday,
October 2019,31AX Balboa A Express,Specialized,Saturday,
November 2019,31AX Balboa A Express,Specialized,Saturday,
December 2019,31AX Balboa A Express,Specialized,Saturday,
January 2020,31AX Balboa A Express,Specialized,Saturday,
February 2020,31AX Balboa A Express,Specialized,Saturday,
March 2020,31AX Balboa A Express,Specialized,Saturday,
January 2019,31BX Balboa B Express,Specialized,Saturday,
February 2019,31BX Balboa B Express,Specialized,Saturday,
March 2019,31BX Balboa B Express,Specialized,Saturday,
April 2019,31BX Balboa B Express,Specialized,Saturday,
May 2019,31BX Balboa B Express,Specialized,Saturday,
June 2019,31BX Balboa B Express,Specialized,Saturday,
July 2019,31BX Balboa B Express,Specialized,Saturday,
August 2019,31BX Balboa B Express,Specialized,Saturday,
September 2019,31BX Balboa B Express,Specialized,Saturday,
October 2019,31BX Balboa B Express,Specialized,Saturday,
November 2019,31BX Balboa B Express,Specialized,Saturday,
December 2019,31BX Balboa B Express,Specialized,Saturday,
January 2020,31BX Balboa B Express,Specialized,Saturday,
February 2020,31BX Balboa B Express,Specialized,Saturday,
March 2020,31BX Balboa B Express,Specialized,Saturday,
January 2019,33 Ashbury/18th,Grid,Saturday,"4,000"
February 2019,33 Ashbury/18th,Grid,Saturday,"3,900"
March 2019,33 Ashbury/18th,Grid,Saturday,"4,500"
April 2019,33 Ashbury/18th,Grid,Saturday,"4,200"
May 2019,33 Ashbury/18th,Grid,Saturday,"3,800"
June 2019,33 Ashbury/18th,Grid,Saturday,"4,400"
July 2019,33 Ashbury/18th,Grid,Saturday,"4,200"
August 2019,33 Ashbury/18th,Grid,Saturday,"4,600"
September 2019,33 Ashbury/18th,Grid,Saturday,"4,600"
October 2019,33 Ashbury/18th,Grid,Saturday,"5,000"
November 2019,33 Ashbury/18th,Grid,Saturday,"4,500"
December 2019,33 Ashbury/18th,Grid,Saturday,"4,500"
January 2020,33 Ashbury/18th,Grid,Saturday,"4,400"
February 2020,33 Ashbury/18th,Grid,Saturday,"4,700"
March 2020,33 Ashbury/18th,Grid,Saturday,"2,400"
April 2020,33 Ashbury/18th,Grid,Saturday,200
January 2021,33 Ashbury/18th,Grid,Saturday,400
February 2021,33 Ashbury/18th,Grid,Saturday,"1,200"
March 2021,33 Ashbury/18th,Grid,Saturday,"1,400"
April 2021,33 Ashbury/18th,Grid,Saturday,"1,500"
May 2021,33 Ashbury/18th,Grid,Saturday,"1,800"
June 2021,33 Ashbury/18th,Grid,Saturday,"1,900"
July 2021,33 Ashbury/18th,Grid,Saturday,"2,100"
August 2021,33 Ashbury/18th,Grid,Saturday,"2,300"
September 2021,33 Ashbury/18th,Grid,Saturday,"2,500"
October 2021,33 Ashbury/18th,Grid,Saturday,"2,700"
November 2021,33 Ashbury/18th,Grid,Saturday,"2,400"
December 2021,33 Ashbury/18th,Grid,Saturday,"1,800"
January 2022,33 Ashbury/18th,Grid,Saturday,"2,000"
February 2022,33 Ashbury/18th,Grid,Saturday,"2,700"
March 2022,33 Ashbury/18th,Grid,Saturday,"2,700"
April 2022,33 Ashbury/18th,Grid,Saturday,"3,100"
May 2022,33 Ashbury/18th,Grid,Saturday,"3,100"
June 2022,33 Ashbury/18th,Grid,Saturday,"3,300"
July 2022,33 Ashbury/18th,Grid,Saturday,"3,000"
August 2022,33 Ashbury/18th,Grid,Saturday,"3,600"
September 2022,33 Ashbury/18th,Grid,Saturday,"3,700"
October 2022,33 Ashbury/18th,Grid,Saturday,"3,600"
November 2022,33 Ashbury/18th,Grid,Saturday,"3,300"
December 2022,33 Ashbury/18th,Grid,Saturday,"2,500"
January 2023,33 Ashbury/18th,Grid,Saturday,"3,000"
February 2023,33 Ashbury/18th,Grid,Saturday,"3,300"
March 2023,33 Ashbury/18th,Grid,Saturday,"3,300"
April 2023,33 Ashbury/18th,Grid,Saturday,"3,900"
May 2023,33 Ashbury/18th,Grid,Saturday,"3,600"
June 2023,33 Ashbury/18th,Grid,Saturday,"3,800"
July 2023,33 Ashbury/18th,Grid,Saturday,"3,900"
August 2023,33 Ashbury/18th,Grid,Saturday,"4,100"
September 2023,33 Ashbury/18th,Grid,Saturday,"4,000"
October 2023,33 Ashbury/18th,Grid,Saturday,"4,300"
November 2023,33 Ashbury/18th,Grid,Saturday,"3,900"
December 2023,33 Ashbury/18th,Grid,Saturday,"3,400"
January 2024,33 Ashbury/18th,Grid,Saturday,"3,500"
February 2024,33 Ashbury/18th,Grid,Saturday,"4,000"
March 2024,33 Ashbury/18th,Grid,Saturday,"4,100"
April 2024,33 Ashbury/18th,Grid,Saturday,"4,200"
May 2024,33 Ashbury/18th,Grid,Saturday,"3,600"
June 2024,33 Ashbury/18th,Grid,Saturday,"4,000"
July 2024,33 Ashbury/18th,Grid,Saturday,"3,800"
August 2024,33 Ashbury/18th,Grid,Saturday,"4,100"
September 2024,33 Ashbury/18th,Grid,Saturday,"4,200"
October 2024,33 Ashbury/18th,Grid,Saturday,"4,200"
November 2024,33 Ashbury/18th,Grid,Saturday,"3,900"
December 2024,33 Ashbury/18th,Grid,Saturday,"2,900"
January 2025,33 Ashbury/18th,Grid,Saturday,"3,700"
February 2025,33 Ashbury/18th,Grid,Saturday,"4,000"
March 2025,33 Ashbury/18th,Grid,Saturday,"4,200"
April 2025,33 Ashbury/18th,Grid,Saturday,"4,200"
May 2025,33 Ashbury/18th,Grid,Saturday,"4,000"
June 2025,33 Ashbury/18th,Grid,Saturday,"4,000"
July 2025,33 Ashbury/18th,Grid,Saturday,"3,800"
August 2025,33 Ashbury/18th,Grid,Saturday,"4,400"
September 2025,33 Ashbury/18th,Grid,Saturday,"4,500"
October 2025,33 Ashbury/18th,Grid,Saturday,"4,200"
November 2025,33 Ashbury/18th,Grid,Saturday,"3,900"
December 2025,33 Ashbury/18th,Grid,Saturday,"3,100"
January 2026,33 Ashbury/18th,Grid,Saturday,"4,100"
February 2026,33 Ashbury/18th,Grid,Saturday,"4,400"
March 2026,33 Ashbury/18th,Grid,Saturday,"4,500"
April 2026,33 Ashbury/18th,Grid,Saturday,"4,000"
May 2026,33 Ashbury/18th,Grid,Saturday,"4,200"
June 2026,33 Ashbury/18th,Grid,Saturday,"3,900"
July 2026,33 Ashbury/18th,Grid,Saturday,"3,700"
August 2026,33 Ashbury/18th,Grid,Saturday,"3,800"
January 2019,35 Eureka,Connector,Saturday,500
February 2019,35 Eureka,Connector,Saturday,400
March 2019,35 Eureka,Connector,Saturday,400
April 2019,35 Eureka,Connector,Saturday,400
May 2019,35 Eureka,Connector,Saturday,300
June 2019,35 Eureka,Connector,Saturday,400
July 2019,35 Eureka,Connector,Saturday,400
August 2019,35 Eureka,Connector,Saturday,300
September 2019,35 Eureka,Connector,Saturday,400
October 2019,35 Eureka,Connector,Saturday,400
November 2019,35 Eureka,Connector,Saturday,200
December 2019,35 Eureka,Connector,Saturday,400
January 2020,35 Eureka,Connector,Saturday,300
February 2020,35 Eureka,Connector,Saturday,200
March 2020,35 Eureka,Connector,Saturday,100
October 2022,35 Eureka,Connector,Saturday,200
November 2022,35 Eureka,Connector,Saturday,200
December 2022,35 Eureka,Connector,Saturday,200
January 2023,35 Eureka,Connector,Saturday,200
February 2023,35 Eureka,Connector,Saturday,300
March 2023,35 Eureka,Connector,Saturday,200
April 2023,35 Eureka,Connector,Saturday,300
May 2023,35 Eureka,Connector,Saturday,300
June 2023,35 Eureka,Connector,Saturday,300
July 2023,35 Eureka,Connector,Saturday,300
August 2023,35 Eureka,Connector,Saturday,300
September 2023,35 Eureka,Connector,Saturday,300
October 2023,35 Eureka,Connector,Saturday,300
November 2023,35 Eureka,Connector,Saturday,300
December 2023,35 Eureka,Connector,Saturday,200
January 2024,35 Eureka,Connector,Saturday,300
February 2024,35 Eureka,Connector,Saturday,100
March 2024,35 Eureka,Connector,Saturday,100
April 2024,35 Eureka,Connector,Saturday,100
May 2024,35 Eureka,Connector,Saturday,100
June 2024,35 Eureka,Connector,Saturday,200
July 2024,35 Eureka,Connector,Saturday,100
August 2024,35 Eureka,Connector,Saturday,200
September 2024,35 Eureka,Connector,Saturday,100
October 2024,35 Eureka,Connector,Saturday,100
November 2024,35 Eureka,Connector,Saturday,300
December 2024,35 Eureka,Connector,Saturday,300
January 2025,35 Eureka,Connector,Saturday,200
February 2025,35 Eureka,Connector,Saturday,200
March 2025,35 Eureka,Connector,Saturday,200
April 2025,35 Eureka,Connector,Saturday,200
May 2025,35 Eureka,Connector,Saturday,300
June 2025,35 Eureka,Connector,Saturday,400
July 2025,35 Eureka,Connector,Saturday,300
August 2025,35 Eureka,Connector,Saturday,300
September 2025,35 Eureka,Connector,Saturday,400
October 2025,35 Eureka,Connector,Saturday,400
November 2025,35 Eureka,Connector,Saturday,300
December 2025,35 Eureka,Connector,Saturday,300
January 2026,35 Eureka,Connector,Saturday,300
February 2026,35 Eureka,Connector,Saturday,300
March 2026,35 Eureka,Connector,Saturday,400
April 2026,35 Eureka,Connector,Saturday,400
May 2026,35 Eureka,Connector,Saturday,400
June 2026,35 Eureka,Connector,Saturday,300
July 2026,35 Eureka,Connector,Saturday,300
August 2026,35 Eureka,Connector,Saturday,400
January 2019,36 Teresita,Connector,Saturday,700
February 2019,36 Teresita,Connector,Saturday,600
March 2019,36 Teresita,Connector,Saturday,500
April 2019,36 Teresita,Connector,Saturday,500
May 2019,36 Teresita,Connector,Saturday,600
June 2019,36 Teresita,Connector,Saturday,600
July 2019,36 Teresita,Connector,Saturday,700
August 2019,36 Teresita,Connector,Saturday,700
September 2019,36 Teresita,Connector,Saturday,800
October 2019,36 Teresita,Connector,Saturday,900
November 2019,36 Teresita,Connector,Saturday,700
December 2019,36 Teresita,Connector,Saturday,700
January 2020,36 Teresita,Connector,Saturday,700
February 2020,36 Teresita,Connector,Saturday,600
March 2020,36 Teresita,Connector,Saturday,300
November 2022,36 Teresita,Connector,Saturday,100
December 2022,36 Teresita,Connector,Saturday,200
January 2023,36 Teresita,Connector,Saturday,300
February 2023,36 Teresita,Connector,Saturday,300
March 2023,36 Teresita,Connector,Saturday,400
April 2023,36 Teresita,Connector,Saturday,400
May 2023,36 Teresita,Connector,Saturday,400
June 2023,36 Teresita,Connector,Saturday,400
July 2023,36 Teresita,Connector,Saturday,400
August 2023,36 Teresita,Connector,Saturday,400
September 2023,36 Teresita,Connector,Saturday,400
October 2023,36 Teresita,Connector,Saturday,500
November 2023,36 Teresita,Connector,Saturday,400
December 2023,36 Teresita,Connector,Saturday,400
January 2024,36 Teresita,Connector,Saturday,400
February 2024,36 Teresita,Connector,Saturday,400
March 2024,36 Teresita,Connector,Saturday,300
April 2024,36 Teresita,Connector,Saturday,400
May 2024,36 Teresita,Connector,Saturday,400
June 2024,36 Teresita,Connector,Saturday,500
July 2024,36 Teresita,Connector,Saturday,400
August 2024,36 Teresita,Connector,Saturday,400
September 2024,36 Teresita,Connector,Saturday,400
October 2024,36 Teresita,Connector,Saturday,400
November 2024,36 Teresita,Connector,Saturday,400
December 2024,36 Teresita,Connector,Saturday,300
January 2025,36 Teresita,Connector,Saturday,500
February 2025,36 Teresita,Connector,Saturday,400
March 2025,36 Teresita,Connector,Saturday,500
April 2025,36 Teresita,Connector,Saturday,500
May 2025,36 Teresita,Connector,Saturday,400
June 2025,36 Teresita,Connector,Saturday,500
July 2025,36 Teresita,Connector,Saturday,500
August 2025,36 Teresita,Connector,Saturday,500
September 2025,36 Teresita,Connector,Saturday,500
October 2025,36 Teresita,Connector,Saturday,500
November 2025,36 Teresita,Connector,Saturday,400
December 2025,36 Teresita,Connector,Saturday,400
January 2026,36 Teresita,Connector,Saturday,500
February 2026,36 Teresita,Connector,Saturday,500
March 2026,36 Teresita,Connector,Saturday,600
April 2026,36 Teresita,Connector,Saturday,500
May 2026,36 Teresita,Connector,Saturday,500
June 2026,36 Teresita,Connector,Saturday,600
July 2026,36 Teresita,Connector,Saturday,500
August 2026,36 Teresita,Connector,Saturday,600
January 2019,37 Corbett,Connector,Saturday,800
February 2019,37 Corbett,Connector,Saturday,"1,000"
March 2019,37 Corbett,Connector,Saturday,800
April 2019,37 Corbett,Connector,Saturday,"1,100"
May 2019,37 Corbett,Connector,Saturday,"1,100"
June 2019,37 Corbett,Connector,Saturday,"1,100"
July 2019,37 Corbett,Connector,Saturday,"1,000"
August 2019,37 Corbett,Connector,Saturday,"1,200"
September 2019,37 Corbett,Connector,Saturday,"1,300"
October 2019,37 Corbett,Connector,Saturday,"1,300"
November 2019,37 Corbett,Connector,Saturday,600
December 2019,37 Corbett,Connector,Saturday,500
January 2020,37 Corbett,Connector,Saturday,500
February 2020,37 Corbett,Connector,Saturday,500
March 2020,37 Corbett,Connector,Saturday,300
August 2020,37 Corbett,Connector,Saturday,200
January 2021,37 Corbett,Connector,Saturday,100
October 2022,37 Corbett,Connector,Saturday,100
November 2022,37 Corbett,Connector,Saturday,300
December 2022,37 Corbett,Connector,Saturday,400
January 2023,37 Corbett,Connector,Saturday,400
February 2023,37 Corbett,Connector,Saturday,300
March 2023,37 Corbett,Connector,Saturday,500
April 2023,37 Corbett,Connector,Saturday,700
May 2023,37 Corbett,Connector,Saturday,600
June 2023,37 Corbett,Connector,Saturday,400
July 2023,37 Corbett,Connector,Saturday,700
August 2023,37 Corbett,Connector,Saturday,700
September 2023,37 Corbett,Connector,Saturday,700
October 2023,37 Corbett,Connector,Saturday,200
November 2023,37 Corbett,Connector,Saturday,400
December 2023,37 Corbett,Connector,Saturday,500
January 2024,37 Corbett,Connector,Saturday,500
February 2024,37 Corbett,Connector,Saturday,700
March 2024,37 Corbett,Connector,Saturday,700
April 2024,37 Corbett,Connector,Saturday,700
May 2024,37 Corbett,Connector,Saturday,700
June 2024,37 Corbett,Connector,Saturday,800
July 2024,37 Corbett,Connector,Saturday,700
August 2024,37 Corbett,Connector,Saturday,700
September 2024,37 Corbett,Connector,Saturday,700
October 2024,37 Corbett,Connector,Saturday,700
November 2024,37 Corbett,Connector,Saturday,600
December 2024,37 Corbett,Connector,Saturday,500
January 2025,37 Corbett,Connector,Saturday,700
February 2025,37 Corbett,Connector,Saturday,700
March 2025,37 Corbett,Connector,Saturday,700
April 2025,37 Corbett,Connector,Saturday,700
May 2025,37 Corbett,Connector,Saturday,700
June 2025,37 Corbett,Connector,Saturday,500
July 2025,37 Corbett,Connector,Saturday,600
August 2025,37 Corbett,Connector,Saturday,800
September 2025,37 Corbett,Connector,Saturday,700
October 2025,37 Corbett,Connector,Saturday,700
November 2025,37 Corbett,Connector,Saturday,700
December 2025,37 Corbett,Connector,Saturday,600
January 2026,37 Corbett,Connector,Saturday,700
February 2026,37 Corbett,Connector,Saturday,800
March 2026,37 Corbett,Connector,Saturday,900
April 2026,37 Corbett,Connector,Saturday,700
May 2026,37 Corbett,Connector,Saturday,700
June 2026,37 Corbett,Connector,Saturday,900
July 2026,37 Corbett,Connector,Saturday,800
August 2026,37 Corbett,Connector,Saturday,900
January 2019,38 Geary,Frequent Local,Saturday,"19,500"
February 2019,38 Geary,Frequent Local,Saturday,"19,200"
March 2019,38 Geary,Frequent Local,Saturday,"20,400"
April 2019,38 Geary,Frequent Local,Saturday,"23,600"
May 2019,38 Geary,Frequent Local,Saturday,"19,800"
June 2019,38 Geary,Frequent Local,Saturday,"21,400"
July 2019,38 Geary,Frequent Local,Saturday,"20,000"
August 2019,38 Geary,Frequent Local,Saturday,"20,200"
September 2019,38 Geary,Frequent Local,Saturday,"21,500"
October 2019,38 Geary,Frequent Local,Saturday,"22,500"
November 2019,38 Geary,Frequent Local,Saturday,"20,700"
December 2019,38 Geary,Frequent Local,Saturday,"20,700"
January 2020,38 Geary,Frequent Local,Saturday,"21,100"
February 2020,38 Geary,Frequent Local,Saturday,"21,500"
March 2020,38 Geary,Frequent Local,Saturday,"11,500"
April 2020,38 Geary,Frequent Local,Saturday,"6,800"
May 2020,38 Geary,Frequent Local,Saturday,"6,900"
June 2020,38 Geary,Frequent Local,Saturday,"8,100"
July 2020,38 Geary,Frequent Local,Saturday,"8,600"
August 2020,38 Geary,Frequent Local,Saturday,"8,500"
September 2020,38 Geary,Frequent Local,Saturday,"9,000"
October 2020,38 Geary,Frequent Local,Saturday,"9,300"
November 2020,38 Geary,Frequent Local,Saturday,"9,400"
December 2020,38 Geary,Frequent Local,Saturday,"8,100"
January 2021,38 Geary,Frequent Local,Saturday,"8,200"
February 2021,38 Geary,Frequent Local,Saturday,"8,400"
March 2021,38 Geary,Frequent Local,Saturday,"9,400"
April 2021,38 Geary,Frequent Local,Saturday,"9,700"
May 2021,38 Geary,Frequent Local,Saturday,"9,900"
June 2021,38 Geary,Frequent Local,Saturday,"10,300"
July 2021,38 Geary,Frequent Local,Saturday,"11,300"
August 2021,38 Geary,Frequent Local,Saturday,"10,400"
September 2021,38 Geary,Frequent Local,Saturday,"11,300"
October 2021,38 Geary,Frequent Local,Saturday,"12,100"
November 2021,38 Geary,Frequent Local,Saturday,"11,600"
December 2021,38 Geary,Frequent Local,Saturday,"9,400"
January 2022,38 Geary,Frequent Local,Saturday,"9,400"
February 2022,38 Geary,Frequent Local,Saturday,"9,900"
March 2022,38 Geary,Frequent Local,Saturday,"10,500"
April 2022,38 Geary,Frequent Local,Saturday,"12,600"
May 2022,38 Geary,Frequent Local,Saturday,"12,700"
June 2022,38 Geary,Frequent Local,Saturday,"13,100"
July 2022,38 Geary,Frequent Local,Saturday,"12,800"
August 2022,38 Geary,Frequent Local,Saturday,"14,400"
September 2022,38 Geary,Frequent Local,Saturday,"15,000"
October 2022,38 Geary,Frequent Local,Saturday,"14,100"
November 2022,38 Geary,Frequent Local,Saturday,"13,700"
December 2022,38 Geary,Frequent Local,Saturday,"11,800"
January 2023,38 Geary,Frequent Local,Saturday,"12,500"
February 2023,38 Geary,Frequent Local,Saturday,"13,700"
March 2023,38 Geary,Frequent Local,Saturday,"14,000"
April 2023,38 Geary,Frequent Local,Saturday,"15,900"
May 2023,38 Geary,Frequent Local,Saturday,"14,400"
June 2023,38 Geary,Frequent Local,Saturday,"14,800"
July 2023,38 Geary,Frequent Local,Saturday,"15,400"
August 2023,38 Geary,Frequent Local,Saturday,"15,000"
September 2023,38 Geary,Frequent Local,Saturday,"14,500"
October 2023,38 Geary,Frequent Local,Saturday,"14,300"
November 2023,38 Geary,Frequent Local,Saturday,"14,700"
December 2023,38 Geary,Frequent Local,Saturday,"12,900"
January 2024,38 Geary,Frequent Local,Saturday,"13,300"
February 2024,38 Geary,Frequent Local,Saturday,"14,700"
March 2024,38 Geary,Frequent Local,Saturday,"15,300"
April 2024,38 Geary,Frequent Local,Saturday,"16,400"
May 2024,38 Geary,Frequent Local,Saturday,"14,200"
June 2024,38 Geary,Frequent Local,Saturday,"15,600"
July 2024,38 Geary,Frequent Local,Saturday,"15,000"
August 2024,38 Geary,Frequent Local,Saturday,"16,700"
September 2024,38 Geary,Frequent Local,Saturday,"16,400"
October 2024,38 Geary,Frequent Local,Saturday,"17,200"
November 2024,38 Geary,Frequent Local,Saturday,"14,800"
December 2024,38 Geary,Frequent Local,Saturday,"12,600"
January 2025,38 Geary,Frequent Local,Saturday,"15,300"
February 2025,38 Geary,Frequent Local,Saturday,"14,900"
March 2025,38 Geary,Frequent Local,Saturday,"15,900"
April 2025,38 Geary,Frequent Local,Saturday,"17,200"
May 2025,38 Geary,Frequent Local,Saturday,"14,700"
June 2025,38 Geary,Frequent Local,Saturday,"15,900"
July 2025,38 Geary,Frequent Local,Saturday,"15,200"
August 2025,38 Geary,Frequent Local,Saturday,"16,500"
September 2025,38 Geary,Frequent Local,Saturday,"16,700"
October 2025,38 Geary,Frequent Local,Saturday,"16,700"
November 2025,38 Geary,Frequent Local,Saturday,"16,000"
December 2025,38 Geary,Frequent Local,Saturday,"13,400"
January 2026,38 Geary,Frequent Local,Saturday,"14,900"
February 2026,38 Geary,Frequent Local,Saturday,"16,300"
March 2026,38 Geary,Frequent Local,Saturday,"17,300"
April 2026,38 Geary,Frequent Local,Saturday,"16,700"
May 2026,38 Geary,Frequent Local,Saturday,"15,300"
June 2026,38 Geary,Frequent Local,Saturday,"15,800"
July 2026,38 Geary,Frequent Local,Saturday,"16,400"
August 2026,38 Geary,Frequent Local,Saturday,"17,200"
January 2019,38AX Geary A Express,Specialized,Saturday,
February 2019,38AX Geary A Express,Specialized,Saturday,
March 2019,38AX Geary A Express,Specialized,Saturday,
April 2019,38AX Geary A Express,Specialized,Saturday,
May 2019,38AX Geary A Express,Specialized,Saturday,
June 2019,38AX Geary A Express,Specialized,Saturday,
July 2019,38AX Geary A Express,Specialized,Saturday,
August 2019,38AX Geary A Express,Specialized,Saturday,
September 2019,38AX Geary A Express,Specialized,Saturday,
October 2019,38AX Geary A Express,Specialized,Saturday,
November 2019,38AX Geary A Express,Specialized,Saturday,
December 2019,38AX Geary A Express,Specialized,Saturday,
January 2020,38AX Geary A Express,Specialized,Saturday,
February 2020,38AX Geary A Express,Specialized,Saturday,
March 2020,38AX Geary A Express,Specialized,Saturday,
January 2019,38BX Geary B Express,Specialized,Saturday,
February 2019,38BX Geary B Express,Specialized,Saturday,
March 2019,38BX Geary B Express,Specialized,Saturday,
April 2019,38BX Geary B Express,Specialized,Saturday,
May 2019,38BX Geary B Express,Specialized,Saturday,
June 2019,38BX Geary B Express,Specialized,Saturday,
July 2019,38BX Geary B Express,Specialized,Saturday,
August 2019,38BX Geary B Express,Specialized,Saturday,
September 2019,38BX Geary B Express,Specialized,Saturday,
October 2019,38BX Geary B Express,Specialized,Saturday,
November 2019,38BX Geary B Express,Specialized,Saturday,
December 2019,38BX Geary B Express,Specialized,Saturday,
January 2020,38BX Geary B Express,Specialized,Saturday,
February 2020,38BX Geary B Express,Specialized,Saturday,
March 2020,38BX Geary B Express,Specialized,Saturday,
January 2019,38R Geary Rapid,Rapid Bus,Saturday,"12,800"
February 2019,38R Geary Rapid,Rapid Bus,Saturday,"12,600"
March 2019,38R Geary Rapid,Rapid Bus,Saturday,"14,300"
April 2019,38R Geary Rapid,Rapid Bus,Saturday,"15,900"
May 2019,38R Geary Rapid,Rapid Bus,Saturday,"13,000"
June 2019,38R Geary Rapid,Rapid Bus,Saturday,"14,600"
July 2019,38R Geary Rapid,Rapid Bus,Saturday,"13,800"
August 2019,38R Geary Rapid,Rapid Bus,Saturday,"13,500"
September 2019,38R Geary Rapid,Rapid Bus,Saturday,"14,000"
October 2019,38R Geary Rapid,Rapid Bus,Saturday,"13,800"
November 2019,38R Geary Rapid,Rapid Bus,Saturday,"13,600"
December 2019,38R Geary Rapid,Rapid Bus,Saturday,"14,400"
January 2020,38R Geary Rapid,Rapid Bus,Saturday,"13,500"
February 2020,38R Geary Rapid,Rapid Bus,Saturday,"14,200"
March 2020,38R Geary Rapid,Rapid Bus,Saturday,"6,900"
April 2020,38R Geary Rapid,Rapid Bus,Saturday,"1,000"
May 2020,38R Geary Rapid,Rapid Bus,Saturday,"3,500"
June 2020,38R Geary Rapid,Rapid Bus,Saturday,"4,300"
July 2020,38R Geary Rapid,Rapid Bus,Saturday,"4,800"
August 2020,38R Geary Rapid,Rapid Bus,Saturday,"5,100"
September 2020,38R Geary Rapid,Rapid Bus,Saturday,"6,000"
October 2020,38R Geary Rapid,Rapid Bus,Saturday,"6,400"
November 2020,38R Geary Rapid,Rapid Bus,Saturday,"6,000"
December 2020,38R Geary Rapid,Rapid Bus,Saturday,"5,700"
January 2021,38R Geary Rapid,Rapid Bus,Saturday,"5,700"
February 2021,38R Geary Rapid,Rapid Bus,Saturday,"6,700"
March 2021,38R Geary Rapid,Rapid Bus,Saturday,"6,900"
April 2021,38R Geary Rapid,Rapid Bus,Saturday,"7,100"
May 2021,38R Geary Rapid,Rapid Bus,Saturday,"7,300"
June 2021,38R Geary Rapid,Rapid Bus,Saturday,"8,700"
July 2021,38R Geary Rapid,Rapid Bus,Saturday,"9,000"
August 2021,38R Geary Rapid,Rapid Bus,Saturday,"9,900"
September 2021,38R Geary Rapid,Rapid Bus,Saturday,"9,500"
October 2021,38R Geary Rapid,Rapid Bus,Saturday,"10,600"
November 2021,38R Geary Rapid,Rapid Bus,Saturday,"10,600"
December 2021,38R Geary Rapid,Rapid Bus,Saturday,"9,800"
January 2022,38R Geary Rapid,Rapid Bus,Saturday,"8,700"
February 2022,38R Geary Rapid,Rapid Bus,Saturday,"10,900"
March 2022,38R Geary Rapid,Rapid Bus,Saturday,"11,400"
April 2022,38R Geary Rapid,Rapid Bus,Saturday,"12,700"
May 2022,38R Geary Rapid,Rapid Bus,Saturday,"11,500"
June 2022,38R Geary Rapid,Rapid Bus,Saturday,"12,300"
July 2022,38R Geary Rapid,Rapid Bus,Saturday,"11,900"
August 2022,38R Geary Rapid,Rapid Bus,Saturday,"12,600"
September 2022,38R Geary Rapid,Rapid Bus,Saturday,"13,000"
October 2022,38R Geary Rapid,Rapid Bus,Saturday,"13,200"
November 2022,38R Geary Rapid,Rapid Bus,Saturday,"12,500"
December 2022,38R Geary Rapid,Rapid Bus,Saturday,"10,000"
January 2023,38R Geary Rapid,Rapid Bus,Saturday,"11,200"
February 2023,38R Geary Rapid,Rapid Bus,Saturday,"12,300"
March 2023,38R Geary Rapid,Rapid Bus,Saturday,"12,800"
April 2023,38R Geary Rapid,Rapid Bus,Saturday,"14,500"
May 2023,38R Geary Rapid,Rapid Bus,Saturday,"12,900"
June 2023,38R Geary Rapid,Rapid Bus,Saturday,"13,000"
July 2023,38R Geary Rapid,Rapid Bus,Saturday,"13,700"
August 2023,38R Geary Rapid,Rapid Bus,Saturday,"14,700"
September 2023,38R Geary Rapid,Rapid Bus,Saturday,"14,600"
October 2023,38R Geary Rapid,Rapid Bus,Saturday,"15,100"
November 2023,38R Geary Rapid,Rapid Bus,Saturday,"14,900"
December 2023,38R Geary Rapid,Rapid Bus,Saturday,"13,400"
January 2024,38R Geary Rapid,Rapid Bus,Saturday,"12,800"
February 2024,38R Geary Rapid,Rapid Bus,Saturday,"14,100"
March 2024,38R Geary Rapid,Rapid Bus,Saturday,"14,600"
April 2024,38R Geary Rapid,Rapid Bus,Saturday,"15,400"
May 2024,38R Geary Rapid,Rapid Bus,Saturday,"13,600"
June 2024,38R Geary Rapid,Rapid Bus,Saturday,"14,500"
July 2024,38R Geary Rapid,Rapid Bus,Saturday,"14,200"
August 2024,38R Geary Rapid,Rapid Bus,Saturday,"15,200"
September 2024,38R Geary Rapid,Rapid Bus,Saturday,"15,400"
October 2024,38R Geary Rapid,Rapid Bus,Saturday,"15,400"
November 2024,38R Geary Rapid,Rapid Bus,Saturday,"15,100"
December 2024,38R Geary Rapid,Rapid Bus,Saturday,"12,000"
January 2025,38R Geary Rapid,Rapid Bus,Saturday,"14,700"
February 2025,38R Geary Rapid,Rapid Bus,Saturday,"14,800"
March 2025,38R Geary Rapid,Rapid Bus,Saturday,"16,000"
April 2025,38R Geary Rapid,Rapid Bus,Saturday,"17,000"
May 2025,38R Geary Rapid,Rapid Bus,Saturday,"15,200"
June 2025,38R Geary Rapid,Rapid Bus,Saturday,"15,100"
July 2025,38R Geary Rapid,Rapid Bus,Saturday,"15,100"
August 2025,38R Geary Rapid,Rapid Bus,Saturday,"16,200"
September 2025,38R Geary Rapid,Rapid Bus,Saturday,"16,800"
October 2025,38R Geary Rapid,Rapid Bus,Saturday,"16,200"
November 2025,38R Geary Rapid,Rapid Bus,Saturday,"15,800"
December 2025,38R Geary Rapid,Rapid Bus,Saturday,"13,400"
January 2026,38R Geary Rapid,Rapid Bus,Saturday,"15,600"
February 2026,38R Geary Rapid,Rapid Bus,Saturday,"18,100"
March 2026,38R Geary Rapid,Rapid Bus,Saturday,"16,900"
April 2026,38R Geary Rapid,Rapid Bus,Saturday,"17,500"
May 2026,38R Geary Rapid,Rapid Bus,Saturday,"16,200"
June 2026,38R Geary Rapid,Rapid Bus,Saturday,"17,300"
July 2026,38R Geary Rapid,Rapid Bus,Saturday,"17,600"
August 2026,38R Geary Rapid,Rapid Bus,Saturday,"18,100"
January 2019,39 Coit,Connector,Saturday,200
February 2019,39 Coit,Connector,Saturday,400
March 2019,39 Coit,Connector,Saturday,400
April 2019,39 Coit,Connector,Saturday,400
May 2019,39 Coit,Connector,Saturday,300
June 2019,39 Coit,Connector,Saturday,300
July 2019,39 Coit,Connector,Saturday,500
August 2019,39 Coit,Connector,Saturday,600
September 2019,39 Coit,Connector,Saturday,500
October 2019,39 Coit,Connector,Saturday,500
November 2019,39 Coit,Connector,Saturday,400
December 2019,39 Coit,Connector,Saturday,300
January 2020,39 Coit,Connector,Saturday,400
February 2020,39 Coit,Connector,Saturday,600
March 2020,39 Coit,Connector,Saturday,200
November 2022,39 Coit,Connector,Saturday,
December 2022,39 Coit,Connector,Saturday,
January 2023,39 Coit,Connector,Saturday,100
February 2023,39 Coit,Connector,Saturday,200
March 2023,39 Coit,Connector,Saturday,100
April 2023,39 Coit,Connector,Saturday,300
May 2023,39 Coit,Connector,Saturday,100
June 2023,39 Coit,Connector,Saturday,100
July 2023,39 Coit,Connector,Saturday,300
August 2023,39 Coit,Connector,Saturday,200
September 2023,39 Coit,Connector,Saturday,
January 2024,39 Coit,Connector,Saturday,100
May 2024,39 Coit,Connector,Saturday,200
June 2024,39 Coit,Connector,Saturday,100
July 2024,39 Coit,Connector,Saturday,100
August 2024,39 Coit,Connector,Saturday,100
September 2024,39 Coit,Connector,Saturday,200
October 2024,39 Coit,Connector,Saturday,200
November 2024,39 Coit,Connector,Saturday,
December 2024,39 Coit,Connector,Saturday,100
January 2025,39 Coit,Connector,Saturday,200
February 2025,39 Coit,Connector,Saturday,200
March 2025,39 Coit,Connector,Saturday,100
April 2025,39 Coit,Connector,Saturday,200
May 2025,39 Coit,Connector,Saturday,200
June 2025,39 Coit,Connector,Saturday,200
July 2025,39 Coit,Connector,Saturday,300
August 2025,39 Coit,Connector,Saturday,300
September 2025,39 Coit,Connector,Saturday,300
October 2025,39 Coit,Connector,Saturday,300
November 2025,39 Coit,Connector,Saturday,200
December 2025,39 Coit,Connector,Saturday,200
January 2026,39 Coit,Connector,Saturday,200
February 2026,39 Coit,Connector,Saturday,300
March 2026,39 Coit,Connector,Saturday,300
April 2026,39 Coit,Connector,Saturday,300
May 2026,39 Coit,Connector,Saturday,300
June 2026,39 Coit,Connector,Saturday,200
July 2026,39 Coit,Connector,Saturday,300
August 2026,39 Coit,Connector,Saturday,300
January 2019,41 Union,Specialized,Saturday,
February 2019,41 Union,Specialized,Saturday,
March 2019,41 Union,Specialized,Saturday,
April 2019,41 Union,Specialized,Saturday,
May 2019,41 Union,Specialized,Saturday,
June 2019,41 Union,Specialized,Saturday,
July 2019,41 Union,Specialized,Saturday,
August 2019,41 Union,Specialized,Saturday,
September 2019,41 Union,Specialized,Saturday,
October 2019,41 Union,Specialized,Saturday,
November 2019,41 Union,Specialized,Saturday,
December 2019,41 Union,Specialized,Saturday,
January 2020,41 Union,Specialized,Saturday,
February 2020,41 Union,Specialized,Saturday,
March 2020,41 Union,Specialized,Saturday,
January 2019,43 Masonic,Grid,Saturday,"6,800"
February 2019,43 Masonic,Grid,Saturday,"6,900"
March 2019,43 Masonic,Grid,Saturday,"6,600"
April 2019,43 Masonic,Grid,Saturday,"7,200"
May 2019,43 Masonic,Grid,Saturday,"6,600"
June 2019,43 Masonic,Grid,Saturday,"6,900"
July 2019,43 Masonic,Grid,Saturday,"6,200"
August 2019,43 Masonic,Grid,Saturday,"7,400"
September 2019,43 Masonic,Grid,Saturday,"7,700"
October 2019,43 Masonic,Grid,Saturday,"7,700"
November 2019,43 Masonic,Grid,Saturday,"7,000"
December 2019,43 Masonic,Grid,Saturday,"6,700"
January 2020,43 Masonic,Grid,Saturday,"7,000"
February 2020,43 Masonic,Grid,Saturday,"7,600"
March 2020,43 Masonic,Grid,Saturday,"3,300"
April 2020,43 Masonic,Grid,Saturday,400
June 2020,43 Masonic,Grid,Saturday,800
July 2020,43 Masonic,Grid,Saturday,"1,400"
August 2020,43 Masonic,Grid,Saturday,"1,600"
September 2020,43 Masonic,Grid,Saturday,"1,600"
October 2020,43 Masonic,Grid,Saturday,"1,800"
November 2020,43 Masonic,Grid,Saturday,"1,800"
December 2020,43 Masonic,Grid,Saturday,"1,600"
January 2021,43 Masonic,Grid,Saturday,"1,600"
February 2021,43 Masonic,Grid,Saturday,"1,700"
March 2021,43 Masonic,Grid,Saturday,"1,900"
April 2021,43 Masonic,Grid,Saturday,"2,100"
May 2021,43 Masonic,Grid,Saturday,"2,000"
June 2021,43 Masonic,Grid,Saturday,"2,100"
July 2021,43 Masonic,Grid,Saturday,"2,000"
August 2021,43 Masonic,Grid,Saturday,"2,300"
September 2021,43 Masonic,Grid,Saturday,"2,200"
October 2021,43 Masonic,Grid,Saturday,"2,000"
November 2021,43 Masonic,Grid,Saturday,"2,000"
December 2021,43 Masonic,Grid,Saturday,"1,400"
January 2022,43 Masonic,Grid,Saturday,"1,700"
February 2022,43 Masonic,Grid,Saturday,"2,000"
March 2022,43 Masonic,Grid,Saturday,"2,300"
April 2022,43 Masonic,Grid,Saturday,"2,600"
May 2022,43 Masonic,Grid,Saturday,"2,700"
June 2022,43 Masonic,Grid,Saturday,"2,700"
July 2022,43 Masonic,Grid,Saturday,"3,300"
August 2022,43 Masonic,Grid,Saturday,"4,200"
September 2022,43 Masonic,Grid,Saturday,"4,600"
October 2022,43 Masonic,Grid,Saturday,"4,600"
November 2022,43 Masonic,Grid,Saturday,"4,200"
December 2022,43 Masonic,Grid,Saturday,"3,000"
January 2023,43 Masonic,Grid,Saturday,"3,600"
February 2023,43 Masonic,Grid,Saturday,"4,400"
March 2023,43 Masonic,Grid,Saturday,"4,500"
April 2023,43 Masonic,Grid,Saturday,"5,000"
May 2023,43 Masonic,Grid,Saturday,"4,400"
June 2023,43 Masonic,Grid,Saturday,"4,500"
July 2023,43 Masonic,Grid,Saturday,"4,800"
August 2023,43 Masonic,Grid,Saturday,"5,200"
September 2023,43 Masonic,Grid,Saturday,"5,500"
October 2023,43 Masonic,Grid,Saturday,"5,400"
November 2023,43 Masonic,Grid,Saturday,"5,200"
December 2023,43 Masonic,Grid,Saturday,"4,200"
January 2024,43 Masonic,Grid,Saturday,"4,500"
February 2024,43 Masonic,Grid,Saturday,"5,100"
March 2024,43 Masonic,Grid,Saturday,"5,200"
April 2024,43 Masonic,Grid,Saturday,"5,500"
May 2024,43 Masonic,Grid,Saturday,"4,900"
June 2024,43 Masonic,Grid,Saturday,"5,300"
July 2024,43 Masonic,Grid,Saturday,"5,100"
August 2024,43 Masonic,Grid,Saturday,"5,600"
September 2024,43 Masonic,Grid,Saturday,"6,000"
October 2024,43 Masonic,Grid,Saturday,"6,300"
November 2024,43 Masonic,Grid,Saturday,"5,400"
December 2024,43 Masonic,Grid,Saturday,"3,800"
January 2025,43 Masonic,Grid,Saturday,"5,200"
February 2025,43 Masonic,Grid,Saturday,"5,300"
March 2025,43 Masonic,Grid,Saturday,"5,500"
April 2025,43 Masonic,Grid,Saturday,"5,900"
May 2025,43 Masonic,Grid,Saturday,"5,300"
June 2025,43 Masonic,Grid,Saturday,"5,200"
July 2025,43 Masonic,Grid,Saturday,"5,100"
August 2025,43 Masonic,Grid,Saturday,"5,600"
September 2025,43 Masonic,Grid,Saturday,"6,000"
October 2025,43 Masonic,Grid,Saturday,"5,900"
November 2025,43 Masonic,Grid,Saturday,"5,400"
December 2025,43 Masonic,Grid,Saturday,"4,200"
January 2026,43 Masonic,Grid,Saturday,"5,200"
February 2026,43 Masonic,Grid,Saturday,"5,700"
March 2026,43 Masonic,Grid,Saturday,"6,100"
April 2026,43 Masonic,Grid,Saturday,"5,400"
May 2026,43 Masonic,Grid,Saturday,"5,600"
June 2026,43 Masonic,Grid,Saturday,"5,700"
July 2026,43 Masonic,Grid,Saturday,"5,300"
August 2026,43 Masonic,Grid,Saturday,"5,800"
January 2019,44 O'Shaughnessy,Grid,Saturday,"8,600"
February 2019,44 O'Shaughnessy,Grid,Saturday,"8,900"
March 2019,44 O'Shaughnessy,Grid,Saturday,"9,000"
April 2019,44 O'Shaughnessy,Grid,Saturday,"9,100"
May 2019,44 O'Shaughnessy,Grid,Saturday,"8,400"
June 2019,44 O'Shaughnessy,Grid,Saturday,"10,200"
July 2019,44 O'Shaughnessy,Grid,Saturday,"9,500"
August 2019,44 O'Shaughnessy,Grid,Saturday,"10,200"
September 2019,44 O'Shaughnessy,Grid,Saturday,"9,100"
October 2019,44 O'Shaughnessy,Grid,Saturday,"9,900"
November 2019,44 O'Shaughnessy,Grid,Saturday,"8,900"
December 2019,44 O'Shaughnessy,Grid,Saturday,"8,500"
January 2020,44 O'Shaughnessy,Grid,Saturday,"8,900"
February 2020,44 O'Shaughnessy,Grid,Saturday,"10,400"
March 2020,44 O'Shaughnessy,Grid,Saturday,"4,500"
April 2020,44 O'Shaughnessy,Grid,Saturday,"1,600"
May 2020,44 O'Shaughnessy,Grid,Saturday,"2,100"
June 2020,44 O'Shaughnessy,Grid,Saturday,"2,600"
July 2020,44 O'Shaughnessy,Grid,Saturday,"2,700"
August 2020,44 O'Shaughnessy,Grid,Saturday,"3,100"
September 2020,44 O'Shaughnessy,Grid,Saturday,"3,900"
October 2020,44 O'Shaughnessy,Grid,Saturday,"4,400"
November 2020,44 O'Shaughnessy,Grid,Saturday,"4,000"
December 2020,44 O'Shaughnessy,Grid,Saturday,"3,700"
January 2021,44 O'Shaughnessy,Grid,Saturday,"3,500"
February 2021,44 O'Shaughnessy,Grid,Saturday,"4,100"
March 2021,44 O'Shaughnessy,Grid,Saturday,"4,800"
April 2021,44 O'Shaughnessy,Grid,Saturday,"4,300"
May 2021,44 O'Shaughnessy,Grid,Saturday,"4,900"
June 2021,44 O'Shaughnessy,Grid,Saturday,"5,100"
July 2021,44 O'Shaughnessy,Grid,Saturday,"5,200"
August 2021,44 O'Shaughnessy,Grid,Saturday,"5,000"
September 2021,44 O'Shaughnessy,Grid,Saturday,"5,300"
October 2021,44 O'Shaughnessy,Grid,Saturday,"5,600"
November 2021,44 O'Shaughnessy,Grid,Saturday,"5,700"
December 2021,44 O'Shaughnessy,Grid,Saturday,"4,800"
January 2022,44 O'Shaughnessy,Grid,Saturday,"5,100"
February 2022,44 O'Shaughnessy,Grid,Saturday,"6,100"
March 2022,44 O'Shaughnessy,Grid,Saturday,"6,200"
April 2022,44 O'Shaughnessy,Grid,Saturday,"6,500"
May 2022,44 O'Shaughnessy,Grid,Saturday,"6,500"
June 2022,44 O'Shaughnessy,Grid,Saturday,"6,900"
July 2022,44 O'Shaughnessy,Grid,Saturday,"6,800"
August 2022,44 O'Shaughnessy,Grid,Saturday,"7,300"
September 2022,44 O'Shaughnessy,Grid,Saturday,"7,500"
October 2022,44 O'Shaughnessy,Grid,Saturday,"7,700"
November 2022,44 O'Shaughnessy,Grid,Saturday,"7,000"
December 2022,44 O'Shaughnessy,Grid,Saturday,"5,800"
January 2023,44 O'Shaughnessy,Grid,Saturday,"6,300"
February 2023,44 O'Shaughnessy,Grid,Saturday,"7,200"
March 2023,44 O'Shaughnessy,Grid,Saturday,"7,300"
April 2023,44 O'Shaughnessy,Grid,Saturday,"8,200"
May 2023,44 O'Shaughnessy,Grid,Saturday,"7,500"
June 2023,44 O'Shaughnessy,Grid,Saturday,"7,800"
July 2023,44 O'Shaughnessy,Grid,Saturday,"8,200"
August 2023,44 O'Shaughnessy,Grid,Saturday,"8,400"
September 2023,44 O'Shaughnessy,Grid,Saturday,"8,500"
October 2023,44 O'Shaughnessy,Grid,Saturday,"8,700"
November 2023,44 O'Shaughnessy,Grid,Saturday,"8,300"
December 2023,44 O'Shaughnessy,Grid,Saturday,"7,400"
January 2024,44 O'Shaughnessy,Grid,Saturday,"7,500"
February 2024,44 O'Shaughnessy,Grid,Saturday,"8,000"
March 2024,44 O'Shaughnessy,Grid,Saturday,"8,600"
April 2024,44 O'Shaughnessy,Grid,Saturday,"8,800"
May 2024,44 O'Shaughnessy,Grid,Saturday,"8,300"
June 2024,44 O'Shaughnessy,Grid,Saturday,"8,900"
July 2024,44 O'Shaughnessy,Grid,Saturday,"8,300"
August 2024,44 O'Shaughnessy,Grid,Saturday,"9,200"
September 2024,44 O'Shaughnessy,Grid,Saturday,"9,500"
October 2024,44 O'Shaughnessy,Grid,Saturday,"9,400"
November 2024,44 O'Shaughnessy,Grid,Saturday,"8,700"
December 2024,44 O'Shaughnessy,Grid,Saturday,"6,900"
January 2025,44 O'Shaughnessy,Grid,Saturday,"8,500"
February 2025,44 O'Shaughnessy,Grid,Saturday,"8,500"
March 2025,44 O'Shaughnessy,Grid,Saturday,"8,900"
April 2025,44 O'Shaughnessy,Grid,Saturday,"9,000"
May 2025,44 O'Shaughnessy,Grid,Saturday,"8,700"
June 2025,44 O'Shaughnessy,Grid,Saturday,"9,000"
July 2025,44 O'Shaughnessy,Grid,Saturday,"8,700"
August 2025,44 O'Shaughnessy,Grid,Saturday,"9,700"
September 2025,44 O'Shaughnessy,Grid,Saturday,"10,000"
October 2025,44 O'Shaughnessy,Grid,Saturday,"9,400"
November 2025,44 O'Shaughnessy,Grid,Saturday,"9,000"
December 2025,44 O'Shaughnessy,Grid,Saturday,"7,800"
January 2026,44 O'Shaughnessy,Grid,Saturday,"9,200"
February 2026,44 O'Shaughnessy,Grid,Saturday,"9,800"
March 2026,44 O'Shaughnessy,Grid,Saturday,"10,100"
April 2026,44 O'Shaughnessy,Grid,Saturday,"9,600"
May 2026,44 O'Shaughnessy,Grid,Saturday,"9,600"
June 2026,44 O'Shaughnessy,Grid,Saturday,"9,900"
July 2026,44 O'Shaughnessy,Grid,Saturday,"9,700"
August 2026,44 O'Shaughnessy,Grid,Saturday,"9,700"
January 2019,45 Union/Stockton,Grid,Saturday,"9,800"
February 2019,45 Union/Stockton,Grid,Saturday,"9,400"
March 2019,45 Union/Stockton,Grid,Saturday,"11,000"
April 2019,45 Union/Stockton,Grid,Saturday,"9,600"
May 2019,45 Union/Stockton,Grid,Saturday,"9,300"
June 2019,45 Union/Stockton,Grid,Saturday,"9,800"
July 2019,45 Union/Stockton,Grid,Saturday,"10,500"
August 2019,45 Union/Stockton,Grid,Saturday,"10,900"
September 2019,45 Union/Stockton,Grid,Saturday,"10,400"
October 2019,45 Union/Stockton,Grid,Saturday,"10,600"
November 2019,45 Union/Stockton,Grid,Saturday,"10,400"
December 2019,45 Union/Stockton,Grid,Saturday,"10,600"
January 2020,45 Union/Stockton,Grid,Saturday,"10,300"
February 2020,45 Union/Stockton,Grid,Saturday,"10,100"
March 2020,45 Union/Stockton,Grid,Saturday,"3,800"
April 2020,45 Union/Stockton,Grid,Saturday,400
August 2020,45 Union/Stockton,Grid,Saturday,700
September 2020,45 Union/Stockton,Grid,Saturday,"2,200"
October 2020,45 Union/Stockton,Grid,Saturday,"2,500"
November 2020,45 Union/Stockton,Grid,Saturday,"2,400"
December 2020,45 Union/Stockton,Grid,Saturday,"2,100"
January 2021,45 Union/Stockton,Grid,Saturday,"1,900"
February 2021,45 Union/Stockton,Grid,Saturday,"2,000"
March 2021,45 Union/Stockton,Grid,Saturday,"2,500"
April 2021,45 Union/Stockton,Grid,Saturday,"2,400"
May 2021,45 Union/Stockton,Grid,Saturday,"2,800"
June 2021,45 Union/Stockton,Grid,Saturday,"3,200"
July 2021,45 Union/Stockton,Grid,Saturday,"3,800"
August 2021,45 Union/Stockton,Grid,Saturday,"4,200"
September 2021,45 Union/Stockton,Grid,Saturday,"4,700"
October 2021,45 Union/Stockton,Grid,Saturday,"5,100"
November 2021,45 Union/Stockton,Grid,Saturday,"5,500"
December 2021,45 Union/Stockton,Grid,Saturday,"5,100"
January 2022,45 Union/Stockton,Grid,Saturday,"4,200"
February 2022,45 Union/Stockton,Grid,Saturday,"5,200"
March 2022,45 Union/Stockton,Grid,Saturday,"5,500"
April 2022,45 Union/Stockton,Grid,Saturday,"6,000"
May 2022,45 Union/Stockton,Grid,Saturday,"5,900"
June 2022,45 Union/Stockton,Grid,Saturday,"6,000"
July 2022,45 Union/Stockton,Grid,Saturday,"5,900"
August 2022,45 Union/Stockton,Grid,Saturday,"6,500"
September 2022,45 Union/Stockton,Grid,Saturday,"6,800"
October 2022,45 Union/Stockton,Grid,Saturday,"6,500"
November 2022,45 Union/Stockton,Grid,Saturday,"5,700"
December 2022,45 Union/Stockton,Grid,Saturday,"4,700"
January 2023,45 Union/Stockton,Grid,Saturday,"5,000"
February 2023,45 Union/Stockton,Grid,Saturday,"5,400"
March 2023,45 Union/Stockton,Grid,Saturday,"5,500"
April 2023,45 Union/Stockton,Grid,Saturday,"6,200"
May 2023,45 Union/Stockton,Grid,Saturday,"6,000"
June 2023,45 Union/Stockton,Grid,Saturday,"6,500"
July 2023,45 Union/Stockton,Grid,Saturday,"6,700"
August 2023,45 Union/Stockton,Grid,Saturday,"6,800"
September 2023,45 Union/Stockton,Grid,Saturday,"6,500"
October 2023,45 Union/Stockton,Grid,Saturday,"6,900"
November 2023,45 Union/Stockton,Grid,Saturday,"6,100"
December 2023,45 Union/Stockton,Grid,Saturday,"6,000"
January 2024,45 Union/Stockton,Grid,Saturday,"5,400"
February 2024,45 Union/Stockton,Grid,Saturday,"6,000"
March 2024,45 Union/Stockton,Grid,Saturday,"6,300"
April 2024,45 Union/Stockton,Grid,Saturday,"6,800"
May 2024,45 Union/Stockton,Grid,Saturday,"6,300"
June 2024,45 Union/Stockton,Grid,Saturday,"6,900"
July 2024,45 Union/Stockton,Grid,Saturday,"7,000"
August 2024,45 Union/Stockton,Grid,Saturday,"7,500"
September 2024,45 Union/Stockton,Grid,Saturday,"7,700"
October 2024,45 Union/Stockton,Grid,Saturday,"7,500"
November 2024,45 Union/Stockton,Grid,Saturday,"7,000"
December 2024,45 Union/Stockton,Grid,Saturday,"5,600"
January 2025,45 Union/Stockton,Grid,Saturday,"6,900"
February 2025,45 Union/Stockton,Grid,Saturday,"6,500"
March 2025,45 Union/Stockton,Grid,Saturday,"7,700"
April 2025,45 Union/Stockton,Grid,Saturday,"8,200"
May 2025,45 Union/Stockton,Grid,Saturday,"7,500"
June 2025,45 Union/Stockton,Grid,Saturday,"7,600"
July 2025,45 Union/Stockton,Grid,Saturday,"7,600"
August 2025,45 Union/Stockton,Grid,Saturday,"8,400"
September 2025,45 Union/Stockton,Grid,Saturday,"8,400"
October 2025,45 Union/Stockton,Grid,Saturday,"7,600"
November 2025,45 Union/Stockton,Grid,Saturday,"7,300"
December 2025,45 Union/Stockton,Grid,Saturday,"6,400"
January 2026,45 Union/Stockton,Grid,Saturday,"7,000"
February 2026,45 Union/Stockton,Grid,Saturday,"7,600"
March 2026,45 Union/Stockton,Grid,Saturday,"6,500"
April 2026,45 Union/Stockton,Grid,Saturday,"6,900"
May 2026,45 Union/Stockton,Grid,Saturday,"7,300"
June 2026,45 Union/Stockton,Grid,Saturday,"7,100"
July 2026,45 Union/Stockton,Grid,Saturday,"7,400"
August 2026,45 Union/Stockton,Grid,Saturday,"8,100"
January 2019,47 Van Ness,Frequent Local,Saturday,"7,200"
February 2019,47 Van Ness,Frequent Local,Saturday,"6,700"
March 2019,47 Van Ness,Frequent Local,Saturday,"7,800"
April 2019,47 Van Ness,Frequent Local,Saturday,"7,100"
May 2019,47 Van Ness,Frequent Local,Saturday,"7,200"
June 2019,47 Van Ness,Frequent Local,Saturday,"8,000"
July 2019,47 Van Ness,Frequent Local,Saturday,"8,200"
August 2019,47 Van Ness,Frequent Local,Saturday,"8,000"
September 2019,47 Van Ness,Frequent Local,Saturday,"7,700"
October 2019,47 Van Ness,Frequent Local,Saturday,"7,400"
November 2019,47 Van Ness,Frequent Local,Saturday,"6,900"
December 2019,47 Van Ness,Frequent Local,Saturday,"6,900"
January 2020,47 Van Ness,Frequent Local,Saturday,"6,900"
February 2020,47 Van Ness,Frequent Local,Saturday,"7,200"
March 2020,47 Van Ness,Frequent Local,Saturday,"3,900"
January 2019,48 Quintara/24th Street,Grid,Saturday,"3,200"
February 2019,48 Quintara/24th Street,Grid,Saturday,"3,200"
March 2019,48 Quintara/24th Street,Grid,Saturday,"3,500"
April 2019,48 Quintara/24th Street,Grid,Saturday,"2,800"
May 2019,48 Quintara/24th Street,Grid,Saturday,"3,200"
June 2019,48 Quintara/24th Street,Grid,Saturday,"3,300"
July 2019,48 Quintara/24th Street,Grid,Saturday,"3,000"
August 2019,48 Quintara/24th Street,Grid,Saturday,"3,500"
September 2019,48 Quintara/24th Street,Grid,Saturday,"3,200"
October 2019,48 Quintara/24th Street,Grid,Saturday,"3,300"
November 2019,48 Quintara/24th Street,Grid,Saturday,"2,900"
December 2019,48 Quintara/24th Street,Grid,Saturday,"3,100"
January 2020,48 Quintara/24th Street,Grid,Saturday,"3,100"
February 2020,48 Quintara/24th Street,Grid,Saturday,"3,600"
March 2020,48 Quintara/24th Street,Grid,Saturday,"1,800"
April 2020,48 Quintara/24th Street,Grid,Saturday,200
August 2020,48 Quintara/24th Street,Grid,Saturday,500
September 2020,48 Quintara/24th Street,Grid,Saturday,"1,600"
October 2020,48 Quintara/24th Street,Grid,Saturday,"1,700"
November 2020,48 Quintara/24th Street,Grid,Saturday,"1,700"
December 2020,48 Quintara/24th Street,Grid,Saturday,"1,500"
January 2021,48 Quintara/24th Street,Grid,Saturday,"1,400"
February 2021,48 Quintara/24th Street,Grid,Saturday,"1,600"
March 2021,48 Quintara/24th Street,Grid,Saturday,"1,700"
April 2021,48 Quintara/24th Street,Grid,Saturday,"1,800"
May 2021,48 Quintara/24th Street,Grid,Saturday,"1,700"
June 2021,48 Quintara/24th Street,Grid,Saturday,"1,900"
July 2021,48 Quintara/24th Street,Grid,Saturday,"1,900"
August 2021,48 Quintara/24th Street,Grid,Saturday,"2,100"
September 2021,48 Quintara/24th Street,Grid,Saturday,"2,800"
October 2021,48 Quintara/24th Street,Grid,Saturday,"2,500"
November 2021,48 Quintara/24th Street,Grid,Saturday,"2,500"
December 2021,48 Quintara/24th Street,Grid,Saturday,"2,100"
January 2022,48 Quintara/24th Street,Grid,Saturday,"2,200"
February 2022,48 Quintara/24th Street,Grid,Saturday,"2,600"
March 2022,48 Quintara/24th Street,Grid,Saturday,"2,900"
April 2022,48 Quintara/24th Street,Grid,Saturday,"2,700"
May 2022,48 Quintara/24th Street,Grid,Saturday,"2,900"
June 2022,48 Quintara/24th Street,Grid,Saturday,"3,100"
July 2022,48 Quintara/24th Street,Grid,Saturday,"3,100"
August 2022,48 Quintara/24th Street,Grid,Saturday,"3,400"
September 2022,48 Quintara/24th Street,Grid,Saturday,"3,800"
October 2022,48 Quintara/24th Street,Grid,Saturday,"3,900"
November 2022,48 Quintara/24th Street,Grid,Saturday,"3,500"
December 2022,48 Quintara/24th Street,Grid,Saturday,"2,800"
January 2023,48 Quintara/24th Street,Grid,Saturday,"3,200"
February 2023,48 Quintara/24th Street,Grid,Saturday,"3,500"
March 2023,48 Quintara/24th Street,Grid,Saturday,"3,600"
April 2023,48 Quintara/24th Street,Grid,Saturday,"3,600"
May 2023,48 Quintara/24th Street,Grid,Saturday,"3,800"
June 2023,48 Quintara/24th Street,Grid,Saturday,"3,600"
July 2023,48 Quintara/24th Street,Grid,Saturday,"3,900"
August 2023,48 Quintara/24th Street,Grid,Saturday,"3,800"
September 2023,48 Quintara/24th Street,Grid,Saturday,"3,800"
October 2023,48 Quintara/24th Street,Grid,Saturday,"4,100"
November 2023,48 Quintara/24th Street,Grid,Saturday,"3,900"
December 2023,48 Quintara/24th Street,Grid,Saturday,"3,500"
January 2024,48 Quintara/24th Street,Grid,Saturday,"3,500"
February 2024,48 Quintara/24th Street,Grid,Saturday,"3,900"
March 2024,48 Quintara/24th Street,Grid,Saturday,"4,000"
April 2024,48 Quintara/24th Street,Grid,Saturday,"3,700"
May 2024,48 Quintara/24th Street,Grid,Saturday,"3,800"
June 2024,48 Quintara/24th Street,Grid,Saturday,"4,100"
July 2024,48 Quintara/24th Street,Grid,Saturday,"3,900"
August 2024,48 Quintara/24th Street,Grid,Saturday,"4,000"
September 2024,48 Quintara/24th Street,Grid,Saturday,"4,200"
October 2024,48 Quintara/24th Street,Grid,Saturday,"4,400"
November 2024,48 Quintara/24th Street,Grid,Saturday,"4,100"
December 2024,48 Quintara/24th Street,Grid,Saturday,"3,100"
January 2025,48 Quintara/24th Street,Grid,Saturday,"3,800"
February 2025,48 Quintara/24th Street,Grid,Saturday,"4,000"
March 2025,48 Quintara/24th Street,Grid,Saturday,"4,100"
April 2025,48 Quintara/24th Street,Grid,Saturday,"4,200"
May 2025,48 Quintara/24th Street,Grid,Saturday,"3,900"
June 2025,48 Quintara/24th Street,Grid,Saturday,"4,200"
July 2025,48 Quintara/24th Street,Grid,Saturday,"4,000"
August 2025,48 Quintara/24th Street,Grid,Saturday,"4,400"
September 2025,48 Quintara/24th Street,Grid,Saturday,"4,300"
October 2025,48 Quintara/24th Street,Grid,Saturday,"4,600"
November 2025,48 Quintara/24th Street,Grid,Saturday,"4,100"
December 2025,48 Quintara/24th Street,Grid,Saturday,"3,400"
January 2026,48 Quintara/24th Street,Grid,Saturday,"4,200"
February 2026,48 Quintara/24th Street,Grid,Saturday,"4,600"
March 2026,48 Quintara/24th Street,Grid,Saturday,"4,800"
April 2026,48 Quintara/24th Street,Grid,Saturday,"4,300"
May 2026,48 Quintara/24th Street,Grid,Saturday,"4,500"
June 2026,48 Quintara/24th Street,Grid,Saturday,"4,400"
July 2026,48 Quintara/24th Street,Grid,Saturday,"4,000"
August 2026,48 Quintara/24th Street,Grid,Saturday,"4,600"
January 2019,49 Van Ness/Mission,Frequent Local,Saturday,"16,300"
February 2019,49 Van Ness/Mission,Frequent Local,Saturday,"15,900"
March 2019,49 Van Ness/Mission,Frequent Local,Saturday,"18,400"
April 2019,49 Van Ness/Mission,Frequent Local,Saturday,"18,600"
May 2019,49 Van Ness/Mission,Frequent Local,Saturday,"17,600"
June 2019,49 Van Ness/Mission,Frequent Local,Saturday,"18,600"
July 2019,49 Van Ness/Mission,Frequent Local,Saturday,"16,900"
August 2019,49 Van Ness/Mission,Frequent Local,Saturday,"16,400"
September 2019,49 Van Ness/Mission,Frequent Local,Saturday,"17,700"
October 2019,49 Van Ness/Mission,Frequent Local,Saturday,"18,300"
November 2019,49 Van Ness/Mission,Frequent Local,Saturday,"17,300"
December 2019,49 Van Ness/Mission,Frequent Local,Saturday,"17,000"
January 2020,49 Van Ness/Mission,Frequent Local,Saturday,"16,600"
February 2020,49 Van Ness/Mission,Frequent Local,Saturday,"17,700"
March 2020,49 Van Ness/Mission,Frequent Local,Saturday,"8,100"
April 2020,49 Van Ness/Mission,Frequent Local,Saturday,"6,600"
May 2020,49 Van Ness/Mission,Frequent Local,Saturday,"8,100"
June 2020,49 Van Ness/Mission,Frequent Local,Saturday,"9,200"
July 2020,49 Van Ness/Mission,Frequent Local,Saturday,"10,200"
August 2020,49 Van Ness/Mission,Frequent Local,Saturday,"10,000"
September 2020,49 Van Ness/Mission,Frequent Local,Saturday,"11,300"
October 2020,49 Van Ness/Mission,Frequent Local,Saturday,"11,700"
November 2020,49 Van Ness/Mission,Frequent Local,Saturday,"11,300"
December 2020,49 Van Ness/Mission,Frequent Local,Saturday,"10,200"
January 2021,49 Van Ness/Mission,Frequent Local,Saturday,"9,900"
February 2021,49 Van Ness/Mission,Frequent Local,Saturday,"10,200"
March 2021,49 Van Ness/Mission,Frequent Local,Saturday,"11,000"
April 2021,49 Van Ness/Mission,Frequent Local,Saturday,"11,200"
May 2021,49 Van Ness/Mission,Frequent Local,Saturday,"11,500"
June 2021,49 Van Ness/Mission,Frequent Local,Saturday,"12,500"
July 2021,49 Van Ness/Mission,Frequent Local,Saturday,"12,400"
August 2021,49 Van Ness/Mission,Frequent Local,Saturday,"13,300"
September 2021,49 Van Ness/Mission,Frequent Local,Saturday,"14,500"
October 2021,49 Van Ness/Mission,Frequent Local,Saturday,"15,600"
November 2021,49 Van Ness/Mission,Frequent Local,Saturday,"11,800"
December 2021,49 Van Ness/Mission,Frequent Local,Saturday,"10,000"
January 2022,49 Van Ness/Mission,Frequent Local,Saturday,"9,900"
February 2022,49 Van Ness/Mission,Frequent Local,Saturday,"11,000"
March 2022,49 Van Ness/Mission,Frequent Local,Saturday,"12,300"
April 2022,49 Van Ness/Mission,Frequent Local,Saturday,"16,100"
May 2022,49 Van Ness/Mission,Frequent Local,Saturday,"17,600"
June 2022,49 Van Ness/Mission,Frequent Local,Saturday,"19,200"
July 2022,49 Van Ness/Mission,Frequent Local,Saturday,"18,100"
August 2022,49 Van Ness/Mission,Frequent Local,Saturday,"19,200"
September 2022,49 Van Ness/Mission,Frequent Local,Saturday,"19,600"
October 2022,49 Van Ness/Mission,Frequent Local,Saturday,"20,900"
November 2022,49 Van Ness/Mission,Frequent Local,Saturday,"18,800"
December 2022,49 Van Ness/Mission,Frequent Local,Saturday,"15,800"
January 2023,49 Van Ness/Mission,Frequent Local,Saturday,"18,400"
February 2023,49 Van Ness/Mission,Frequent Local,Saturday,"20,400"
March 2023,49 Van Ness/Mission,Frequent Local,Saturday,"21,500"
April 2023,49 Van Ness/Mission,Frequent Local,Saturday,"22,800"
May 2023,49 Van Ness/Mission,Frequent Local,Saturday,"21,800"
June 2023,49 Van Ness/Mission,Frequent Local,Saturday,"23,500"
July 2023,49 Van Ness/Mission,Frequent Local,Saturday,"23,300"
August 2023,49 Van Ness/Mission,Frequent Local,Saturday,"22,800"
September 2023,49 Van Ness/Mission,Frequent Local,Saturday,"22,900"
October 2023,49 Van Ness/Mission,Frequent Local,Saturday,"24,600"
November 2023,49 Van Ness/Mission,Frequent Local,Saturday,"23,900"
December 2023,49 Van Ness/Mission,Frequent Local,Saturday,"21,200"
January 2024,49 Van Ness/Mission,Frequent Local,Saturday,"21,700"
February 2024,49 Van Ness/Mission,Frequent Local,Saturday,"23,400"
March 2024,49 Van Ness/Mission,Frequent Local,Saturday,"24,900"
April 2024,49 Van Ness/Mission,Frequent Local,Saturday,"24,300"
May 2024,49 Van Ness/Mission,Frequent Local,Saturday,"23,000"
June 2024,49 Van Ness/Mission,Frequent Local,Saturday,"26,000"
July 2024,49 Van Ness/Mission,Frequent Local,Saturday,"24,000"
August 2024,49 Van Ness/Mission,Frequent Local,Saturday,"25,500"
September 2024,49 Van Ness/Mission,Frequent Local,Saturday,"26,000"
October 2024,49 Van Ness/Mission,Frequent Local,Saturday,"25,800"
November 2024,49 Van Ness/Mission,Frequent Local,Saturday,"24,600"
December 2024,49 Van Ness/Mission,Frequent Local,Saturday,"19,900"
January 2025,49 Van Ness/Mission,Frequent Local,Saturday,"24,000"
February 2025,49 Van Ness/Mission,Frequent Local,Saturday,"24,900"
March 2025,49 Van Ness/Mission,Frequent Local,Saturday,"26,400"
April 2025,49 Van Ness/Mission,Frequent Local,Saturday,"26,200"
May 2025,49 Van Ness/Mission,Frequent Local,Saturday,"24,800"
June 2025,49 Van Ness/Mission,Frequent Local,Saturday,"25,500"
July 2025,49 Van Ness/Mission,Frequent Local,Saturday,"24,300"
August 2025,49 Van Ness/Mission,Frequent Local,Saturday,"26,000"
September 2025,49 Van Ness/Mission,Frequent Local,Saturday,"25,800"
October 2025,49 Van Ness/Mission,Frequent Local,Saturday,"26,100"
November 2025,49 Van Ness/Mission,Frequent Local,Saturday,"24,200"
December 2025,49 Van Ness/Mission,Frequent Local,Saturday,"21,000"
January 2026,49 Van Ness/Mission,Frequent Local,Saturday,"24,900"
February 2026,49 Van Ness/Mission,Frequent Local,Saturday,"28,500"
March 2026,49 Van Ness/Mission,Frequent Local,Saturday,"29,400"
April 2026,49 Van Ness/Mission,Frequent Local,Saturday,"25,300"
May 2026,49 Van Ness/Mission,Frequent Local,Saturday,"25,300"
June 2026,49 Van Ness/Mission,Frequent Local,Saturday,"27,800"
July 2026,49 Van Ness/Mission,Frequent Local,Saturday,"25,200"
August 2026,49 Van Ness/Mission,Frequent Local,Saturday,"26,500"
January 2019,52 Excelsior,Connector,Saturday,900
February 2019,52 Excelsior,Connector,Saturday,800
March 2019,52 Excelsior,Connector,Saturday,800
April 2019,52 Excelsior,Connector,Saturday,"1,300"
May 2019,52 Excelsior,Connector,Saturday,"1,400"
June 2019,52 Excelsior,Connector,Saturday,"1,400"
July 2019,52 Excelsior,Connector,Saturday,800
August 2019,52 Excelsior,Connector,Saturday,800
September 2019,52 Excelsior,Connector,Saturday,"1,400"
October 2019,52 Excelsior,Connector,Saturday,"1,300"
November 2019,52 Excelsior,Connector,Saturday,"1,300"
December 2019,52 Excelsior,Connector,Saturday,"1,200"
January 2020,52 Excelsior,Connector,Saturday,"1,000"
February 2020,52 Excelsior,Connector,Saturday,"1,000"
March 2020,52 Excelsior,Connector,Saturday,700
October 2021,52 Excelsior,Connector,Saturday,400
November 2021,52 Excelsior,Connector,Saturday,600
December 2021,52 Excelsior,Connector,Saturday,600
January 2022,52 Excelsior,Connector,Saturday,400
February 2022,52 Excelsior,Connector,Saturday,500
March 2022,52 Excelsior,Connector,Saturday,600
April 2022,52 Excelsior,Connector,Saturday,600
May 2022,52 Excelsior,Connector,Saturday,700
June 2022,52 Excelsior,Connector,Saturday,700
July 2022,52 Excelsior,Connector,Saturday,500
August 2022,52 Excelsior,Connector,Saturday,500
September 2022,52 Excelsior,Connector,Saturday,500
October 2022,52 Excelsior,Connector,Saturday,600
November 2022,52 Excelsior,Connector,Saturday,600
December 2022,52 Excelsior,Connector,Saturday,400
January 2023,52 Excelsior,Connector,Saturday,500
February 2023,52 Excelsior,Connector,Saturday,600
March 2023,52 Excelsior,Connector,Saturday,600
April 2023,52 Excelsior,Connector,Saturday,600
May 2023,52 Excelsior,Connector,Saturday,600
June 2023,52 Excelsior,Connector,Saturday,700
July 2023,52 Excelsior,Connector,Saturday,600
August 2023,52 Excelsior,Connector,Saturday,600
September 2023,52 Excelsior,Connector,Saturday,600
October 2023,52 Excelsior,Connector,Saturday,600
November 2023,52 Excelsior,Connector,Saturday,700
December 2023,52 Excelsior,Connector,Saturday,600
January 2024,52 Excelsior,Connector,Saturday,600
February 2024,52 Excelsior,Connector,Saturday,700
March 2024,52 Excelsior,Connector,Saturday,700
April 2024,52 Excelsior,Connector,Saturday,600
May 2024,52 Excelsior,Connector,Saturday,600
June 2024,52 Excelsior,Connector,Saturday,600
July 2024,52 Excelsior,Connector,Saturday,600
August 2024,52 Excelsior,Connector,Saturday,700
September 2024,52 Excelsior,Connector,Saturday,700
October 2024,52 Excelsior,Connector,Saturday,700
November 2024,52 Excelsior,Connector,Saturday,700
December 2024,52 Excelsior,Connector,Saturday,600
January 2025,52 Excelsior,Connector,Saturday,700
February 2025,52 Excelsior,Connector,Saturday,700
March 2025,52 Excelsior,Connector,Saturday,700
April 2025,52 Excelsior,Connector,Saturday,700
May 2025,52 Excelsior,Connector,Saturday,700
June 2025,52 Excelsior,Connector,Saturday,700
July 2025,52 Excelsior,Connector,Saturday,700
August 2025,52 Excelsior,Connector,Saturday,700
September 2025,52 Excelsior,Connector,Saturday,800
October 2025,52 Excelsior,Connector,Saturday,800
November 2025,52 Excelsior,Connector,Saturday,700
December 2025,52 Excelsior,Connector,Saturday,600
January 2026,52 Excelsior,Connector,Saturday,700
February 2026,52 Excelsior,Connector,Saturday,800
March 2026,52 Excelsior,Connector,Saturday,800
April 2026,52 Excelsior,Connector,Saturday,800
May 2026,52 Excelsior,Connector,Saturday,700
June 2026,52 Excelsior,Connector,Saturday,800
July 2026,52 Excelsior,Connector,Saturday,700
August 2026,52 Excelsior,Connector,Saturday,800
January 2019,54 Felton,Grid,Saturday,"4,500"
February 2019,54 Felton,Grid,Saturday,"4,400"
March 2019,54 Felton,Grid,Saturday,"4,700"
April 2019,54 Felton,Grid,Saturday,"4,200"
May 2019,54 Felton,Grid,Saturday,"3,800"
June 2019,54 Felton,Grid,Saturday,"3,800"
July 2019,54 Felton,Grid,Saturday,"3,700"
August 2019,54 Felton,Grid,Saturday,"4,200"
September 2019,54 Felton,Grid,Saturday,"4,200"
October 2019,54 Felton,Grid,Saturday,"3,900"
November 2019,54 Felton,Grid,Saturday,"4,300"
December 2019,54 Felton,Grid,Saturday,"4,000"
January 2020,54 Felton,Grid,Saturday,"3,700"
February 2020,54 Felton,Grid,Saturday,"4,300"
March 2020,54 Felton,Grid,Saturday,"2,500"
April 2020,54 Felton,Grid,Saturday,400
August 2020,54 Felton,Grid,Saturday,600
September 2020,54 Felton,Grid,Saturday,"1,700"
October 2020,54 Felton,Grid,Saturday,"1,900"
November 2020,54 Felton,Grid,Saturday,"1,800"
December 2020,54 Felton,Grid,Saturday,"1,600"
January 2021,54 Felton,Grid,Saturday,"1,600"
February 2021,54 Felton,Grid,Saturday,"1,700"
March 2021,54 Felton,Grid,Saturday,"1,600"
April 2021,54 Felton,Grid,Saturday,"1,900"
May 2021,54 Felton,Grid,Saturday,"1,900"
June 2021,54 Felton,Grid,Saturday,"2,000"
July 2021,54 Felton,Grid,Saturday,"2,000"
August 2021,54 Felton,Grid,Saturday,"1,700"
September 2021,54 Felton,Grid,Saturday,"2,000"
October 2021,54 Felton,Grid,Saturday,"2,400"
November 2021,54 Felton,Grid,Saturday,"2,400"
December 2021,54 Felton,Grid,Saturday,"2,000"
January 2022,54 Felton,Grid,Saturday,"1,900"
February 2022,54 Felton,Grid,Saturday,"2,100"
March 2022,54 Felton,Grid,Saturday,"2,400"
April 2022,54 Felton,Grid,Saturday,"2,500"
May 2022,54 Felton,Grid,Saturday,"2,500"
June 2022,54 Felton,Grid,Saturday,"2,500"
July 2022,54 Felton,Grid,Saturday,"2,500"
August 2022,54 Felton,Grid,Saturday,"2,700"
September 2022,54 Felton,Grid,Saturday,"2,900"
October 2022,54 Felton,Grid,Saturday,"2,900"
November 2022,54 Felton,Grid,Saturday,"2,800"
December 2022,54 Felton,Grid,Saturday,"2,300"
January 2023,54 Felton,Grid,Saturday,"2,600"
February 2023,54 Felton,Grid,Saturday,"2,800"
March 2023,54 Felton,Grid,Saturday,"2,900"
April 2023,54 Felton,Grid,Saturday,"3,100"
May 2023,54 Felton,Grid,Saturday,"2,900"
June 2023,54 Felton,Grid,Saturday,"3,100"
July 2023,54 Felton,Grid,Saturday,"3,100"
August 2023,54 Felton,Grid,Saturday,"3,200"
September 2023,54 Felton,Grid,Saturday,"3,200"
October 2023,54 Felton,Grid,Saturday,"3,400"
November 2023,54 Felton,Grid,Saturday,"3,200"
December 2023,54 Felton,Grid,Saturday,"2,900"
January 2024,54 Felton,Grid,Saturday,"2,900"
February 2024,54 Felton,Grid,Saturday,"3,100"
March 2024,54 Felton,Grid,Saturday,"3,200"
April 2024,54 Felton,Grid,Saturday,"3,100"
May 2024,54 Felton,Grid,Saturday,"3,100"
June 2024,54 Felton,Grid,Saturday,"3,200"
July 2024,54 Felton,Grid,Saturday,"2,900"
August 2024,54 Felton,Grid,Saturday,"3,400"
September 2024,54 Felton,Grid,Saturday,"3,500"
October 2024,54 Felton,Grid,Saturday,"3,600"
November 2024,54 Felton,Grid,Saturday,"3,400"
December 2024,54 Felton,Grid,Saturday,"2,600"
January 2025,54 Felton,Grid,Saturday,"3,400"
February 2025,54 Felton,Grid,Saturday,"3,300"
March 2025,54 Felton,Grid,Saturday,"3,400"
April 2025,54 Felton,Grid,Saturday,"3,500"
May 2025,54 Felton,Grid,Saturday,"3,200"
June 2025,54 Felton,Grid,Saturday,"3,400"
July 2025,54 Felton,Grid,Saturday,"3,200"
August 2025,54 Felton,Grid,Saturday,"3,600"
September 2025,54 Felton,Grid,Saturday,"3,600"
October 2025,54 Felton,Grid,Saturday,"3,500"
November 2025,54 Felton,Grid,Saturday,"3,500"
December 2025,54 Felton,Grid,Saturday,"3,000"
January 2026,54 Felton,Grid,Saturday,"3,300"
February 2026,54 Felton,Grid,Saturday,"3,700"
March 2026,54 Felton,Grid,Saturday,"3,700"
April 2026,54 Felton,Grid,Saturday,"3,400"
May 2026,54 Felton,Grid,Saturday,"3,500"
June 2026,54 Felton,Grid,Saturday,"3,400"
July 2026,54 Felton,Grid,Saturday,"3,500"
August 2026,54 Felton,Grid,Saturday,"3,600"
January 2019,55 Dogpatch,Connector,Saturday,"1,300"
February 2019,55 Dogpatch,Connector,Saturday,"1,200"
March 2019,55 Dogpatch,Connector,Saturday,"1,300"
April 2019,55 Dogpatch,Connector,Saturday,"1,400"
May 2019,55 Dogpatch,Connector,Saturday,"1,200"
June 2019,55 Dogpatch,Connector,Saturday,"1,300"
July 2019,55 Dogpatch,Connector,Saturday,"1,200"
August 2019,55 Dogpatch,Connector,Saturday,"1,100"
September 2019,55 Dogpatch,Connector,Saturday,"1,000"
October 2019,55 Dogpatch,Connector,Saturday,"1,100"
November 2019,55 Dogpatch,Connector,Saturday,"1,100"
December 2019,55 Dogpatch,Connector,Saturday,"1,300"
January 2020,55 Dogpatch,Connector,Saturday,"1,200"
February 2020,55 Dogpatch,Connector,Saturday,"1,100"
March 2020,55 Dogpatch,Connector,Saturday,700
April 2020,55 Dogpatch,Connector,Saturday,100
January 2021,55 Dogpatch,Connector,Saturday,200
February 2021,55 Dogpatch,Connector,Saturday,800
March 2021,55 Dogpatch,Connector,Saturday,800
April 2021,55 Dogpatch,Connector,Saturday,600
May 2021,55 Dogpatch,Connector,Saturday,400
June 2021,55 Dogpatch,Connector,Saturday,800
July 2021,55 Dogpatch,Connector,Saturday,900
August 2021,55 Dogpatch,Connector,Saturday,900
September 2021,55 Dogpatch,Connector,Saturday,900
October 2021,55 Dogpatch,Connector,Saturday,"1,000"
November 2021,55 Dogpatch,Connector,Saturday,800
December 2021,55 Dogpatch,Connector,Saturday,700
January 2022,55 Dogpatch,Connector,Saturday,800
February 2022,55 Dogpatch,Connector,Saturday,"1,000"
March 2022,55 Dogpatch,Connector,Saturday,"1,100"
April 2022,55 Dogpatch,Connector,Saturday,"1,100"
May 2022,55 Dogpatch,Connector,Saturday,"1,100"
June 2022,55 Dogpatch,Connector,Saturday,"1,100"
July 2022,55 Dogpatch,Connector,Saturday,"1,200"
August 2022,55 Dogpatch,Connector,Saturday,"1,300"
September 2022,55 Dogpatch,Connector,Saturday,"1,500"
October 2022,55 Dogpatch,Connector,Saturday,"1,400"
November 2022,55 Dogpatch,Connector,Saturday,"1,300"
December 2022,55 Dogpatch,Connector,Saturday,"1,000"
January 2023,55 Dogpatch,Connector,Saturday,"1,200"
February 2023,55 Dogpatch,Connector,Saturday,"1,400"
March 2023,55 Dogpatch,Connector,Saturday,"1,500"
April 2023,55 Dogpatch,Connector,Saturday,"1,400"
May 2023,55 Dogpatch,Connector,Saturday,"1,400"
June 2023,55 Dogpatch,Connector,Saturday,"1,500"
July 2023,55 Dogpatch,Connector,Saturday,"1,500"
August 2023,55 Dogpatch,Connector,Saturday,"1,300"
September 2023,55 Dogpatch,Connector,Saturday,"1,100"
October 2023,55 Dogpatch,Connector,Saturday,"1,300"
November 2023,55 Dogpatch,Connector,Saturday,"1,300"
December 2023,55 Dogpatch,Connector,Saturday,"1,100"
January 2024,55 Dogpatch,Connector,Saturday,"1,100"
February 2024,55 Dogpatch,Connector,Saturday,"1,200"
March 2024,55 Dogpatch,Connector,Saturday,"1,200"
April 2024,55 Dogpatch,Connector,Saturday,"1,300"
May 2024,55 Dogpatch,Connector,Saturday,"1,100"
June 2024,55 Dogpatch,Connector,Saturday,"1,300"
July 2024,55 Dogpatch,Connector,Saturday,"1,200"
August 2024,55 Dogpatch,Connector,Saturday,"1,300"
September 2024,55 Dogpatch,Connector,Saturday,"1,300"
October 2024,55 Dogpatch,Connector,Saturday,"1,300"
November 2024,55 Dogpatch,Connector,Saturday,"1,200"
December 2024,55 Dogpatch,Connector,Saturday,900
January 2025,55 Dogpatch,Connector,Saturday,"1,100"
February 2025,55 Dogpatch,Connector,Saturday,"1,300"
March 2025,55 Dogpatch,Connector,Saturday,"1,400"
April 2025,55 Dogpatch,Connector,Saturday,"1,400"
May 2025,55 Dogpatch,Connector,Saturday,"1,300"
June 2025,55 Dogpatch,Connector,Saturday,"1,400"
July 2025,55 Dogpatch,Connector,Saturday,"1,200"
August 2025,55 Dogpatch,Connector,Saturday,"1,300"
September 2025,55 Dogpatch,Connector,Saturday,"1,300"
October 2025,55 Dogpatch,Connector,Saturday,"1,500"
November 2025,55 Dogpatch,Connector,Saturday,"1,300"
December 2025,55 Dogpatch,Connector,Saturday,"1,000"
January 2026,55 Dogpatch,Connector,Saturday,"1,300"
February 2026,55 Dogpatch,Connector,Saturday,"1,500"
March 2026,55 Dogpatch,Connector,Saturday,"1,400"
April 2026,55 Dogpatch,Connector,Saturday,"1,300"
May 2026,55 Dogpatch,Connector,Saturday,"1,300"
June 2026,55 Dogpatch,Connector,Saturday,"1,400"
July 2026,55 Dogpatch,Connector,Saturday,"1,400"
August 2026,55 Dogpatch,Connector,Saturday,"1,400"
January 2019,56 Rutland,Connector,Saturday,200
February 2019,56 Rutland,Connector,Saturday,200
March 2019,56 Rutland,Connector,Saturday,300
April 2019,56 Rutland,Connector,Saturday,200
May 2019,56 Rutland,Connector,Saturday,200
June 2019,56 Rutland,Connector,Saturday,200
July 2019,56 Rutland,Connector,Saturday,200
August 2019,56 Rutland,Connector,Saturday,200
September 2019,56 Rutland,Connector,Saturday,200
October 2019,56 Rutland,Connector,Saturday,300
November 2019,56 Rutland,Connector,Saturday,200
December 2019,56 Rutland,Connector,Saturday,100
January 2020,56 Rutland,Connector,Saturday,200
February 2020,56 Rutland,Connector,Saturday,100
March 2020,56 Rutland,Connector,Saturday,200
November 2022,56 Rutland,Connector,Saturday,
December 2022,56 Rutland,Connector,Saturday,100
January 2023,56 Rutland,Connector,Saturday,100
February 2023,56 Rutland,Connector,Saturday,100
March 2023,56 Rutland,Connector,Saturday,100
April 2023,56 Rutland,Connector,Saturday,200
May 2023,56 Rutland,Connector,Saturday,100
June 2023,56 Rutland,Connector,Saturday,200
July 2023,56 Rutland,Connector,Saturday,100
August 2023,56 Rutland,Connector,Saturday,200
September 2023,56 Rutland,Connector,Saturday,200
October 2023,56 Rutland,Connector,Saturday,200
November 2023,56 Rutland,Connector,Saturday,200
December 2023,56 Rutland,Connector,Saturday,200
January 2024,56 Rutland,Connector,Saturday,100
February 2024,56 Rutland,Connector,Saturday,100
March 2024,56 Rutland,Connector,Saturday,100
April 2024,56 Rutland,Connector,Saturday,100
May 2024,56 Rutland,Connector,Saturday,100
June 2024,56 Rutland,Connector,Saturday,200
July 2024,56 Rutland,Connector,Saturday,100
August 2024,56 Rutland,Connector,Saturday,100
September 2024,56 Rutland,Connector,Saturday,100
October 2024,56 Rutland,Connector,Saturday,200
November 2024,56 Rutland,Connector,Saturday,200
December 2024,56 Rutland,Connector,Saturday,100
January 2025,56 Rutland,Connector,Saturday,200
February 2025,56 Rutland,Connector,Saturday,200
March 2025,56 Rutland,Connector,Saturday,200
April 2025,56 Rutland,Connector,Saturday,300
May 2025,56 Rutland,Connector,Saturday,200
June 2025,56 Rutland,Connector,Saturday,200
July 2025,56 Rutland,Connector,Saturday,200
August 2025,56 Rutland,Connector,Saturday,200
September 2025,56 Rutland,Connector,Saturday,200
October 2025,56 Rutland,Connector,Saturday,200
November 2025,56 Rutland,Connector,Saturday,200
December 2025,56 Rutland,Connector,Saturday,200
January 2026,56 Rutland,Connector,Saturday,200
February 2026,56 Rutland,Connector,Saturday,300
March 2026,56 Rutland,Connector,Saturday,300
April 2026,56 Rutland,Connector,Saturday,200
May 2026,56 Rutland,Connector,Saturday,300
June 2026,56 Rutland,Connector,Saturday,200
July 2026,56 Rutland,Connector,Saturday,300
August 2026,56 Rutland,Connector,Saturday,300
January 2019,57 Parkmerced,Connector,Saturday,"1,500"
February 2019,57 Parkmerced,Connector,Saturday,"2,600"
March 2019,57 Parkmerced,Connector,Saturday,"2,100"
April 2019,57 Parkmerced,Connector,Saturday,"2,700"
May 2019,57 Parkmerced,Connector,Saturday,"2,500"
June 2019,57 Parkmerced,Connector,Saturday,"1,800"
July 2019,57 Parkmerced,Connector,Saturday,"1,700"
August 2019,57 Parkmerced,Connector,Saturday,"1,500"
September 2019,57 Parkmerced,Connector,Saturday,"2,900"
October 2019,57 Parkmerced,Connector,Saturday,"3,100"
November 2019,57 Parkmerced,Connector,Saturday,"2,400"
December 2019,57 Parkmerced,Connector,Saturday,"2,600"
January 2020,57 Parkmerced,Connector,Saturday,"1,700"
February 2020,57 Parkmerced,Connector,Saturday,"3,200"
March 2020,57 Parkmerced,Connector,Saturday,"1,700"
April 2020,57 Parkmerced,Connector,Saturday,100
August 2021,57 Parkmerced,Connector,Saturday,300
September 2021,57 Parkmerced,Connector,Saturday,500
October 2021,57 Parkmerced,Connector,Saturday,400
November 2021,57 Parkmerced,Connector,Saturday,400
December 2021,57 Parkmerced,Connector,Saturday,300
January 2022,57 Parkmerced,Connector,Saturday,300
February 2022,57 Parkmerced,Connector,Saturday,400
March 2022,57 Parkmerced,Connector,Saturday,500
April 2022,57 Parkmerced,Connector,Saturday,500
May 2022,57 Parkmerced,Connector,Saturday,400
June 2022,57 Parkmerced,Connector,Saturday,400
July 2022,57 Parkmerced,Connector,Saturday,400
August 2022,57 Parkmerced,Connector,Saturday,700
September 2022,57 Parkmerced,Connector,Saturday,900
October 2022,57 Parkmerced,Connector,Saturday,900
November 2022,57 Parkmerced,Connector,Saturday,800
December 2022,57 Parkmerced,Connector,Saturday,600
January 2023,57 Parkmerced,Connector,Saturday,700
February 2023,57 Parkmerced,Connector,Saturday,"1,000"
March 2023,57 Parkmerced,Connector,Saturday,900
April 2023,57 Parkmerced,Connector,Saturday,"1,100"
May 2023,57 Parkmerced,Connector,Saturday,"1,000"
June 2023,57 Parkmerced,Connector,Saturday,800
July 2023,57 Parkmerced,Connector,Saturday,800
August 2023,57 Parkmerced,Connector,Saturday,"1,000"
September 2023,57 Parkmerced,Connector,Saturday,"1,300"
October 2023,57 Parkmerced,Connector,Saturday,"1,300"
November 2023,57 Parkmerced,Connector,Saturday,"1,200"
December 2023,57 Parkmerced,Connector,Saturday,900
January 2024,57 Parkmerced,Connector,Saturday,900
February 2024,57 Parkmerced,Connector,Saturday,"1,400"
March 2024,57 Parkmerced,Connector,Saturday,"1,200"
April 2024,57 Parkmerced,Connector,Saturday,"1,400"
May 2024,57 Parkmerced,Connector,Saturday,"1,200"
June 2024,57 Parkmerced,Connector,Saturday,900
July 2024,57 Parkmerced,Connector,Saturday,900
August 2024,57 Parkmerced,Connector,Saturday,"1,000"
September 2024,57 Parkmerced,Connector,Saturday,"1,400"
October 2024,57 Parkmerced,Connector,Saturday,"1,500"
November 2024,57 Parkmerced,Connector,Saturday,"1,300"
December 2024,57 Parkmerced,Connector,Saturday,900
January 2025,57 Parkmerced,Connector,Saturday,"1,000"
February 2025,57 Parkmerced,Connector,Saturday,"1,400"
March 2025,57 Parkmerced,Connector,Saturday,"1,300"
April 2025,57 Parkmerced,Connector,Saturday,"1,400"
May 2025,57 Parkmerced,Connector,Saturday,"1,100"
June 2025,57 Parkmerced,Connector,Saturday,900
July 2025,57 Parkmerced,Connector,Saturday,900
August 2025,57 Parkmerced,Connector,Saturday,"1,100"
September 2025,57 Parkmerced,Connector,Saturday,"1,500"
October 2025,57 Parkmerced,Connector,Saturday,"1,400"
November 2025,57 Parkmerced,Connector,Saturday,"1,300"
December 2025,57 Parkmerced,Connector,Saturday,"1,000"
January 2026,57 Parkmerced,Connector,Saturday,"1,100"
February 2026,57 Parkmerced,Connector,Saturday,"1,500"
March 2026,57 Parkmerced,Connector,Saturday,"1,400"
April 2026,57 Parkmerced,Connector,Saturday,"1,400"
May 2026,57 Parkmerced,Connector,Saturday,"1,200"
June 2026,57 Parkmerced,Connector,Saturday,900
July 2026,57 Parkmerced,Connector,Saturday,900
August 2026,57 Parkmerced,Connector,Saturday,"1,100"
August 2021,58 Lake Merced,Connector,Saturday,200
September 2021,58 Lake Merced,Connector,Saturday,600
October 2021,58 Lake Merced,Connector,Saturday,600
November 2021,58 Lake Merced,Connector,Saturday,600
December 2021,58 Lake Merced,Connector,Saturday,500
January 2022,58 Lake Merced,Connector,Saturday,500
February 2022,58 Lake Merced,Connector,Saturday,600
March 2022,58 Lake Merced,Connector,Saturday,700
April 2022,58 Lake Merced,Connector,Saturday,800
May 2022,58 Lake Merced,Connector,Saturday,700
June 2022,58 Lake Merced,Connector,Saturday,700
July 2022,58 Lake Merced,Connector,Saturday,400
August 2022,58 Lake Merced,Connector,Saturday,400
September 2022,58 Lake Merced,Connector,Saturday,400
October 2022,58 Lake Merced,Connector,Saturday,300
November 2022,58 Lake Merced,Connector,Saturday,300
December 2022,58 Lake Merced,Connector,Saturday,200
January 2023,58 Lake Merced,Connector,Saturday,300
February 2023,58 Lake Merced,Connector,Saturday,400
March 2023,58 Lake Merced,Connector,Saturday,400
April 2023,58 Lake Merced,Connector,Saturday,400
May 2023,58 Lake Merced,Connector,Saturday,400
June 2023,58 Lake Merced,Connector,Saturday,300
July 2023,58 Lake Merced,Connector,Saturday,300
August 2023,58 Lake Merced,Connector,Saturday,400
September 2023,58 Lake Merced,Connector,Saturday,400
October 2023,58 Lake Merced,Connector,Saturday,400
November 2023,58 Lake Merced,Connector,Saturday,400
December 2023,58 Lake Merced,Connector,Saturday,300
January 2024,58 Lake Merced,Connector,Saturday,300
February 2024,58 Lake Merced,Connector,Saturday,400
March 2024,58 Lake Merced,Connector,Saturday,500
April 2024,58 Lake Merced,Connector,Saturday,400
May 2024,58 Lake Merced,Connector,Saturday,400
June 2024,58 Lake Merced,Connector,Saturday,400
July 2024,58 Lake Merced,Connector,Saturday,400
August 2024,58 Lake Merced,Connector,Saturday,400
September 2024,58 Lake Merced,Connector,Saturday,500
October 2024,58 Lake Merced,Connector,Saturday,500
November 2024,58 Lake Merced,Connector,Saturday,500
December 2024,58 Lake Merced,Connector,Saturday,300
January 2025,58 Lake Merced,Connector,Saturday,400
February 2025,58 Lake Merced,Connector,Saturday,500
March 2025,58 Lake Merced,Connector,Saturday,500
April 2025,58 Lake Merced,Connector,Saturday,500
May 2025,58 Lake Merced,Connector,Saturday,400
June 2025,58 Lake Merced,Connector,Saturday,500
July 2025,58 Lake Merced,Connector,Saturday,400
August 2025,58 Lake Merced,Connector,Saturday,500
September 2025,58 Lake Merced,Connector,Saturday,500
October 2025,58 Lake Merced,Connector,Saturday,500
November 2025,58 Lake Merced,Connector,Saturday,500
December 2025,58 Lake Merced,Connector,Saturday,300
January 2026,58 Lake Merced,Connector,Saturday,400
February 2026,58 Lake Merced,Connector,Saturday,500
March 2026,58 Lake Merced,Connector,Saturday,500
April 2026,58 Lake Merced,Connector,Saturday,400
May 2026,58 Lake Merced,Connector,Saturday,500
June 2026,58 Lake Merced,Connector,Saturday,500
July 2026,58 Lake Merced,Connector,Saturday,500
August 2026,58 Lake Merced,Connector,Saturday,500
January 2019,59 Powell/Mason Cable Car,Cable Car,Saturday,"3,800"
February 2019,59 Powell/Mason Cable Car,Cable Car,Saturday,"3,600"
March 2019,59 Powell/Mason Cable Car,Cable Car,Saturday,"4,700"
April 2019,59 Powell/Mason Cable Car,Cable Car,Saturday,"4,800"
May 2019,59 Powell/Mason Cable Car,Cable Car,Saturday,"5,200"
June 2019,59 Powell/Mason Cable Car,Cable Car,Saturday,"5,300"
July 2019,59 Powell/Mason Cable Car,Cable Car,Saturday,"6,600"
August 2019,59 Powell/Mason Cable Car,Cable Car,Saturday,"6,700"
September 2019,59 Powell/Mason Cable Car,Cable Car,Saturday,"5,600"
October 2019,59 Powell/Mason Cable Car,Cable Car,Saturday,"5,400"
November 2019,59 Powell/Mason Cable Car,Cable Car,Saturday,"4,300"
December 2019,59 Powell/Mason Cable Car,Cable Car,Saturday,"4,200"
January 2020,59 Powell/Mason Cable Car,Cable Car,Saturday,"3,800"
February 2020,59 Powell/Mason Cable Car,Cable Car,Saturday,"3,600"
March 2020,59 Powell/Mason Cable Car,Cable Car,Saturday,"4,700"
January 2019,60 Powell/Hyde Cable Car,Cable Car,Saturday,"4,500"
February 2019,60 Powell/Hyde Cable Car,Cable Car,Saturday,"4,300"
March 2019,60 Powell/Hyde Cable Car,Cable Car,Saturday,"5,700"
April 2019,60 Powell/Hyde Cable Car,Cable Car,Saturday,"5,700"
May 2019,60 Powell/Hyde Cable Car,Cable Car,Saturday,"6,200"
June 2019,60 Powell/Hyde Cable Car,Cable Car,Saturday,"6,400"
July 2019,60 Powell/Hyde Cable Car,Cable Car,Saturday,"7,300"
August 2019,60 Powell/Hyde Cable Car,Cable Car,Saturday,"7,400"
September 2019,60 Powell/Hyde Cable Car,Cable Car,Saturday,"6,200"
October 2019,60 Powell/Hyde Cable Car,Cable Car,Saturday,"6,000"
November 2019,60 Powell/Hyde Cable Car,Cable Car,Saturday,"4,800"
December 2019,60 Powell/Hyde Cable Car,Cable Car,Saturday,"4,700"
January 2020,60 Powell/Hyde Cable Car,Cable Car,Saturday,"4,200"
February 2020,60 Powell/Hyde Cable Car,Cable Car,Saturday,"4,000"
March 2020,60 Powell/Hyde Cable Car,Cable Car,Saturday,"5,300"
January 2019,61 California Cable Car,Cable Car,Saturday,"3,000"
February 2019,61 California Cable Car,Cable Car,Saturday,"2,800"
March 2019,61 California Cable Car,Cable Car,Saturday,"3,800"
April 2019,61 California Cable Car,Cable Car,Saturday,"3,800"
May 2019,61 California Cable Car,Cable Car,Saturday,"4,100"
June 2019,61 California Cable Car,Cable Car,Saturday,"4,200"
July 2019,61 California Cable Car,Cable Car,Saturday,"4,000"
August 2019,61 California Cable Car,Cable Car,Saturday,"4,100"
September 2019,61 California Cable Car,Cable Car,Saturday,"3,400"
October 2019,61 California Cable Car,Cable Car,Saturday,"3,300"
November 2019,61 California Cable Car,Cable Car,Saturday,"2,600"
December 2019,61 California Cable Car,Cable Car,Saturday,"2,600"
January 2020,61 California Cable Car,Cable Car,Saturday,"2,300"
February 2020,61 California Cable Car,Cable Car,Saturday,"2,200"
March 2020,61 California Cable Car,Cable Car,Saturday,"2,900"
January 2019,66 Quintara,Connector,Saturday,400
February 2019,66 Quintara,Connector,Saturday,400
March 2019,66 Quintara,Connector,Saturday,400
April 2019,66 Quintara,Connector,Saturday,400
May 2019,66 Quintara,Connector,Saturday,500
June 2019,66 Quintara,Connector,Saturday,500
July 2019,66 Quintara,Connector,Saturday,500
August 2019,66 Quintara,Connector,Saturday,500
September 2019,66 Quintara,Connector,Saturday,400
October 2019,66 Quintara,Connector,Saturday,500
November 2019,66 Quintara,Connector,Saturday,500
December 2019,66 Quintara,Connector,Saturday,400
January 2020,66 Quintara,Connector,Saturday,400
February 2020,66 Quintara,Connector,Saturday,400
March 2020,66 Quintara,Connector,Saturday,200
August 2021,66 Quintara,Connector,Saturday,200
September 2021,66 Quintara,Connector,Saturday,200
October 2021,66 Quintara,Connector,Saturday,200
November 2021,66 Quintara,Connector,Saturday,200
December 2021,66 Quintara,Connector,Saturday,200
January 2022,66 Quintara,Connector,Saturday,300
February 2022,66 Quintara,Connector,Saturday,300
March 2022,66 Quintara,Connector,Saturday,400
April 2022,66 Quintara,Connector,Saturday,300
May 2022,66 Quintara,Connector,Saturday,300
June 2022,66 Quintara,Connector,Saturday,400
July 2022,66 Quintara,Connector,Saturday,200
October 2022,66 Quintara,Connector,Saturday,100
December 2022,66 Quintara,Connector,Saturday,100
January 2023,66 Quintara,Connector,Saturday,
February 2023,66 Quintara,Connector,Saturday,200
April 2023,66 Quintara,Connector,Saturday,200
May 2023,66 Quintara,Connector,Saturday,300
June 2023,66 Quintara,Connector,Saturday,100
July 2023,66 Quintara,Connector,Saturday,200
August 2023,66 Quintara,Connector,Saturday,200
September 2023,66 Quintara,Connector,Saturday,300
October 2023,66 Quintara,Connector,Saturday,200
November 2023,66 Quintara,Connector,Saturday,200
December 2023,66 Quintara,Connector,Saturday,100
January 2024,66 Quintara,Connector,Saturday,100
February 2024,66 Quintara,Connector,Saturday,200
March 2024,66 Quintara,Connector,Saturday,200
April 2024,66 Quintara,Connector,Saturday,300
May 2024,66 Quintara,Connector,Saturday,200
June 2024,66 Quintara,Connector,Saturday,100
July 2024,66 Quintara,Connector,Saturday,100
August 2024,66 Quintara,Connector,Saturday,200
September 2024,66 Quintara,Connector,Saturday,300
October 2024,66 Quintara,Connector,Saturday,200
November 2024,66 Quintara,Connector,Saturday,200
December 2024,66 Quintara,Connector,Saturday,200
January 2025,66 Quintara,Connector,Saturday,300
February 2025,66 Quintara,Connector,Saturday,200
March 2025,66 Quintara,Connector,Saturday,200
April 2025,66 Quintara,Connector,Saturday,300
May 2025,66 Quintara,Connector,Saturday,200
June 2025,66 Quintara,Connector,Saturday,200
July 2025,66 Quintara,Connector,Saturday,200
August 2025,66 Quintara,Connector,Saturday,300
September 2025,66 Quintara,Connector,Saturday,300
October 2025,66 Quintara,Connector,Saturday,300
November 2025,66 Quintara,Connector,Saturday,200
December 2025,66 Quintara,Connector,Saturday,200
January 2026,66 Quintara,Connector,Saturday,300
February 2026,66 Quintara,Connector,Saturday,300
March 2026,66 Quintara,Connector,Saturday,300
April 2026,66 Quintara,Connector,Saturday,300
May 2026,66 Quintara,Connector,Saturday,300
June 2026,66 Quintara,Connector,Saturday,300
July 2026,66 Quintara,Connector,Saturday,400
August 2026,66 Quintara,Connector,Saturday,400
January 2019,67 Bernal Heights,Connector,Saturday,"2,500"
February 2019,67 Bernal Heights,Connector,Saturday,"2,800"
March 2019,67 Bernal Heights,Connector,Saturday,"2,100"
April 2019,67 Bernal Heights,Connector,Saturday,"1,100"
May 2019,67 Bernal Heights,Connector,Saturday,"1,100"
June 2019,67 Bernal Heights,Connector,Saturday,"1,200"
July 2019,67 Bernal Heights,Connector,Saturday,"2,700"
August 2019,67 Bernal Heights,Connector,Saturday,"2,100"
September 2019,67 Bernal Heights,Connector,Saturday,"1,200"
October 2019,67 Bernal Heights,Connector,Saturday,"1,300"
November 2019,67 Bernal Heights,Connector,Saturday,900
December 2019,67 Bernal Heights,Connector,Saturday,900
January 2020,67 Bernal Heights,Connector,Saturday,900
February 2020,67 Bernal Heights,Connector,Saturday,"1,000"
March 2020,67 Bernal Heights,Connector,Saturday,500
August 2020,67 Bernal Heights,Connector,Saturday,100
November 2020,67 Bernal Heights,Connector,Saturday,100
September 2022,67 Bernal Heights,Connector,Saturday,400
October 2022,67 Bernal Heights,Connector,Saturday,200
November 2022,67 Bernal Heights,Connector,Saturday,600
December 2022,67 Bernal Heights,Connector,Saturday,400
January 2023,67 Bernal Heights,Connector,Saturday,400
February 2023,67 Bernal Heights,Connector,Saturday,300
March 2023,67 Bernal Heights,Connector,Saturday,300
April 2023,67 Bernal Heights,Connector,Saturday,600
May 2023,67 Bernal Heights,Connector,Saturday,400
June 2023,67 Bernal Heights,Connector,Saturday,600
July 2023,67 Bernal Heights,Connector,Saturday,700
August 2023,67 Bernal Heights,Connector,Saturday,600
September 2023,67 Bernal Heights,Connector,Saturday,500
October 2023,67 Bernal Heights,Connector,Saturday,300
November 2023,67 Bernal Heights,Connector,Saturday,400
December 2023,67 Bernal Heights,Connector,Saturday,100
January 2024,67 Bernal Heights,Connector,Saturday,500
February 2024,67 Bernal Heights,Connector,Saturday,500
March 2024,67 Bernal Heights,Connector,Saturday,600
April 2024,67 Bernal Heights,Connector,Saturday,600
May 2024,67 Bernal Heights,Connector,Saturday,500
June 2024,67 Bernal Heights,Connector,Saturday,500
July 2024,67 Bernal Heights,Connector,Saturday,600
August 2024,67 Bernal Heights,Connector,Saturday,200
September 2024,67 Bernal Heights,Connector,Saturday,400
October 2024,67 Bernal Heights,Connector,Saturday,600
November 2024,67 Bernal Heights,Connector,Saturday,600
December 2024,67 Bernal Heights,Connector,Saturday,500
January 2025,67 Bernal Heights,Connector,Saturday,600
February 2025,67 Bernal Heights,Connector,Saturday,400
March 2025,67 Bernal Heights,Connector,Saturday,500
April 2025,67 Bernal Heights,Connector,Saturday,600
May 2025,67 Bernal Heights,Connector,Saturday,600
June 2025,67 Bernal Heights,Connector,Saturday,700
July 2025,67 Bernal Heights,Connector,Saturday,400
August 2025,67 Bernal Heights,Connector,Saturday,700
September 2025,67 Bernal Heights,Connector,Saturday,500
October 2025,67 Bernal Heights,Connector,Saturday,700
November 2025,67 Bernal Heights,Connector,Saturday,700
December 2025,67 Bernal Heights,Connector,Saturday,500
January 2026,67 Bernal Heights,Connector,Saturday,600
February 2026,67 Bernal Heights,Connector,Saturday,600
March 2026,67 Bernal Heights,Connector,Saturday,800
April 2026,67 Bernal Heights,Connector,Saturday,700
May 2026,67 Bernal Heights,Connector,Saturday,700
June 2026,67 Bernal Heights,Connector,Saturday,800
July 2026,67 Bernal Heights,Connector,Saturday,800
August 2026,67 Bernal Heights,Connector,Saturday,800
January 2019,76X Marin Headlands Express,Specialized,Saturday,200
February 2019,76X Marin Headlands Express,Specialized,Saturday,200
March 2019,76X Marin Headlands Express,Specialized,Saturday,500
April 2019,76X Marin Headlands Express,Specialized,Saturday,400
May 2019,76X Marin Headlands Express,Specialized,Saturday,300
June 2019,76X Marin Headlands Express,Specialized,Saturday,400
July 2019,76X Marin Headlands Express,Specialized,Saturday,500
August 2019,76X Marin Headlands Express,Specialized,Saturday,400
September 2019,76X Marin Headlands Express,Specialized,Saturday,500
October 2019,76X Marin Headlands Express,Specialized,Saturday,300
November 2019,76X Marin Headlands Express,Specialized,Saturday,300
December 2019,76X Marin Headlands Express,Specialized,Saturday,300
January 2020,76X Marin Headlands Express,Specialized,Saturday,300
February 2020,76X Marin Headlands Express,Specialized,Saturday,300
March 2020,76X Marin Headlands Express,Specialized,Saturday,100
January 2019,81X Caltrain Express,Specialized,Saturday,
February 2019,81X Caltrain Express,Specialized,Saturday,
March 2019,81X Caltrain Express,Specialized,Saturday,
April 2019,81X Caltrain Express,Specialized,Saturday,
May 2019,81X Caltrain Express,Specialized,Saturday,
June 2019,81X Caltrain Express,Specialized,Saturday,
July 2019,81X Caltrain Express,Specialized,Saturday,
August 2019,81X Caltrain Express,Specialized,Saturday,
September 2019,81X Caltrain Express,Specialized,Saturday,
October 2019,81X Caltrain Express,Specialized,Saturday,
November 2019,81X Caltrain Express,Specialized,Saturday,
December 2019,81X Caltrain Express,Specialized,Saturday,
January 2020,81X Caltrain Express,Specialized,Saturday,
February 2020,81X Caltrain Express,Specialized,Saturday,
March 2020,81X Caltrain Express,Specialized,Saturday,
January 2019,82X Levi Plaza Express,Specialized,Saturday,
February 2019,82X Levi Plaza Express,Specialized,Saturday,
March 2019,82X Levi Plaza Express,Specialized,Saturday,
April 2019,82X Levi Plaza Express,Specialized,Saturday,
May 2019,82X Levi Plaza Express,Specialized,Saturday,
June 2019,82X Levi Plaza Express,Specialized,Saturday,
July 2019,82X Levi Plaza Express,Specialized,Saturday,
August 2019,82X Levi Plaza Express,Specialized,Saturday,
September 2019,82X Levi Plaza Express,Specialized,Saturday,
October 2019,82X Levi Plaza Express,Specialized,Saturday,
November 2019,82X Levi Plaza Express,Specialized,Saturday,
December 2019,82X Levi Plaza Express,Specialized,Saturday,
January 2020,82X Levi Plaza Express,Specialized,Saturday,
February 2020,82X Levi Plaza Express,Specialized,Saturday,
March 2020,82X Levi Plaza Express,Specialized,Saturday,
January 2019,83X Mid/Market Express,Specialized,Saturday,
February 2019,83X Mid/Market Express,Specialized,Saturday,
March 2019,83X Mid/Market Express,Specialized,Saturday,
April 2019,83X Mid/Market Express,Specialized,Saturday,
May 2019,83X Mid/Market Express,Specialized,Saturday,
June 2019,83X Mid/Market Express,Specialized,Saturday,
July 2019,83X Mid/Market Express,Specialized,Saturday,
August 2019,83X Mid/Market Express,Specialized,Saturday,
September 2019,83X Mid/Market Express,Specialized,Saturday,
October 2019,83X Mid/Market Express,Specialized,Saturday,
November 2019,83X Mid/Market Express,Specialized,Saturday,
December 2019,83X Mid/Market Express,Specialized,Saturday,
January 2020,83X Mid/Market Express,Specialized,Saturday,
February 2020,83X Mid/Market Express,Specialized,Saturday,
March 2020,83X Mid/Market Express,Specialized,Saturday,
January 2019,88 BART Shuttle,Specialized,Saturday,
February 2019,88 BART Shuttle,Specialized,Saturday,
March 2019,88 BART Shuttle,Specialized,Saturday,
April 2019,88 BART Shuttle,Specialized,Saturday,
May 2019,88 BART Shuttle,Specialized,Saturday,
June 2019,88 BART Shuttle,Specialized,Saturday,
July 2019,88 BART Shuttle,Specialized,Saturday,
August 2019,88 BART Shuttle,Specialized,Saturday,
September 2019,88 BART Shuttle,Specialized,Saturday,
October 2019,88 BART Shuttle,Specialized,Saturday,
November 2019,88 BART Shuttle,Specialized,Saturday,
December 2019,88 BART Shuttle,Specialized,Saturday,
January 2020,88 BART Shuttle,Specialized,Saturday,
February 2020,88 BART Shuttle,Specialized,Saturday,
March 2020,88 BART Shuttle,Specialized,Saturday,
January 2019,90 San Bruno Owl,Owl,Saturday,200
February 2019,90 San Bruno Owl,Owl,Saturday,200
March 2019,90 San Bruno Owl,Owl,Saturday,300
April 2019,90 San Bruno Owl,Owl,Saturday,300
May 2019,90 San Bruno Owl,Owl,Saturday,300
June 2019,90 San Bruno Owl,Owl,Saturday,300
July 2019,90 San Bruno Owl,Owl,Saturday,300
August 2019,90 San Bruno Owl,Owl,Saturday,200
September 2019,90 San Bruno Owl,Owl,Saturday,200
October 2019,90 San Bruno Owl,Owl,Saturday,200
November 2019,90 San Bruno Owl,Owl,Saturday,200
December 2019,90 San Bruno Owl,Owl,Saturday,300
January 2020,90 San Bruno Owl,Owl,Saturday,200
February 2020,90 San Bruno Owl,Owl,Saturday,200
March 2020,90 San Bruno Owl,Owl,Saturday,200
April 2020,90 San Bruno Owl,Owl,Saturday,200
May 2020,90 San Bruno Owl,Owl,Saturday,200
June 2020,90 San Bruno Owl,Owl,Saturday,300
July 2020,90 San Bruno Owl,Owl,Saturday,300
August 2020,90 San Bruno Owl,Owl,Saturday,300
September 2020,90 San Bruno Owl,Owl,Saturday,300
October 2020,90 San Bruno Owl,Owl,Saturday,300
November 2020,90 San Bruno Owl,Owl,Saturday,300
December 2020,90 San Bruno Owl,Owl,Saturday,300
January 2021,90 San Bruno Owl,Owl,Saturday,300
February 2021,90 San Bruno Owl,Owl,Saturday,300
March 2021,90 San Bruno Owl,Owl,Saturday,300
April 2021,90 San Bruno Owl,Owl,Saturday,400
May 2021,90 San Bruno Owl,Owl,Saturday,400
June 2021,90 San Bruno Owl,Owl,Saturday,400
July 2021,90 San Bruno Owl,Owl,Saturday,500
August 2021,90 San Bruno Owl,Owl,Saturday,200
September 2021,90 San Bruno Owl,Owl,Saturday,200
October 2021,90 San Bruno Owl,Owl,Saturday,200
November 2021,90 San Bruno Owl,Owl,Saturday,200
December 2021,90 San Bruno Owl,Owl,Saturday,200
January 2022,90 San Bruno Owl,Owl,Saturday,200
February 2022,90 San Bruno Owl,Owl,Saturday,100
March 2022,90 San Bruno Owl,Owl,Saturday,200
April 2022,90 San Bruno Owl,Owl,Saturday,200
May 2022,90 San Bruno Owl,Owl,Saturday,200
June 2022,90 San Bruno Owl,Owl,Saturday,300
July 2022,90 San Bruno Owl,Owl,Saturday,200
August 2022,90 San Bruno Owl,Owl,Saturday,200
September 2022,90 San Bruno Owl,Owl,Saturday,300
October 2022,90 San Bruno Owl,Owl,Saturday,400
November 2022,90 San Bruno Owl,Owl,Saturday,300
December 2022,90 San Bruno Owl,Owl,Saturday,300
January 2023,90 San Bruno Owl,Owl,Saturday,300
February 2023,90 San Bruno Owl,Owl,Saturday,300
March 2023,90 San Bruno Owl,Owl,Saturday,300
April 2023,90 San Bruno Owl,Owl,Saturday,300
May 2023,90 San Bruno Owl,Owl,Saturday,300
June 2023,90 San Bruno Owl,Owl,Saturday,300
July 2023,90 San Bruno Owl,Owl,Saturday,400
August 2023,90 San Bruno Owl,Owl,Saturday,300
September 2023,90 San Bruno Owl,Owl,Saturday,400
October 2023,90 San Bruno Owl,Owl,Saturday,400
November 2023,90 San Bruno Owl,Owl,Saturday,300
December 2023,90 San Bruno Owl,Owl,Saturday,300
January 2024,90 San Bruno Owl,Owl,Saturday,300
February 2024,90 San Bruno Owl,Owl,Saturday,300
March 2024,90 San Bruno Owl,Owl,Saturday,300
April 2024,90 San Bruno Owl,Owl,Saturday,300
May 2024,90 San Bruno Owl,Owl,Saturday,300
June 2024,90 San Bruno Owl,Owl,Saturday,400
July 2024,90 San Bruno Owl,Owl,Saturday,400
August 2024,90 San Bruno Owl,Owl,Saturday,400
September 2024,90 San Bruno Owl,Owl,Saturday,400
October 2024,90 San Bruno Owl,Owl,Saturday,400
November 2024,90 San Bruno Owl,Owl,Saturday,400
December 2024,90 San Bruno Owl,Owl,Saturday,400
January 2025,90 San Bruno Owl,Owl,Saturday,400
February 2025,90 San Bruno Owl,Owl,Saturday,400
March 2025,90 San Bruno Owl,Owl,Saturday,400
April 2025,90 San Bruno Owl,Owl,Saturday,400
May 2025,90 San Bruno Owl,Owl,Saturday,400
June 2025,90 San Bruno Owl,Owl,Saturday,300
July 2025,90 San Bruno Owl,Owl,Saturday,400
August 2025,90 San Bruno Owl,Owl,Saturday,400
September 2025,90 San Bruno Owl,Owl,Saturday,400
October 2025,90 San Bruno Owl,Owl,Saturday,400
November 2025,90 San Bruno Owl,Owl,Saturday,400
December 2025,90 San Bruno Owl,Owl,Saturday,300
January 2026,90 San Bruno Owl,Owl,Saturday,300
February 2026,90 San Bruno Owl,Owl,Saturday,400
March 2026,90 San Bruno Owl,Owl,Saturday,400
April 2026,90 San Bruno Owl,Owl,Saturday,300
May 2026,90 San Bruno Owl,Owl,Saturday,300
June 2026,90 San Bruno Owl,Owl,Saturday,400
July 2026,90 San Bruno Owl,Owl,Saturday,400
August 2026,90 San Bruno Owl,Owl,Saturday,400
January 2019,91 3rd Street/19th Ave Owl,Owl,Saturday,500
February 2019,91 3rd Street/19th Ave Owl,Owl,Saturday,500
March 2019,91 3rd Street/19th Ave Owl,Owl,Saturday,500
April 2019,91 3rd Street/19th Ave Owl,Owl,Saturday,500
May 2019,91 3rd Street/19th Ave Owl,Owl,Saturday,500
June 2019,91 3rd Street/19th Ave Owl,Owl,Saturday,500
July 2019,91 3rd Street/19th Ave Owl,Owl,Saturday,500
August 2019,91 3rd Street/19th Ave Owl,Owl,Saturday,500
September 2019,91 3rd Street/19th Ave Owl,Owl,Saturday,500
October 2019,91 3rd Street/19th Ave Owl,Owl,Saturday,600
November 2019,91 3rd Street/19th Ave Owl,Owl,Saturday,500
December 2019,91 3rd Street/19th Ave Owl,Owl,Saturday,500
January 2020,91 3rd Street/19th Ave Owl,Owl,Saturday,500
February 2020,91 3rd Street/19th Ave Owl,Owl,Saturday,500
March 2020,91 3rd Street/19th Ave Owl,Owl,Saturday,300
April 2020,91 3rd Street/19th Ave Owl,Owl,Saturday,300
May 2020,91 3rd Street/19th Ave Owl,Owl,Saturday,400
June 2020,91 3rd Street/19th Ave Owl,Owl,Saturday,400
July 2020,91 3rd Street/19th Ave Owl,Owl,Saturday,500
August 2020,91 3rd Street/19th Ave Owl,Owl,Saturday,600
September 2020,91 3rd Street/19th Ave Owl,Owl,Saturday,600
October 2020,91 3rd Street/19th Ave Owl,Owl,Saturday,700
November 2020,91 3rd Street/19th Ave Owl,Owl,Saturday,700
December 2020,91 3rd Street/19th Ave Owl,Owl,Saturday,500
January 2021,91 3rd Street/19th Ave Owl,Owl,Saturday,500
February 2021,91 3rd Street/19th Ave Owl,Owl,Saturday,500
March 2021,91 3rd Street/19th Ave Owl,Owl,Saturday,600
April 2021,91 3rd Street/19th Ave Owl,Owl,Saturday,600
May 2021,91 3rd Street/19th Ave Owl,Owl,Saturday,700
June 2021,91 3rd Street/19th Ave Owl,Owl,Saturday,900
July 2021,91 3rd Street/19th Ave Owl,Owl,Saturday,900
August 2021,91 3rd Street/19th Ave Owl,Owl,Saturday,600
September 2021,91 3rd Street/19th Ave Owl,Owl,Saturday,400
October 2021,91 3rd Street/19th Ave Owl,Owl,Saturday,600
November 2021,91 3rd Street/19th Ave Owl,Owl,Saturday,500
December 2021,91 3rd Street/19th Ave Owl,Owl,Saturday,400
January 2022,91 3rd Street/19th Ave Owl,Owl,Saturday,400
February 2022,91 3rd Street/19th Ave Owl,Owl,Saturday,400
March 2022,91 3rd Street/19th Ave Owl,Owl,Saturday,400
April 2022,91 3rd Street/19th Ave Owl,Owl,Saturday,500
May 2022,91 3rd Street/19th Ave Owl,Owl,Saturday,400
June 2022,91 3rd Street/19th Ave Owl,Owl,Saturday,500
July 2022,91 3rd Street/19th Ave Owl,Owl,Saturday,500
August 2022,91 3rd Street/19th Ave Owl,Owl,Saturday,500
September 2022,91 3rd Street/19th Ave Owl,Owl,Saturday,600
October 2022,91 3rd Street/19th Ave Owl,Owl,Saturday,600
November 2022,91 3rd Street/19th Ave Owl,Owl,Saturday,500
December 2022,91 3rd Street/19th Ave Owl,Owl,Saturday,500
January 2023,91 3rd Street/19th Ave Owl,Owl,Saturday,400
February 2023,91 3rd Street/19th Ave Owl,Owl,Saturday,500
March 2023,91 3rd Street/19th Ave Owl,Owl,Saturday,500
April 2023,91 3rd Street/19th Ave Owl,Owl,Saturday,500
May 2023,91 3rd Street/19th Ave Owl,Owl,Saturday,500
June 2023,91 3rd Street/19th Ave Owl,Owl,Saturday,500
July 2023,91 3rd Street/19th Ave Owl,Owl,Saturday,500
August 2023,91 3rd Street/19th Ave Owl,Owl,Saturday,500
September 2023,91 3rd Street/19th Ave Owl,Owl,Saturday,600
October 2023,91 3rd Street/19th Ave Owl,Owl,Saturday,800
November 2023,91 3rd Street/19th Ave Owl,Owl,Saturday,500
December 2023,91 3rd Street/19th Ave Owl,Owl,Saturday,500
January 2024,91 3rd Street/19th Ave Owl,Owl,Saturday,500
February 2024,91 3rd Street/19th Ave Owl,Owl,Saturday,600
March 2024,91 3rd Street/19th Ave Owl,Owl,Saturday,500
April 2024,91 3rd Street/19th Ave Owl,Owl,Saturday,500
May 2024,91 3rd Street/19th Ave Owl,Owl,Saturday,500
June 2024,91 3rd Street/19th Ave Owl,Owl,Saturday,500
July 2024,91 3rd Street/19th Ave Owl,Owl,Saturday,500
August 2024,91 3rd Street/19th Ave Owl,Owl,Saturday,600
September 2024,91 3rd Street/19th Ave Owl,Owl,Saturday,700
October 2024,91 3rd Street/19th Ave Owl,Owl,Saturday,800
November 2024,91 3rd Street/19th Ave Owl,Owl,Saturday,600
December 2024,91 3rd Street/19th Ave Owl,Owl,Saturday,600
January 2025,91 3rd Street/19th Ave Owl,Owl,Saturday,600
February 2025,91 3rd Street/19th Ave Owl,Owl,Saturday,700
March 2025,91 3rd Street/19th Ave Owl,Owl,Saturday,600
April 2025,91 3rd Street/19th Ave Owl,Owl,Saturday,600
May 2025,91 3rd Street/19th Ave Owl,Owl,Saturday,600
June 2025,91 3rd Street/19th Ave Owl,Owl,Saturday,600
July 2025,91 3rd Street/19th Ave Owl,Owl,Saturday,600
August 2025,91 3rd Street/19th Ave Owl,Owl,Saturday,600
September 2025,91 3rd Street/19th Ave Owl,Owl,Saturday,600
October 2025,91 3rd Street/19th Ave Owl,Owl,Saturday,700
November 2025,91 3rd Street/19th Ave Owl,Owl,Saturday,600
December 2025,91 3rd Street/19th Ave Owl,Owl,Saturday,600
January 2026,91 3rd Street/19th Ave Owl,Owl,Saturday,600
February 2026,91 3rd Street/19th Ave Owl,Owl,Saturday,700
March 2026,91 3rd Street/19th Ave Owl,Owl,Saturday,700
April 2026,91 3rd Street/19th Ave Owl,Owl,Saturday,600
May 2026,91 3rd Street/19th Ave Owl,Owl,Saturday,600
June 2026,91 3rd Street/19th Ave Owl,Owl,Saturday,700
July 2026,91 3rd Street/19th Ave Owl,Owl,Saturday,700
August 2026,91 3rd Street/19th Ave Owl,Owl,Saturday,700
January 2019,E Embarcadero,Historic,Saturday,"1,400"
February 2019,E Embarcadero,Historic,Saturday,"1,700"
March 2019,E Embarcadero,Historic,Saturday,"2,000"
April 2019,E Embarcadero,Historic,Saturday,"1,900"
May 2019,E Embarcadero,Historic,Saturday,"2,100"
June 2019,E Embarcadero,Historic,Saturday,"2,100"
July 2019,E Embarcadero,Historic,Saturday,"2,500"
August 2019,E Embarcadero,Historic,Saturday,"2,300"
September 2019,E Embarcadero,Historic,Saturday,"2,000"
October 2019,E Embarcadero,Historic,Saturday,"1,800"
November 2019,E Embarcadero,Historic,Saturday,"1,700"
December 2019,E Embarcadero,Historic,Saturday,"1,700"
January 2020,E Embarcadero,Historic,Saturday,"1,500"
February 2020,E Embarcadero,Historic,Saturday,"1,800"
March 2020,E Embarcadero,Historic,Saturday,"2,100"
January 2019,F Market & Wharves,Historic,Saturday,"10,900"
February 2019,F Market & Wharves,Historic,Saturday,"12,900"
March 2019,F Market & Wharves,Historic,Saturday,"15,200"
April 2019,F Market & Wharves,Historic,Saturday,"14,800"
May 2019,F Market & Wharves,Historic,Saturday,"16,100"
June 2019,F Market & Wharves,Historic,Saturday,"16,100"
July 2019,F Market & Wharves,Historic,Saturday,"20,300"
August 2019,F Market & Wharves,Historic,Saturday,"18,700"
September 2019,F Market & Wharves,Historic,Saturday,"16,200"
October 2019,F Market & Wharves,Historic,Saturday,"15,000"
November 2019,F Market & Wharves,Historic,Saturday,"13,600"
December 2019,F Market & Wharves,Historic,Saturday,"14,000"
January 2020,F Market & Wharves,Historic,Saturday,"12,100"
February 2020,F Market & Wharves,Historic,Saturday,"14,400"
March 2020,F Market & Wharves,Historic,Saturday,"16,900"
January 2019,J Church,Muni Metro,Saturday,"8,500"
February 2019,J Church,Muni Metro,Saturday,"9,000"
March 2019,J Church,Muni Metro,Saturday,"9,100"
April 2019,J Church,Muni Metro,Saturday,"9,100"
May 2019,J Church,Muni Metro,Saturday,"8,900"
June 2019,J Church,Muni Metro,Saturday,"9,300"
July 2019,J Church,Muni Metro,Saturday,"9,600"
August 2019,J Church,Muni Metro,Saturday,"9,500"
September 2019,J Church,Muni Metro,Saturday,"9,400"
October 2019,J Church,Muni Metro,Saturday,"9,600"
November 2019,J Church,Muni Metro,Saturday,"9,000"
December 2019,J Church,Muni Metro,Saturday,"8,600"
January 2020,J Church,Muni Metro,Saturday,"8,800"
February 2020,J Church,Muni Metro,Saturday,"9,300"
March 2020,J Church,Muni Metro,Saturday,"9,400"
December 2020,J Church,Muni Metro,Saturday,300
January 2021,J Church,Muni Metro,Saturday,800
February 2021,J Church,Muni Metro,Saturday,900
March 2021,J Church,Muni Metro,Saturday,"1,000"
April 2021,J Church,Muni Metro,Saturday,"1,100"
May 2021,J Church,Muni Metro,Saturday,"1,200"
June 2021,J Church,Muni Metro,Saturday,500
July 2021,J Church,Muni Metro,Saturday,"2,000"
August 2021,J Church,Muni Metro,Saturday,"1,100"
September 2021,J Church,Muni Metro,Saturday,"1,800"
October 2021,J Church,Muni Metro,Saturday,"2,400"
November 2021,J Church,Muni Metro,Saturday,"2,200"
December 2021,J Church,Muni Metro,Saturday,"1,900"
January 2022,J Church,Muni Metro,Saturday,"1,800"
February 2022,J Church,Muni Metro,Saturday,"3,400"
March 2022,J Church,Muni Metro,Saturday,"4,000"
April 2022,J Church,Muni Metro,Saturday,"4,300"
May 2022,J Church,Muni Metro,Saturday,"5,100"
June 2022,J Church,Muni Metro,Saturday,"5,600"
July 2022,J Church,Muni Metro,Saturday,"3,700"
August 2022,J Church,Muni Metro,Saturday,"4,700"
September 2022,J Church,Muni Metro,Saturday,"5,000"
October 2022,J Church,Muni Metro,Saturday,"5,000"
November 2022,J Church,Muni Metro,Saturday,"4,800"
December 2022,J Church,Muni Metro,Saturday,"3,500"
January 2023,J Church,Muni Metro,Saturday,"4,300"
February 2023,J Church,Muni Metro,Saturday,"5,000"
March 2023,J Church,Muni Metro,Saturday,"5,100"
April 2023,J Church,Muni Metro,Saturday,"5,600"
May 2023,J Church,Muni Metro,Saturday,"5,000"
June 2023,J Church,Muni Metro,Saturday,"5,400"
July 2023,J Church,Muni Metro,Saturday,"5,900"
August 2023,J Church,Muni Metro,Saturday,"6,200"
September 2023,J Church,Muni Metro,Saturday,"5,300"
October 2023,J Church,Muni Metro,Saturday,"6,300"
November 2023,J Church,Muni Metro,Saturday,"5,600"
December 2023,J Church,Muni Metro,Saturday,"4,500"
January 2024,J Church,Muni Metro,Saturday,"4,700"
February 2024,J Church,Muni Metro,Saturday,"6,400"
March 2024,J Church,Muni Metro,Saturday,"5,500"
April 2024,J Church,Muni Metro,Saturday,"6,700"
May 2024,J Church,Muni Metro,Saturday,"5,300"
June 2024,J Church,Muni Metro,Saturday,"5,400"
July 2024,J Church,Muni Metro,Saturday,"4,900"
August 2024,J Church,Muni Metro,Saturday,"6,200"
September 2024,J Church,Muni Metro,Saturday,"6,300"
October 2024,J Church,Muni Metro,Saturday,"5,900"
November 2024,J Church,Muni Metro,Saturday,"5,500"
December 2024,J Church,Muni Metro,Saturday,"4,200"
January 2025,J Church,Muni Metro,Saturday,"5,500"
February 2025,J Church,Muni Metro,Saturday,"6,200"
March 2025,J Church,Muni Metro,Saturday,"6,300"
April 2025,J Church,Muni Metro,Saturday,"7,100"
May 2025,J Church,Muni Metro,Saturday,"6,000"
June 2025,J Church,Muni Metro,Saturday,"5,300"
July 2025,J Church,Muni Metro,Saturday,"5,800"
August 2025,J Church,Muni Metro,Saturday,"5,000"
September 2025,J Church,Muni Metro,Saturday,"6,800"
October 2025,J Church,Muni Metro,Saturday,"6,200"
November 2025,J Church,Muni Metro,Saturday,"5,600"
December 2025,J Church,Muni Metro,Saturday,"5,000"
January 2026,J Church,Muni Metro,Saturday,"5,700"
February 2026,J Church,Muni Metro,Saturday,"7,100"
March 2026,J Church,Muni Metro,Saturday,"8,800"
April 2026,J Church,Muni Metro,Saturday,"6,500"
May 2026,J Church,Muni Metro,Saturday,"6,400"
June 2026,J Church,Muni Metro,Saturday,"5,400"
July 2026,J Church,Muni Metro,Saturday,"6,700"
August 2026,J Church,Muni Metro,Saturday,"7,100"
January 2023,K Ingleside,Muni Metro,Saturday,"6,700"
February 2023,K Ingleside,Muni Metro,Saturday,"8,700"
March 2023,K Ingleside,Muni Metro,Saturday,"8,200"
April 2023,K Ingleside,Muni Metro,Saturday,"8,700"
May 2023,K Ingleside,Muni Metro,Saturday,"9,400"
June 2023,K Ingleside,Muni Metro,Saturday,"9,800"
July 2023,K Ingleside,Muni Metro,Saturday,"8,800"
August 2023,K Ingleside,Muni Metro,Saturday,"9,200"
September 2023,K Ingleside,Muni Metro,Saturday,"9,100"
October 2023,K Ingleside,Muni Metro,Saturday,"10,300"
November 2023,K Ingleside,Muni Metro,Saturday,"8,500"
December 2023,K Ingleside,Muni Metro,Saturday,"9,300"
January 2024,K Ingleside,Muni Metro,Saturday,"8,600"
February 2024,K Ingleside,Muni Metro,Saturday,"10,400"
March 2024,K Ingleside,Muni Metro,Saturday,"9,800"
April 2024,K Ingleside,Muni Metro,Saturday,"9,200"
May 2024,K Ingleside,Muni Metro,Saturday,"9,000"
June 2024,K Ingleside,Muni Metro,Saturday,"8,400"
July 2024,K Ingleside,Muni Metro,Saturday,"7,200"
August 2024,K Ingleside,Muni Metro,Saturday,"8,100"
September 2024,K Ingleside,Muni Metro,Saturday,"9,500"
October 2024,K Ingleside,Muni Metro,Saturday,"8,000"
November 2024,K Ingleside,Muni Metro,Saturday,"7,200"
December 2024,K Ingleside,Muni Metro,Saturday,"6,000"
January 2025,K Ingleside,Muni Metro,Saturday,"7,200"
February 2025,K Ingleside,Muni Metro,Saturday,"7,500"
March 2025,K Ingleside,Muni Metro,Saturday,"4,400"
April 2025,K Ingleside,Muni Metro,Saturday,"7,600"
May 2025,K Ingleside,Muni Metro,Saturday,"6,600"
June 2025,K Ingleside,Muni Metro,Saturday,"8,600"
July 2025,K Ingleside,Muni Metro,Saturday,"6,500"
August 2025,K Ingleside,Muni Metro,Saturday,"7,400"
September 2025,K Ingleside,Muni Metro,Saturday,"7,100"
October 2025,K Ingleside,Muni Metro,Saturday,"7,800"
November 2025,K Ingleside,Muni Metro,Saturday,"7,200"
December 2025,K Ingleside,Muni Metro,Saturday,"6,100"
January 2026,K Ingleside,Muni Metro,Saturday,"6,700"
February 2026,K Ingleside,Muni Metro,Saturday,"8,400"
March 2026,K Ingleside,Muni Metro,Saturday,"9,600"
April 2026,K Ingleside,Muni Metro,Saturday,"7,200"
May 2026,K Ingleside,Muni Metro,Saturday,"7,400"
June 2026,K Ingleside,Muni Metro,Saturday,"10,900"
July 2026,K Ingleside,Muni Metro,Saturday,"8,700"
August 2026,K Ingleside,Muni Metro,Saturday,"9,200"
February 2021,K L M N Owl,Owl,Saturday,100
April 2021,K L M N Owl,Owl,Saturday,100
May 2021,K L M N Owl,Owl,Saturday,100
June 2021,K L M N Owl,Owl,Saturday,300
July 2021,K L M N Owl,Owl,Saturday,200
September 2021,K L M N Owl,Owl,Saturday,100
January 2019,KT Ingleside/Third,Muni Metro,Saturday,"21,300"
February 2019,KT Ingleside/Third,Muni Metro,Saturday,"22,600"
March 2019,KT Ingleside/Third,Muni Metro,Saturday,"22,700"
April 2019,KT Ingleside/Third,Muni Metro,Saturday,"22,900"
May 2019,KT Ingleside/Third,Muni Metro,Saturday,"22,400"
June 2019,KT Ingleside/Third,Muni Metro,Saturday,"23,200"
July 2019,KT Ingleside/Third,Muni Metro,Saturday,"16,900"
August 2019,KT Ingleside/Third,Muni Metro,Saturday,"16,800"
September 2019,KT Ingleside/Third,Muni Metro,Saturday,"16,700"
October 2019,KT Ingleside/Third,Muni Metro,Saturday,"17,100"
November 2019,KT Ingleside/Third,Muni Metro,Saturday,"15,900"
December 2019,KT Ingleside/Third,Muni Metro,Saturday,"15,200"
January 2020,KT Ingleside/Third,Muni Metro,Saturday,"15,600"
February 2020,KT Ingleside/Third,Muni Metro,Saturday,"16,600"
March 2020,KT Ingleside/Third,Muni Metro,Saturday,"16,700"
May 2021,KT Ingleside/Third,Muni Metro,Saturday,"5,300"
June 2021,KT Ingleside/Third,Muni Metro,Saturday,"9,400"
July 2021,KT Ingleside/Third,Muni Metro,Saturday,"12,600"
August 2021,KT Ingleside/Third,Muni Metro,Saturday,"10,200"
September 2021,KT Ingleside/Third,Muni Metro,Saturday,"10,900"
October 2021,KT Ingleside/Third,Muni Metro,Saturday,"11,900"
November 2021,KT Ingleside/Third,Muni Metro,Saturday,"11,300"
December 2021,KT Ingleside/Third,Muni Metro,Saturday,"11,800"
January 2022,KT Ingleside/Third,Muni Metro,Saturday,"10,400"
February 2022,KT Ingleside/Third,Muni Metro,Saturday,"13,000"
March 2022,KT Ingleside/Third,Muni Metro,Saturday,"11,900"
April 2022,KT Ingleside/Third,Muni Metro,Saturday,"13,600"
May 2022,KT Ingleside/Third,Muni Metro,Saturday,"11,600"
June 2022,KT Ingleside/Third,Muni Metro,Saturday,"15,200"
July 2022,KT Ingleside/Third,Muni Metro,Saturday,"14,800"
August 2022,KT Ingleside/Third,Muni Metro,Saturday,"14,600"
September 2022,KT Ingleside/Third,Muni Metro,Saturday,"18,200"
October 2022,KT Ingleside/Third,Muni Metro,Saturday,"16,700"
November 2022,KT Ingleside/Third,Muni Metro,Saturday,"15,100"
December 2022,KT Ingleside/Third,Muni Metro,Saturday,"13,000"
January 2023,KT Ingleside/Third,Muni Metro,Saturday,"2,000"
November 2023,KT Ingleside/Third,Muni Metro,Saturday,"3,800"
March 2025,KT Ingleside/Third,Muni Metro,Saturday,"6,900"
January 2019,L Taraval,Muni Metro,Saturday,"18,800"
February 2019,L Taraval,Muni Metro,Saturday,"19,900"
March 2019,L Taraval,Muni Metro,Saturday,"20,000"
April 2019,L Taraval,Muni Metro,Saturday,"20,200"
May 2019,L Taraval,Muni Metro,Saturday,"19,700"
June 2019,L Taraval,Muni Metro,Saturday,"20,500"
July 2019,L Taraval,Muni Metro,Saturday,"18,600"
August 2019,L Taraval,Muni Metro,Saturday,"18,500"
September 2019,L Taraval,Muni Metro,Saturday,"18,300"
October 2019,L Taraval,Muni Metro,Saturday,"18,800"
November 2019,L Taraval,Muni Metro,Saturday,"17,500"
December 2019,L Taraval,Muni Metro,Saturday,"16,800"
January 2020,L Taraval,Muni Metro,Saturday,"17,200"
February 2020,L Taraval,Muni Metro,Saturday,"18,200"
March 2020,L Taraval,Muni Metro,Saturday,"18,300"
September 2024,L Taraval,Muni Metro,Saturday,"3,200"
October 2024,L Taraval,Muni Metro,Saturday,"10,500"
November 2024,L Taraval,Muni Metro,Saturday,"9,500"
December 2024,L Taraval,Muni Metro,Saturday,"8,100"
January 2025,L Taraval,Muni Metro,Saturday,"9,800"
February 2025,L Taraval,Muni Metro,Saturday,"11,500"
March 2025,L Taraval,Muni Metro,Saturday,"11,000"
April 2025,L Taraval,Muni Metro,Saturday,"10,800"
May 2025,L Taraval,Muni Metro,Saturday,"10,800"
June 2025,L Taraval,Muni Metro,Saturday,"13,500"
July 2025,L Taraval,Muni Metro,Saturday,"10,400"
August 2025,L Taraval,Muni Metro,Saturday,"11,700"
September 2025,L Taraval,Muni Metro,Saturday,"12,400"
October 2025,L Taraval,Muni Metro,Saturday,"12,100"
November 2025,L Taraval,Muni Metro,Saturday,"11,000"
December 2025,L Taraval,Muni Metro,Saturday,"9,800"
January 2026,L Taraval,Muni Metro,Saturday,"11,400"
February 2026,L Taraval,Muni Metro,Saturday,"13,600"
March 2026,L Taraval,Muni Metro,Saturday,"16,000"
April 2026,L Taraval,Muni Metro,Saturday,"12,700"
May 2026,L Taraval,Muni Metro,Saturday,"12,600"
June 2026,L Taraval,Muni Metro,Saturday,"14,800"
July 2026,L Taraval,Muni Metro,Saturday,"12,600"
August 2026,L Taraval,Muni Metro,Saturday,"13,400"
January 2019,M Ocean View,Muni Metro,Saturday,"14,500"
February 2019,M Ocean View,Muni Metro,Saturday,"15,400"
March 2019,M Ocean View,Muni Metro,Saturday,"15,500"
April 2019,M Ocean View,Muni Metro,Saturday,"15,600"
May 2019,M Ocean View,Muni Metro,Saturday,"15,300"
June 2019,M Ocean View,Muni Metro,Saturday,"15,800"
July 2019,M Ocean View,Muni Metro,Saturday,"16,300"
August 2019,M Ocean View,Muni Metro,Saturday,"16,200"
September 2019,M Ocean View,Muni Metro,Saturday,"16,000"
October 2019,M Ocean View,Muni Metro,Saturday,"16,400"
November 2019,M Ocean View,Muni Metro,Saturday,"15,300"
December 2019,M Ocean View,Muni Metro,Saturday,"14,700"
January 2020,M Ocean View,Muni Metro,Saturday,"15,000"
February 2020,M Ocean View,Muni Metro,Saturday,"15,900"
March 2020,M Ocean View,Muni Metro,Saturday,"16,000"
August 2021,M Ocean View,Muni Metro,Saturday,"4,700"
September 2021,M Ocean View,Muni Metro,Saturday,"7,900"
October 2021,M Ocean View,Muni Metro,Saturday,"7,500"
November 2021,M Ocean View,Muni Metro,Saturday,"8,900"
December 2021,M Ocean View,Muni Metro,Saturday,"7,600"
January 2022,M Ocean View,Muni Metro,Saturday,"7,300"
February 2022,M Ocean View,Muni Metro,Saturday,"9,600"
March 2022,M Ocean View,Muni Metro,Saturday,"10,600"
April 2022,M Ocean View,Muni Metro,Saturday,"9,900"
May 2022,M Ocean View,Muni Metro,Saturday,"9,400"
June 2022,M Ocean View,Muni Metro,Saturday,"9,300"
July 2022,M Ocean View,Muni Metro,Saturday,"9,500"
August 2022,M Ocean View,Muni Metro,Saturday,"11,300"
September 2022,M Ocean View,Muni Metro,Saturday,"12,400"
October 2022,M Ocean View,Muni Metro,Saturday,"12,100"
November 2022,M Ocean View,Muni Metro,Saturday,"10,900"
December 2022,M Ocean View,Muni Metro,Saturday,"9,000"
January 2023,M Ocean View,Muni Metro,Saturday,"11,100"
February 2023,M Ocean View,Muni Metro,Saturday,"13,000"
March 2023,M Ocean View,Muni Metro,Saturday,"14,200"
April 2023,M Ocean View,Muni Metro,Saturday,"14,200"
May 2023,M Ocean View,Muni Metro,Saturday,"13,300"
June 2023,M Ocean View,Muni Metro,Saturday,"14,100"
July 2023,M Ocean View,Muni Metro,Saturday,"12,900"
August 2023,M Ocean View,Muni Metro,Saturday,"14,700"
September 2023,M Ocean View,Muni Metro,Saturday,"14,700"
October 2023,M Ocean View,Muni Metro,Saturday,"17,900"
November 2023,M Ocean View,Muni Metro,Saturday,"14,900"
December 2023,M Ocean View,Muni Metro,Saturday,"13,600"
January 2024,M Ocean View,Muni Metro,Saturday,"11,000"
February 2024,M Ocean View,Muni Metro,Saturday,"16,100"
March 2024,M Ocean View,Muni Metro,Saturday,"13,400"
April 2024,M Ocean View,Muni Metro,Saturday,"14,700"
May 2024,M Ocean View,Muni Metro,Saturday,"13,300"
June 2024,M Ocean View,Muni Metro,Saturday,"11,600"
July 2024,M Ocean View,Muni Metro,Saturday,"9,700"
August 2024,M Ocean View,Muni Metro,Saturday,"10,400"
September 2024,M Ocean View,Muni Metro,Saturday,"14,200"
October 2024,M Ocean View,Muni Metro,Saturday,"13,000"
November 2024,M Ocean View,Muni Metro,Saturday,"11,600"
December 2024,M Ocean View,Muni Metro,Saturday,"9,800"
January 2025,M Ocean View,Muni Metro,Saturday,"11,000"
February 2025,M Ocean View,Muni Metro,Saturday,"12,500"
March 2025,M Ocean View,Muni Metro,Saturday,"11,900"
April 2025,M Ocean View,Muni Metro,Saturday,"13,000"
May 2025,M Ocean View,Muni Metro,Saturday,"11,400"
June 2025,M Ocean View,Muni Metro,Saturday,"13,000"
July 2025,M Ocean View,Muni Metro,Saturday,"10,200"
August 2025,M Ocean View,Muni Metro,Saturday,"11,700"
September 2025,M Ocean View,Muni Metro,Saturday,"14,300"
October 2025,M Ocean View,Muni Metro,Saturday,"14,900"
November 2025,M Ocean View,Muni Metro,Saturday,"12,000"
December 2025,M Ocean View,Muni Metro,Saturday,"10,500"
January 2026,M Ocean View,Muni Metro,Saturday,"11,700"
February 2026,M Ocean View,Muni Metro,Saturday,"14,300"
March 2026,M Ocean View,Muni Metro,Saturday,"15,700"
April 2026,M Ocean View,Muni Metro,Saturday,"12,600"
May 2026,M Ocean View,Muni Metro,Saturday,"13,100"
June 2026,M Ocean View,Muni Metro,Saturday,"16,000"
July 2026,M Ocean View,Muni Metro,Saturday,"12,700"
August 2026,M Ocean View,Muni Metro,Saturday,"14,800"
January 2019,N Judah,Muni Metro,Saturday,"26,300"
February 2019,N Judah,Muni Metro,Saturday,"27,900"
March 2019,N Judah,Muni Metro,Saturday,"28,000"
April 2019,N Judah,Muni Metro,Saturday,"28,200"
May 2019,N Judah,Muni Metro,Saturday,"27,600"
June 2019,N Judah,Muni Metro,Saturday,"28,600"
July 2019,N Judah,Muni Metro,Saturday,"26,200"
August 2019,N Judah,Muni Metro,Saturday,"26,100"
September 2019,N Judah,Muni Metro,Saturday,"25,800"
October 2019,N Judah,Muni Metro,Saturday,"26,400"
November 2019,N Judah,Muni Metro,Saturday,"24,600"
December 2019,N Judah,Muni Metro,Saturday,"23,600"
January 2020,N Judah,Muni Metro,Saturday,"24,200"
February 2020,N Judah,Muni Metro,Saturday,"25,700"
March 2020,N Judah,Muni Metro,Saturday,"25,800"
May 2021,N Judah,Muni Metro,Saturday,"4,400"
June 2021,N Judah,Muni Metro,Saturday,"9,300"
July 2021,N Judah,Muni Metro,Saturday,"10,300"
August 2021,N Judah,Muni Metro,Saturday,"10,700"
September 2021,N Judah,Muni Metro,Saturday,"11,600"
October 2021,N Judah,Muni Metro,Saturday,"15,400"
November 2021,N Judah,Muni Metro,Saturday,"12,500"
December 2021,N Judah,Muni Metro,Saturday,"10,000"
January 2022,N Judah,Muni Metro,Saturday,"10,400"
February 2022,N Judah,Muni Metro,Saturday,"12,600"
March 2022,N Judah,Muni Metro,Saturday,"13,900"
April 2022,N Judah,Muni Metro,Saturday,"15,100"
May 2022,N Judah,Muni Metro,Saturday,"11,900"
June 2022,N Judah,Muni Metro,Saturday,"16,900"
July 2022,N Judah,Muni Metro,Saturday,"16,200"
August 2022,N Judah,Muni Metro,Saturday,"17,400"
September 2022,N Judah,Muni Metro,Saturday,"18,500"
October 2022,N Judah,Muni Metro,Saturday,"17,700"
November 2022,N Judah,Muni Metro,Saturday,"15,400"
December 2022,N Judah,Muni Metro,Saturday,"11,900"
January 2023,N Judah,Muni Metro,Saturday,"14,800"
February 2023,N Judah,Muni Metro,Saturday,"17,400"
March 2023,N Judah,Muni Metro,Saturday,"17,000"
April 2023,N Judah,Muni Metro,Saturday,"20,100"
May 2023,N Judah,Muni Metro,Saturday,"19,700"
June 2023,N Judah,Muni Metro,Saturday,"21,800"
July 2023,N Judah,Muni Metro,Saturday,"22,600"
August 2023,N Judah,Muni Metro,Saturday,"21,800"
September 2023,N Judah,Muni Metro,Saturday,"20,100"
October 2023,N Judah,Muni Metro,Saturday,"21,200"
November 2023,N Judah,Muni Metro,Saturday,"18,900"
December 2023,N Judah,Muni Metro,Saturday,"16,600"
January 2024,N Judah,Muni Metro,Saturday,"16,600"
February 2024,N Judah,Muni Metro,Saturday,"21,100"
March 2024,N Judah,Muni Metro,Saturday,"20,600"
April 2024,N Judah,Muni Metro,Saturday,"22,000"
May 2024,N Judah,Muni Metro,Saturday,"19,600"
June 2024,N Judah,Muni Metro,Saturday,"24,600"
July 2024,N Judah,Muni Metro,Saturday,"21,700"
August 2024,N Judah,Muni Metro,Saturday,"23,600"
September 2024,N Judah,Muni Metro,Saturday,"23,800"
October 2024,N Judah,Muni Metro,Saturday,"23,400"
November 2024,N Judah,Muni Metro,Saturday,"19,600"
December 2024,N Judah,Muni Metro,Saturday,"15,100"
January 2025,N Judah,Muni Metro,Saturday,"19,600"
February 2025,N Judah,Muni Metro,Saturday,"22,400"
March 2025,N Judah,Muni Metro,Saturday,"22,400"
April 2025,N Judah,Muni Metro,Saturday,"25,300"
May 2025,N Judah,Muni Metro,Saturday,"23,000"
June 2025,N Judah,Muni Metro,Saturday,"27,100"
July 2025,N Judah,Muni Metro,Saturday,"24,300"
August 2025,N Judah,Muni Metro,Saturday,"28,500"
September 2025,N Judah,Muni Metro,Saturday,"26,800"
October 2025,N Judah,Muni Metro,Saturday,"25,500"
November 2025,N Judah,Muni Metro,Saturday,"21,900"
December 2025,N Judah,Muni Metro,Saturday,"11,400"
January 2026,N Judah,Muni Metro,Saturday,"21,600"
February 2026,N Judah,Muni Metro,Saturday,"25,500"
March 2026,N Judah,Muni Metro,Saturday,"30,700"
April 2026,N Judah,Muni Metro,Saturday,"26,300"
May 2026,N Judah,Muni Metro,Saturday,"24,500"
June 2026,N Judah,Muni Metro,Saturday,"30,100"
July 2026,N Judah,Muni Metro,Saturday,"26,600"
August 2026,N Judah,Muni Metro,Saturday,"29,200"
January 2019,NX N Express,Specialized,Saturday,
February 2019,NX N Express,Specialized,Saturday,
March 2019,NX N Express,Specialized,Saturday,
April 2019,NX N Express,Specialized,Saturday,
May 2019,NX N Express,Specialized,Saturday,
June 2019,NX N Express,Specialized,Saturday,
July 2019,NX N Express,Specialized,Saturday,
August 2019,NX N Express,Specialized,Saturday,
September 2019,NX N Express,Specialized,Saturday,
October 2019,NX N Express,Specialized,Saturday,
November 2019,NX N Express,Specialized,Saturday,
December 2019,NX N Express,Specialized,Saturday,
January 2020,NX N Express,Specialized,Saturday,
February 2020,NX N Express,Specialized,Saturday,
March 2020,NX N Express,Specialized,Saturday,
April 2023,S Shuttle,Muni Metro,Saturday,"3,600"
November 2023,S Shuttle,Muni Metro,Saturday,200
June 2024,S Shuttle,Muni Metro,Saturday,"2,100"
July 2024,S Shuttle,Muni Metro,Saturday,"2,000"
August 2024,S Shuttle,Muni Metro,Saturday,"2,000"
January 2021,T Third,Muni Metro,Saturday,"1,000"
February 2021,T Third,Muni Metro,Saturday,"3,300"
March 2021,T Third,Muni Metro,Saturday,"3,800"
April 2021,T Third,Muni Metro,Saturday,"4,100"
May 2021,T Third,Muni Metro,Saturday,"1,300"
November 2022,T Third,Muni Metro,Saturday,"7,600"
December 2022,T Third,Muni Metro,Saturday,"4,200"
January 2023,T Third,Muni Metro,Saturday,"9,800"
February 2023,T Third,Muni Metro,Saturday,"13,200"
March 2023,T Third,Muni Metro,Saturday,"12,300"
April 2023,T Third,Muni Metro,Saturday,"12,100"
May 2023,T Third,Muni Metro,Saturday,"12,100"
June 2023,T Third,Muni Metro,Saturday,"12,800"
July 2023,T Third,Muni Metro,Saturday,"13,600"
August 2023,T Third,Muni Metro,Saturday,"14,000"
September 2023,T Third,Muni Metro,Saturday,"13,500"
October 2023,T Third,Muni Metro,Saturday,"13,300"
November 2023,T Third,Muni Metro,Saturday,"10,900"
December 2023,T Third,Muni Metro,Saturday,"12,400"
January 2024,T Third,Muni Metro,Saturday,"12,500"
February 2024,T Third,Muni Metro,Saturday,"16,300"
March 2024,T Third,Muni Metro,Saturday,"14,600"
April 2024,T Third,Muni Metro,Saturday,"14,000"
May 2024,T Third,Muni Metro,Saturday,"13,400"
June 2024,T Third,Muni Metro,Saturday,"14,900"
July 2024,T Third,Muni Metro,Saturday,"13,600"
August 2024,T Third,Muni Metro,Saturday,"14,800"
September 2024,T Third,Muni Metro,Saturday,"17,500"
October 2024,T Third,Muni Metro,Saturday,"14,800"
November 2024,T Third,Muni Metro,Saturday,"14,700"
December 2024,T Third,Muni Metro,Saturday,"13,600"
January 2025,T Third,Muni Metro,Saturday,"15,600"
February 2025,T Third,Muni Metro,Saturday,"17,500"
March 2025,T Third,Muni Metro,Saturday,"9,500"
April 2025,T Third,Muni Metro,Saturday,"16,000"
May 2025,T Third,Muni Metro,Saturday,"15,000"
June 2025,T Third,Muni Metro,Saturday,"16,900"
July 2025,T Third,Muni Metro,Saturday,"16,700"
August 2025,T Third,Muni Metro,Saturday,"18,800"
September 2025,T Third,Muni Metro,Saturday,"20,000"
October 2025,T Third,Muni Metro,Saturday,"17,300"
November 2025,T Third,Muni Metro,Saturday,"17,200"
December 2025,T Third,Muni Metro,Saturday,"16,400"
January 2026,T Third,Muni Metro,Saturday,"17,200"
February 2026,T Third,Muni Metro,Saturday,"22,900"
March 2026,T Third,Muni Metro,Saturday,"22,800"
April 2026,T Third,Muni Metro,Saturday,"19,100"
May 2026,T Third,Muni Metro,Saturday,"19,000"
June 2026,T Third,Muni Metro,Saturday,"21,600"
July 2026,T Third,Muni Metro,Saturday,"16,400"
August 2026,T Third,Muni Metro,Saturday,"20,500"
January 2019,1 California,Frequent Local,Weekday,"23,100"
February 2019,1 California,Frequent Local,Weekday,"23,200"
March 2019,1 California,Frequent Local,Weekday,"23,300"
April 2019,1 California,Frequent Local,Weekday,"21,800"
May 2019,1 California,Frequent Local,Weekday,"22,700"
June 2019,1 California,Frequent Local,Weekday,"23,400"
July 2019,1 California,Frequent Local,Weekday,"21,900"
August 2019,1 California,Frequent Local,Weekday,"22,800"
September 2019,1 California,Frequent Local,Weekday,"23,700"
October 2019,1 California,Frequent Local,Weekday,"23,100"
November 2019,1 California,Frequent Local,Weekday,"22,100"
December 2019,1 California,Frequent Local,Weekday,"21,500"
January 2020,1 California,Frequent Local,Weekday,"22,800"
February 2020,1 California,Frequent Local,Weekday,"22,500"
March 2020,1 California,Frequent Local,Weekday,"9,500"
April 2020,1 California,Frequent Local,Weekday,"4,200"
May 2020,1 California,Frequent Local,Weekday,"5,200"
June 2020,1 California,Frequent Local,Weekday,"6,400"
July 2020,1 California,Frequent Local,Weekday,"6,600"
August 2020,1 California,Frequent Local,Weekday,"6,700"
September 2020,1 California,Frequent Local,Weekday,"7,000"
October 2020,1 California,Frequent Local,Weekday,"7,600"
November 2020,1 California,Frequent Local,Weekday,"7,300"
December 2020,1 California,Frequent Local,Weekday,"6,700"
January 2021,1 California,Frequent Local,Weekday,"6,600"
February 2021,1 California,Frequent Local,Weekday,"7,500"
March 2021,1 California,Frequent Local,Weekday,"7,800"
April 2021,1 California,Frequent Local,Weekday,"8,300"
May 2021,1 California,Frequent Local,Weekday,"9,200"
June 2021,1 California,Frequent Local,Weekday,"10,300"
July 2021,1 California,Frequent Local,Weekday,"11,000"
August 2021,1 California,Frequent Local,Weekday,"11,600"
September 2021,1 California,Frequent Local,Weekday,"13,200"
October 2021,1 California,Frequent Local,Weekday,"12,900"
November 2021,1 California,Frequent Local,Weekday,"12,000"
December 2021,1 California,Frequent Local,Weekday,"10,800"
January 2022,1 California,Frequent Local,Weekday,"10,500"
February 2022,1 California,Frequent Local,Weekday,"11,700"
March 2022,1 California,Frequent Local,Weekday,"13,100"
April 2022,1 California,Frequent Local,Weekday,"13,700"
May 2022,1 California,Frequent Local,Weekday,"14,100"
June 2022,1 California,Frequent Local,Weekday,"14,100"
July 2022,1 California,Frequent Local,Weekday,"13,900"
August 2022,1 California,Frequent Local,Weekday,"14,500"
September 2022,1 California,Frequent Local,Weekday,"15,700"
October 2022,1 California,Frequent Local,Weekday,"15,800"
November 2022,1 California,Frequent Local,Weekday,"14,700"
December 2022,1 California,Frequent Local,Weekday,"13,600"
January 2023,1 California,Frequent Local,Weekday,"14,600"
February 2023,1 California,Frequent Local,Weekday,"15,000"
March 2023,1 California,Frequent Local,Weekday,"14,600"
April 2023,1 California,Frequent Local,Weekday,"15,300"
May 2023,1 California,Frequent Local,Weekday,"15,700"
June 2023,1 California,Frequent Local,Weekday,"15,900"
July 2023,1 California,Frequent Local,Weekday,"15,700"
August 2023,1 California,Frequent Local,Weekday,"16,600"
September 2023,1 California,Frequent Local,Weekday,"17,400"
October 2023,1 California,Frequent Local,Weekday,"17,600"
November 2023,1 California,Frequent Local,Weekday,"15,900"
December 2023,1 California,Frequent Local,Weekday,"15,500"
January 2024,1 California,Frequent Local,Weekday,"16,500"
February 2024,1 California,Frequent Local,Weekday,"17,000"
March 2024,1 California,Frequent Local,Weekday,"17,200"
April 2024,1 California,Frequent Local,Weekday,"17,000"
May 2024,1 California,Frequent Local,Weekday,"17,900"
June 2024,1 California,Frequent Local,Weekday,"17,100"
July 2024,1 California,Frequent Local,Weekday,"16,800"
August 2024,1 California,Frequent Local,Weekday,"17,900"
September 2024,1 California,Frequent Local,Weekday,"19,000"
October 2024,1 California,Frequent Local,Weekday,"18,900"
November 2024,1 California,Frequent Local,Weekday,"16,900"
December 2024,1 California,Frequent Local,Weekday,"16,700"
January 2025,1 California,Frequent Local,Weekday,"17,900"
February 2025,1 California,Frequent Local,Weekday,"17,800"
March 2025,1 California,Frequent Local,Weekday,"18,400"
April 2025,1 California,Frequent Local,Weekday,"18,500"
May 2025,1 California,Frequent Local,Weekday,"18,700"
June 2025,1 California,Frequent Local,Weekday,"18,300"
July 2025,1 California,Frequent Local,Weekday,"18,200"
August 2025,1 California,Frequent Local,Weekday,"19,200"
September 2025,1 California,Frequent Local,Weekday,"19,700"
October 2025,1 California,Frequent Local,Weekday,"19,500"
November 2025,1 California,Frequent Local,Weekday,"17,600"
December 2025,1 California,Frequent Local,Weekday,"16,800"
January 2026,1 California,Frequent Local,Weekday,"18,200"
February 2026,1 California,Frequent Local,Weekday,"18,400"
March 2026,1 California,Frequent Local,Weekday,"19,300"
April 2026,1 California,Frequent Local,Weekday,"18,600"
May 2026,1 California,Frequent Local,Weekday,"19,100"
June 2026,1 California,Frequent Local,Weekday,"18,900"
July 2026,1 California,Frequent Local,Weekday,"18,300"
August 2026,1 California,Frequent Local,Weekday,"18,900"
January 2019,1AX California A Express,Specialized,Weekday,"1,500"
February 2019,1AX California A Express,Specialized,Weekday,"1,600"
March 2019,1AX California A Express,Specialized,Weekday,"1,500"
April 2019,1AX California A Express,Specialized,Weekday,"1,400"
May 2019,1AX California A Express,Specialized,Weekday,"1,500"
June 2019,1AX California A Express,Specialized,Weekday,"1,500"
July 2019,1AX California A Express,Specialized,Weekday,"1,500"
August 2019,1AX California A Express,Specialized,Weekday,"1,400"
September 2019,1AX California A Express,Specialized,Weekday,"1,500"
October 2019,1AX California A Express,Specialized,Weekday,"1,600"
November 2019,1AX California A Express,Specialized,Weekday,"1,500"
December 2019,1AX California A Express,Specialized,Weekday,"1,500"
January 2020,1AX California A Express,Specialized,Weekday,"1,700"
February 2020,1AX California A Express,Specialized,Weekday,"1,800"
March 2020,1AX California A Express,Specialized,Weekday,"1,100"
January 2019,1BX California B Express,Specialized,Weekday,"2,100"
February 2019,1BX California B Express,Specialized,Weekday,"2,200"
March 2019,1BX California B Express,Specialized,Weekday,"2,200"
April 2019,1BX California B Express,Specialized,Weekday,"2,000"
May 2019,1BX California B Express,Specialized,Weekday,"2,200"
June 2019,1BX California B Express,Specialized,Weekday,"2,300"
July 2019,1BX California B Express,Specialized,Weekday,"2,100"
August 2019,1BX California B Express,Specialized,Weekday,"2,100"
September 2019,1BX California B Express,Specialized,Weekday,"2,300"
October 2019,1BX California B Express,Specialized,Weekday,"2,300"
November 2019,1BX California B Express,Specialized,Weekday,"2,100"
December 2019,1BX California B Express,Specialized,Weekday,"2,100"
January 2020,1BX California B Express,Specialized,Weekday,"2,200"
February 2020,1BX California B Express,Specialized,Weekday,"2,200"
March 2020,1BX California B Express,Specialized,Weekday,"1,600"
February 2023,1X California Express,Specialized,Weekday,100
March 2023,1X California Express,Specialized,Weekday,200
April 2023,1X California Express,Specialized,Weekday,200
May 2023,1X California Express,Specialized,Weekday,200
June 2023,1X California Express,Specialized,Weekday,300
July 2023,1X California Express,Specialized,Weekday,300
August 2023,1X California Express,Specialized,Weekday,400
September 2023,1X California Express,Specialized,Weekday,400
October 2023,1X California Express,Specialized,Weekday,400
November 2023,1X California Express,Specialized,Weekday,400
December 2023,1X California Express,Specialized,Weekday,300
January 2024,1X California Express,Specialized,Weekday,400
February 2024,1X California Express,Specialized,Weekday,400
March 2024,1X California Express,Specialized,Weekday,400
April 2024,1X California Express,Specialized,Weekday,400
May 2024,1X California Express,Specialized,Weekday,400
June 2024,1X California Express,Specialized,Weekday,400
July 2024,1X California Express,Specialized,Weekday,400
August 2024,1X California Express,Specialized,Weekday,500
September 2024,1X California Express,Specialized,Weekday,500
October 2024,1X California Express,Specialized,Weekday,500
November 2024,1X California Express,Specialized,Weekday,400
December 2024,1X California Express,Specialized,Weekday,400
January 2025,1X California Express,Specialized,Weekday,500
February 2025,1X California Express,Specialized,Weekday,500
March 2025,1X California Express,Specialized,Weekday,400
April 2025,1X California Express,Specialized,Weekday,400
May 2025,1X California Express,Specialized,Weekday,400
June 2025,1X California Express,Specialized,Weekday,400
July 2025,1X California Express,Specialized,Weekday,400
August 2025,1X California Express,Specialized,Weekday,400
September 2025,1X California Express,Specialized,Weekday,500
October 2025,1X California Express,Specialized,Weekday,500
November 2025,1X California Express,Specialized,Weekday,400
December 2025,1X California Express,Specialized,Weekday,400
January 2026,1X California Express,Specialized,Weekday,600
February 2026,1X California Express,Specialized,Weekday,600
March 2026,1X California Express,Specialized,Weekday,600
April 2026,1X California Express,Specialized,Weekday,600
May 2026,1X California Express,Specialized,Weekday,500
June 2026,1X California Express,Specialized,Weekday,600
July 2026,1X California Express,Specialized,Weekday,600
August 2026,1X California Express,Specialized,Weekday,600
January 2019,2 Sutter,Grid,Weekday,"5,500"
February 2019,2 Sutter,Grid,Weekday,"5,700"
March 2019,2 Sutter,Grid,Weekday,"5,600"
April 2019,2 Sutter,Grid,Weekday,"5,300"
May 2019,2 Sutter,Grid,Weekday,"5,400"
June 2019,2 Sutter,Grid,Weekday,"5,600"
July 2019,2 Sutter,Grid,Weekday,"4,700"
August 2019,2 Sutter,Grid,Weekday,"4,900"
September 2019,2 Sutter,Grid,Weekday,"4,700"
October 2019,2 Sutter,Grid,Weekday,"5,100"
November 2019,2 Sutter,Grid,Weekday,"4,900"
December 2019,2 Sutter,Grid,Weekday,"4,600"
January 2020,2 Sutter,Grid,Weekday,"5,000"
February 2020,2 Sutter,Grid,Weekday,"5,000"
March 2020,2 Sutter,Grid,Weekday,"2,500"
April 2020,2 Sutter,Grid,Weekday,200
July 2022,2 Sutter,Grid,Weekday,800
August 2022,2 Sutter,Grid,Weekday,"1,400"
September 2022,2 Sutter,Grid,Weekday,"1,600"
October 2022,2 Sutter,Grid,Weekday,"1,700"
November 2022,2 Sutter,Grid,Weekday,"1,600"
December 2022,2 Sutter,Grid,Weekday,"1,600"
January 2023,2 Sutter,Grid,Weekday,"1,700"
February 2023,2 Sutter,Grid,Weekday,"1,800"
March 2023,2 Sutter,Grid,Weekday,"1,800"
April 2023,2 Sutter,Grid,Weekday,"2,000"
May 2023,2 Sutter,Grid,Weekday,"2,000"
June 2023,2 Sutter,Grid,Weekday,"2,000"
July 2023,2 Sutter,Grid,Weekday,"2,000"
August 2023,2 Sutter,Grid,Weekday,"2,100"
September 2023,2 Sutter,Grid,Weekday,"2,200"
October 2023,2 Sutter,Grid,Weekday,"2,200"
November 2023,2 Sutter,Grid,Weekday,"2,100"
December 2023,2 Sutter,Grid,Weekday,"2,000"
January 2024,2 Sutter,Grid,Weekday,"2,100"
February 2024,2 Sutter,Grid,Weekday,"2,300"
March 2024,2 Sutter,Grid,Weekday,"2,300"
April 2024,2 Sutter,Grid,Weekday,"2,300"
May 2024,2 Sutter,Grid,Weekday,"2,300"
June 2024,2 Sutter,Grid,Weekday,"2,400"
July 2024,2 Sutter,Grid,Weekday,"2,400"
August 2024,2 Sutter,Grid,Weekday,"2,500"
September 2024,2 Sutter,Grid,Weekday,"2,600"
October 2024,2 Sutter,Grid,Weekday,"2,500"
November 2024,2 Sutter,Grid,Weekday,"2,300"
December 2024,2 Sutter,Grid,Weekday,"2,300"
January 2025,2 Sutter,Grid,Weekday,"2,400"
February 2025,2 Sutter,Grid,Weekday,"2,500"
March 2025,2 Sutter,Grid,Weekday,"2,500"
April 2025,2 Sutter,Grid,Weekday,"2,500"
May 2025,2 Sutter,Grid,Weekday,"2,600"
June 2025,2 Sutter,Grid,Weekday,"2,600"
July 2025,2 Sutter,Grid,Weekday,"2,600"
August 2025,2 Sutter,Grid,Weekday,"2,700"
September 2025,2 Sutter,Grid,Weekday,"2,800"
October 2025,2 Sutter,Grid,Weekday,"2,800"
November 2025,2 Sutter,Grid,Weekday,"2,600"
December 2025,2 Sutter,Grid,Weekday,"2,500"
January 2026,2 Sutter,Grid,Weekday,"2,600"
February 2026,2 Sutter,Grid,Weekday,"2,600"
March 2026,2 Sutter,Grid,Weekday,"2,700"
April 2026,2 Sutter,Grid,Weekday,"2,700"
May 2026,2 Sutter,Grid,Weekday,"2,700"
June 2026,2 Sutter,Grid,Weekday,"2,700"
July 2026,2 Sutter,Grid,Weekday,"2,600"
August 2026,2 Sutter,Grid,Weekday,"2,800"
January 2019,3 Jackson,Grid,Weekday,"2,600"
February 2019,3 Jackson,Grid,Weekday,"2,600"
March 2019,3 Jackson,Grid,Weekday,"2,800"
April 2019,3 Jackson,Grid,Weekday,"2,300"
May 2019,3 Jackson,Grid,Weekday,"2,500"
June 2019,3 Jackson,Grid,Weekday,"2,800"
July 2019,3 Jackson,Grid,Weekday,"2,700"
August 2019,3 Jackson,Grid,Weekday,"2,800"
September 2019,3 Jackson,Grid,Weekday,"3,000"
October 2019,3 Jackson,Grid,Weekday,"3,000"
November 2019,3 Jackson,Grid,Weekday,"2,900"
December 2019,3 Jackson,Grid,Weekday,"2,700"
January 2020,3 Jackson,Grid,Weekday,"3,000"
February 2020,3 Jackson,Grid,Weekday,"3,000"
March 2020,3 Jackson,Grid,Weekday,"1,200"
April 2020,3 Jackson,Grid,Weekday,100
January 2019,5 Fulton,Grid,Weekday,"7,800"
February 2019,5 Fulton,Grid,Weekday,"8,000"
March 2019,5 Fulton,Grid,Weekday,"8,400"
April 2019,5 Fulton,Grid,Weekday,"8,800"
May 2019,5 Fulton,Grid,Weekday,"8,800"
June 2019,5 Fulton,Grid,Weekday,"8,200"
July 2019,5 Fulton,Grid,Weekday,"8,100"
August 2019,5 Fulton,Grid,Weekday,"8,300"
September 2019,5 Fulton,Grid,Weekday,"9,200"
October 2019,5 Fulton,Grid,Weekday,"9,200"
November 2019,5 Fulton,Grid,Weekday,"8,500"
December 2019,5 Fulton,Grid,Weekday,"7,400"
January 2020,5 Fulton,Grid,Weekday,"8,000"
February 2020,5 Fulton,Grid,Weekday,"8,800"
March 2020,5 Fulton,Grid,Weekday,"5,100"
April 2020,5 Fulton,Grid,Weekday,"1,200"
May 2020,5 Fulton,Grid,Weekday,"2,800"
June 2020,5 Fulton,Grid,Weekday,"3,900"
July 2020,5 Fulton,Grid,Weekday,"4,500"
August 2020,5 Fulton,Grid,Weekday,"4,700"
September 2020,5 Fulton,Grid,Weekday,"5,000"
October 2020,5 Fulton,Grid,Weekday,"5,300"
November 2020,5 Fulton,Grid,Weekday,"5,000"
December 2020,5 Fulton,Grid,Weekday,"4,300"
January 2021,5 Fulton,Grid,Weekday,"4,500"
February 2021,5 Fulton,Grid,Weekday,"5,600"
March 2021,5 Fulton,Grid,Weekday,"6,000"
April 2021,5 Fulton,Grid,Weekday,"6,500"
May 2021,5 Fulton,Grid,Weekday,"6,900"
June 2021,5 Fulton,Grid,Weekday,"8,000"
July 2021,5 Fulton,Grid,Weekday,"8,600"
August 2021,5 Fulton,Grid,Weekday,"6,700"
September 2021,5 Fulton,Grid,Weekday,"5,300"
October 2021,5 Fulton,Grid,Weekday,"5,000"
November 2021,5 Fulton,Grid,Weekday,"4,800"
December 2021,5 Fulton,Grid,Weekday,"4,100"
January 2022,5 Fulton,Grid,Weekday,"3,400"
February 2022,5 Fulton,Grid,Weekday,"4,500"
March 2022,5 Fulton,Grid,Weekday,"5,300"
April 2022,5 Fulton,Grid,Weekday,"5,800"
May 2022,5 Fulton,Grid,Weekday,"5,600"
June 2022,5 Fulton,Grid,Weekday,"5,500"
July 2022,5 Fulton,Grid,Weekday,"5,700"
August 2022,5 Fulton,Grid,Weekday,"6,400"
September 2022,5 Fulton,Grid,Weekday,"7,100"
October 2022,5 Fulton,Grid,Weekday,"6,800"
November 2022,5 Fulton,Grid,Weekday,"6,600"
December 2022,5 Fulton,Grid,Weekday,"5,800"
January 2023,5 Fulton,Grid,Weekday,"6,000"
February 2023,5 Fulton,Grid,Weekday,"6,600"
March 2023,5 Fulton,Grid,Weekday,"6,400"
April 2023,5 Fulton,Grid,Weekday,"7,000"
May 2023,5 Fulton,Grid,Weekday,"6,800"
June 2023,5 Fulton,Grid,Weekday,"6,600"
July 2023,5 Fulton,Grid,Weekday,"6,700"
August 2023,5 Fulton,Grid,Weekday,"7,400"
September 2023,5 Fulton,Grid,Weekday,"7,600"
October 2023,5 Fulton,Grid,Weekday,"7,100"
November 2023,5 Fulton,Grid,Weekday,"6,500"
December 2023,5 Fulton,Grid,Weekday,"6,200"
January 2024,5 Fulton,Grid,Weekday,"6,400"
February 2024,5 Fulton,Grid,Weekday,"7,100"
March 2024,5 Fulton,Grid,Weekday,"7,100"
April 2024,5 Fulton,Grid,Weekday,"7,000"
May 2024,5 Fulton,Grid,Weekday,"7,200"
June 2024,5 Fulton,Grid,Weekday,"6,800"
July 2024,5 Fulton,Grid,Weekday,"6,700"
August 2024,5 Fulton,Grid,Weekday,"7,300"
September 2024,5 Fulton,Grid,Weekday,"7,700"
October 2024,5 Fulton,Grid,Weekday,"7,900"
November 2024,5 Fulton,Grid,Weekday,"6,700"
December 2024,5 Fulton,Grid,Weekday,"6,100"
January 2025,5 Fulton,Grid,Weekday,"6,500"
February 2025,5 Fulton,Grid,Weekday,"6,700"
March 2025,5 Fulton,Grid,Weekday,"6,700"
April 2025,5 Fulton,Grid,Weekday,"6,900"
May 2025,5 Fulton,Grid,Weekday,"6,900"
June 2025,5 Fulton,Grid,Weekday,"6,000"
July 2025,5 Fulton,Grid,Weekday,"5,200"
August 2025,5 Fulton,Grid,Weekday,"5,900"
September 2025,5 Fulton,Grid,Weekday,"6,300"
October 2025,5 Fulton,Grid,Weekday,"6,200"
November 2025,5 Fulton,Grid,Weekday,"5,500"
December 2025,5 Fulton,Grid,Weekday,"4,700"
January 2026,5 Fulton,Grid,Weekday,"5,200"
February 2026,5 Fulton,Grid,Weekday,"5,500"
March 2026,5 Fulton,Grid,Weekday,"5,600"
April 2026,5 Fulton,Grid,Weekday,"5,600"
May 2026,5 Fulton,Grid,Weekday,"5,600"
June 2026,5 Fulton,Grid,Weekday,"5,100"
July 2026,5 Fulton,Grid,Weekday,"5,000"
August 2026,5 Fulton,Grid,Weekday,"5,400"
January 2019,5R Fulton Rapid,Rapid Bus,Weekday,"12,900"
February 2019,5R Fulton Rapid,Rapid Bus,Weekday,"13,600"
March 2019,5R Fulton Rapid,Rapid Bus,Weekday,"13,100"
April 2019,5R Fulton Rapid,Rapid Bus,Weekday,"14,200"
May 2019,5R Fulton Rapid,Rapid Bus,Weekday,"13,100"
June 2019,5R Fulton Rapid,Rapid Bus,Weekday,"12,500"
July 2019,5R Fulton Rapid,Rapid Bus,Weekday,"12,100"
August 2019,5R Fulton Rapid,Rapid Bus,Weekday,"12,700"
September 2019,5R Fulton Rapid,Rapid Bus,Weekday,"13,900"
October 2019,5R Fulton Rapid,Rapid Bus,Weekday,"14,000"
November 2019,5R Fulton Rapid,Rapid Bus,Weekday,"12,900"
December 2019,5R Fulton Rapid,Rapid Bus,Weekday,"10,900"
January 2020,5R Fulton Rapid,Rapid Bus,Weekday,"12,400"
February 2020,5R Fulton Rapid,Rapid Bus,Weekday,"13,400"
March 2020,5R Fulton Rapid,Rapid Bus,Weekday,"7,000"
August 2021,5R Fulton Rapid,Rapid Bus,Weekday,"2,600"
September 2021,5R Fulton Rapid,Rapid Bus,Weekday,"5,000"
October 2021,5R Fulton Rapid,Rapid Bus,Weekday,"4,900"
November 2021,5R Fulton Rapid,Rapid Bus,Weekday,"5,300"
December 2021,5R Fulton Rapid,Rapid Bus,Weekday,"4,700"
January 2022,5R Fulton Rapid,Rapid Bus,Weekday,"4,700"
February 2022,5R Fulton Rapid,Rapid Bus,Weekday,"5,400"
March 2022,5R Fulton Rapid,Rapid Bus,Weekday,"5,500"
April 2022,5R Fulton Rapid,Rapid Bus,Weekday,"6,000"
May 2022,5R Fulton Rapid,Rapid Bus,Weekday,"6,100"
June 2022,5R Fulton Rapid,Rapid Bus,Weekday,"6,200"
July 2022,5R Fulton Rapid,Rapid Bus,Weekday,"6,000"
August 2022,5R Fulton Rapid,Rapid Bus,Weekday,"6,800"
September 2022,5R Fulton Rapid,Rapid Bus,Weekday,"7,400"
October 2022,5R Fulton Rapid,Rapid Bus,Weekday,"7,100"
November 2022,5R Fulton Rapid,Rapid Bus,Weekday,"6,700"
December 2022,5R Fulton Rapid,Rapid Bus,Weekday,"5,800"
January 2023,5R Fulton Rapid,Rapid Bus,Weekday,"6,000"
February 2023,5R Fulton Rapid,Rapid Bus,Weekday,"6,800"
March 2023,5R Fulton Rapid,Rapid Bus,Weekday,"6,800"
April 2023,5R Fulton Rapid,Rapid Bus,Weekday,"7,400"
May 2023,5R Fulton Rapid,Rapid Bus,Weekday,"7,200"
June 2023,5R Fulton Rapid,Rapid Bus,Weekday,"7,000"
July 2023,5R Fulton Rapid,Rapid Bus,Weekday,"7,000"
August 2023,5R Fulton Rapid,Rapid Bus,Weekday,"7,800"
September 2023,5R Fulton Rapid,Rapid Bus,Weekday,"8,200"
October 2023,5R Fulton Rapid,Rapid Bus,Weekday,"7,900"
November 2023,5R Fulton Rapid,Rapid Bus,Weekday,"7,100"
December 2023,5R Fulton Rapid,Rapid Bus,Weekday,"6,400"
January 2024,5R Fulton Rapid,Rapid Bus,Weekday,"6,800"
February 2024,5R Fulton Rapid,Rapid Bus,Weekday,"7,300"
March 2024,5R Fulton Rapid,Rapid Bus,Weekday,"7,100"
April 2024,5R Fulton Rapid,Rapid Bus,Weekday,"7,400"
May 2024,5R Fulton Rapid,Rapid Bus,Weekday,"7,300"
June 2024,5R Fulton Rapid,Rapid Bus,Weekday,"6,800"
July 2024,5R Fulton Rapid,Rapid Bus,Weekday,"6,900"
August 2024,5R Fulton Rapid,Rapid Bus,Weekday,"7,700"
September 2024,5R Fulton Rapid,Rapid Bus,Weekday,"8,000"
October 2024,5R Fulton Rapid,Rapid Bus,Weekday,"8,100"
November 2024,5R Fulton Rapid,Rapid Bus,Weekday,"7,000"
December 2024,5R Fulton Rapid,Rapid Bus,Weekday,"6,100"
January 2025,5R Fulton Rapid,Rapid Bus,Weekday,"6,900"
February 2025,5R Fulton Rapid,Rapid Bus,Weekday,"7,300"
March 2025,5R Fulton Rapid,Rapid Bus,Weekday,"7,500"
April 2025,5R Fulton Rapid,Rapid Bus,Weekday,"7,700"
May 2025,5R Fulton Rapid,Rapid Bus,Weekday,"7,500"
June 2025,5R Fulton Rapid,Rapid Bus,Weekday,"7,400"
July 2025,5R Fulton Rapid,Rapid Bus,Weekday,"8,300"
August 2025,5R Fulton Rapid,Rapid Bus,Weekday,"9,000"
September 2025,5R Fulton Rapid,Rapid Bus,Weekday,"9,300"
October 2025,5R Fulton Rapid,Rapid Bus,Weekday,"9,300"
November 2025,5R Fulton Rapid,Rapid Bus,Weekday,"8,400"
December 2025,5R Fulton Rapid,Rapid Bus,Weekday,"7,200"
January 2026,5R Fulton Rapid,Rapid Bus,Weekday,"7,900"
February 2026,5R Fulton Rapid,Rapid Bus,Weekday,"8,900"
March 2026,5R Fulton Rapid,Rapid Bus,Weekday,"9,400"
April 2026,5R Fulton Rapid,Rapid Bus,Weekday,"9,300"
May 2026,5R Fulton Rapid,Rapid Bus,Weekday,"9,300"
June 2026,5R Fulton Rapid,Rapid Bus,Weekday,"8,800"
July 2026,5R Fulton Rapid,Rapid Bus,Weekday,"8,900"
August 2026,5R Fulton Rapid,Rapid Bus,Weekday,"9,400"
January 2019,6 Haight/Parnassus,Grid,Weekday,"8,100"
February 2019,6 Haight/Parnassus,Grid,Weekday,"8,500"
March 2019,6 Haight/Parnassus,Grid,Weekday,"8,500"
April 2019,6 Haight/Parnassus,Grid,Weekday,"8,900"
May 2019,6 Haight/Parnassus,Grid,Weekday,"7,800"
June 2019,6 Haight/Parnassus,Grid,Weekday,"8,500"
July 2019,6 Haight/Parnassus,Grid,Weekday,"8,300"
August 2019,6 Haight/Parnassus,Grid,Weekday,"8,600"
September 2019,6 Haight/Parnassus,Grid,Weekday,"9,000"
October 2019,6 Haight/Parnassus,Grid,Weekday,"8,800"
November 2019,6 Haight/Parnassus,Grid,Weekday,"8,200"
December 2019,6 Haight/Parnassus,Grid,Weekday,"7,500"
January 2020,6 Haight/Parnassus,Grid,Weekday,"8,300"
February 2020,6 Haight/Parnassus,Grid,Weekday,"8,600"
March 2020,6 Haight/Parnassus,Grid,Weekday,"5,400"
April 2020,6 Haight/Parnassus,Grid,Weekday,700
July 2022,6 Haight/Parnassus,Grid,Weekday,"2,200"
August 2022,6 Haight/Parnassus,Grid,Weekday,"3,400"
September 2022,6 Haight/Parnassus,Grid,Weekday,"3,600"
October 2022,6 Haight/Parnassus,Grid,Weekday,"3,600"
November 2022,6 Haight/Parnassus,Grid,Weekday,"3,500"
December 2022,6 Haight/Parnassus,Grid,Weekday,"3,300"
January 2023,6 Haight/Parnassus,Grid,Weekday,"3,600"
February 2023,6 Haight/Parnassus,Grid,Weekday,"3,800"
March 2023,6 Haight/Parnassus,Grid,Weekday,"3,900"
April 2023,6 Haight/Parnassus,Grid,Weekday,"4,000"
May 2023,6 Haight/Parnassus,Grid,Weekday,"3,900"
June 2023,6 Haight/Parnassus,Grid,Weekday,"3,900"
July 2023,6 Haight/Parnassus,Grid,Weekday,"3,900"
August 2023,6 Haight/Parnassus,Grid,Weekday,"4,200"
September 2023,6 Haight/Parnassus,Grid,Weekday,"4,300"
October 2023,6 Haight/Parnassus,Grid,Weekday,"3,900"
November 2023,6 Haight/Parnassus,Grid,Weekday,"4,000"
December 2023,6 Haight/Parnassus,Grid,Weekday,"4,100"
January 2024,6 Haight/Parnassus,Grid,Weekday,"4,300"
February 2024,6 Haight/Parnassus,Grid,Weekday,"4,400"
March 2024,6 Haight/Parnassus,Grid,Weekday,"4,400"
April 2024,6 Haight/Parnassus,Grid,Weekday,"4,200"
May 2024,6 Haight/Parnassus,Grid,Weekday,"4,500"
June 2024,6 Haight/Parnassus,Grid,Weekday,"4,400"
July 2024,6 Haight/Parnassus,Grid,Weekday,"4,500"
August 2024,6 Haight/Parnassus,Grid,Weekday,"4,800"
September 2024,6 Haight/Parnassus,Grid,Weekday,"4,900"
October 2024,6 Haight/Parnassus,Grid,Weekday,"4,800"
November 2024,6 Haight/Parnassus,Grid,Weekday,"4,400"
December 2024,6 Haight/Parnassus,Grid,Weekday,"4,400"
January 2025,6 Haight/Parnassus,Grid,Weekday,"4,600"
February 2025,6 Haight/Parnassus,Grid,Weekday,"4,700"
March 2025,6 Haight/Parnassus,Grid,Weekday,"4,800"
April 2025,6 Haight/Parnassus,Grid,Weekday,"4,900"
May 2025,6 Haight/Parnassus,Grid,Weekday,"4,900"
June 2025,6 Haight/Parnassus,Grid,Weekday,"4,000"
July 2025,6 Haight/Parnassus,Grid,Weekday,"2,300"
August 2025,6 Haight/Parnassus,Grid,Weekday,"2,700"
September 2025,6 Haight/Parnassus,Grid,Weekday,"2,800"
October 2025,6 Haight/Parnassus,Grid,Weekday,"2,700"
November 2025,6 Haight/Parnassus,Grid,Weekday,"2,500"
December 2025,6 Haight/Parnassus,Grid,Weekday,"2,300"
January 2026,6 Haight/Parnassus,Grid,Weekday,"2,600"
February 2026,6 Haight/Parnassus,Grid,Weekday,"2,600"
March 2026,6 Haight/Parnassus,Grid,Weekday,"2,700"
April 2026,6 Haight/Parnassus,Grid,Weekday,"2,700"
May 2026,6 Haight/Parnassus,Grid,Weekday,"2,700"
June 2026,6 Haight/Parnassus,Grid,Weekday,"2,600"
July 2026,6 Haight/Parnassus,Grid,Weekday,"2,600"
August 2026,6 Haight/Parnassus,Grid,Weekday,"2,700"
January 2019,7 Haight/Noriega,Frequent Local,Weekday,"10,700"
February 2019,7 Haight/Noriega,Frequent Local,Weekday,"10,600"
March 2019,7 Haight/Noriega,Frequent Local,Weekday,"10,400"
April 2019,7 Haight/Noriega,Frequent Local,Weekday,"12,000"
May 2019,7 Haight/Noriega,Frequent Local,Weekday,"11,300"
June 2019,7 Haight/Noriega,Frequent Local,Weekday,"11,500"
July 2019,7 Haight/Noriega,Frequent Local,Weekday,"11,200"
August 2019,7 Haight/Noriega,Frequent Local,Weekday,"10,800"
September 2019,7 Haight/Noriega,Frequent Local,Weekday,"11,700"
October 2019,7 Haight/Noriega,Frequent Local,Weekday,"11,600"
November 2019,7 Haight/Noriega,Frequent Local,Weekday,"11,100"
December 2019,7 Haight/Noriega,Frequent Local,Weekday,"10,900"
January 2020,7 Haight/Noriega,Frequent Local,Weekday,"11,000"
February 2020,7 Haight/Noriega,Frequent Local,Weekday,"11,500"
March 2020,7 Haight/Noriega,Frequent Local,Weekday,"6,500"
April 2020,7 Haight/Noriega,Frequent Local,Weekday,600
June 2020,7 Haight/Noriega,Frequent Local,Weekday,300
July 2020,7 Haight/Noriega,Frequent Local,Weekday,600
August 2020,7 Haight/Noriega,Frequent Local,Weekday,"1,500"
September 2020,7 Haight/Noriega,Frequent Local,Weekday,"3,600"
October 2020,7 Haight/Noriega,Frequent Local,Weekday,"4,200"
November 2020,7 Haight/Noriega,Frequent Local,Weekday,"4,200"
December 2020,7 Haight/Noriega,Frequent Local,Weekday,"4,000"
January 2021,7 Haight/Noriega,Frequent Local,Weekday,"4,000"
February 2021,7 Haight/Noriega,Frequent Local,Weekday,"4,500"
March 2021,7 Haight/Noriega,Frequent Local,Weekday,"4,600"
April 2021,7 Haight/Noriega,Frequent Local,Weekday,"5,000"
May 2021,7 Haight/Noriega,Frequent Local,Weekday,"5,600"
June 2021,7 Haight/Noriega,Frequent Local,Weekday,"6,300"
July 2021,7 Haight/Noriega,Frequent Local,Weekday,"6,700"
August 2021,7 Haight/Noriega,Frequent Local,Weekday,"6,700"
September 2021,7 Haight/Noriega,Frequent Local,Weekday,"7,100"
October 2021,7 Haight/Noriega,Frequent Local,Weekday,"7,000"
November 2021,7 Haight/Noriega,Frequent Local,Weekday,"7,200"
December 2021,7 Haight/Noriega,Frequent Local,Weekday,"6,800"
January 2022,7 Haight/Noriega,Frequent Local,Weekday,"6,400"
February 2022,7 Haight/Noriega,Frequent Local,Weekday,"6,700"
March 2022,7 Haight/Noriega,Frequent Local,Weekday,"7,600"
April 2022,7 Haight/Noriega,Frequent Local,Weekday,"8,100"
May 2022,7 Haight/Noriega,Frequent Local,Weekday,"8,700"
June 2022,7 Haight/Noriega,Frequent Local,Weekday,"8,900"
July 2022,7 Haight/Noriega,Frequent Local,Weekday,"8,700"
August 2022,7 Haight/Noriega,Frequent Local,Weekday,"9,000"
September 2022,7 Haight/Noriega,Frequent Local,Weekday,"9,700"
October 2022,7 Haight/Noriega,Frequent Local,Weekday,"9,700"
November 2022,7 Haight/Noriega,Frequent Local,Weekday,"9,100"
December 2022,7 Haight/Noriega,Frequent Local,Weekday,"8,700"
January 2023,7 Haight/Noriega,Frequent Local,Weekday,"8,900"
February 2023,7 Haight/Noriega,Frequent Local,Weekday,"9,500"
March 2023,7 Haight/Noriega,Frequent Local,Weekday,"9,500"
April 2023,7 Haight/Noriega,Frequent Local,Weekday,"10,100"
May 2023,7 Haight/Noriega,Frequent Local,Weekday,"10,200"
June 2023,7 Haight/Noriega,Frequent Local,Weekday,"10,400"
July 2023,7 Haight/Noriega,Frequent Local,Weekday,"10,400"
August 2023,7 Haight/Noriega,Frequent Local,Weekday,"10,600"
September 2023,7 Haight/Noriega,Frequent Local,Weekday,"11,200"
October 2023,7 Haight/Noriega,Frequent Local,Weekday,"10,300"
November 2023,7 Haight/Noriega,Frequent Local,Weekday,"9,800"
December 2023,7 Haight/Noriega,Frequent Local,Weekday,"9,400"
January 2024,7 Haight/Noriega,Frequent Local,Weekday,"9,800"
February 2024,7 Haight/Noriega,Frequent Local,Weekday,"10,400"
March 2024,7 Haight/Noriega,Frequent Local,Weekday,"10,800"
April 2024,7 Haight/Noriega,Frequent Local,Weekday,"10,800"
May 2024,7 Haight/Noriega,Frequent Local,Weekday,"11,300"
June 2024,7 Haight/Noriega,Frequent Local,Weekday,"11,000"
July 2024,7 Haight/Noriega,Frequent Local,Weekday,"11,100"
August 2024,7 Haight/Noriega,Frequent Local,Weekday,"11,800"
September 2024,7 Haight/Noriega,Frequent Local,Weekday,"11,900"
October 2024,7 Haight/Noriega,Frequent Local,Weekday,"11,700"
November 2024,7 Haight/Noriega,Frequent Local,Weekday,"10,400"
December 2024,7 Haight/Noriega,Frequent Local,Weekday,"10,500"
January 2025,7 Haight/Noriega,Frequent Local,Weekday,"10,800"
February 2025,7 Haight/Noriega,Frequent Local,Weekday,"10,600"
March 2025,7 Haight/Noriega,Frequent Local,Weekday,"10,900"
April 2025,7 Haight/Noriega,Frequent Local,Weekday,"11,300"
May 2025,7 Haight/Noriega,Frequent Local,Weekday,"11,800"
June 2025,7 Haight/Noriega,Frequent Local,Weekday,"11,800"
July 2025,7 Haight/Noriega,Frequent Local,Weekday,"13,100"
August 2025,7 Haight/Noriega,Frequent Local,Weekday,"13,700"
September 2025,7 Haight/Noriega,Frequent Local,Weekday,"13,900"
October 2025,7 Haight/Noriega,Frequent Local,Weekday,"14,000"
November 2025,7 Haight/Noriega,Frequent Local,Weekday,"13,000"
December 2025,7 Haight/Noriega,Frequent Local,Weekday,"12,600"
January 2026,7 Haight/Noriega,Frequent Local,Weekday,"12,800"
February 2026,7 Haight/Noriega,Frequent Local,Weekday,"12,700"
March 2026,7 Haight/Noriega,Frequent Local,Weekday,"13,200"
April 2026,7 Haight/Noriega,Frequent Local,Weekday,"12,900"
May 2026,7 Haight/Noriega,Frequent Local,Weekday,"13,400"
June 2026,7 Haight/Noriega,Frequent Local,Weekday,"13,300"
July 2026,7 Haight/Noriega,Frequent Local,Weekday,"13,200"
August 2026,7 Haight/Noriega,Frequent Local,Weekday,"13,500"
January 2019,7X Noriega Express,Specialized,Weekday,"1,600"
February 2019,7X Noriega Express,Specialized,Weekday,"1,700"
March 2019,7X Noriega Express,Specialized,Weekday,"1,600"
April 2019,7X Noriega Express,Specialized,Weekday,"1,600"
May 2019,7X Noriega Express,Specialized,Weekday,"1,700"
June 2019,7X Noriega Express,Specialized,Weekday,"1,700"
July 2019,7X Noriega Express,Specialized,Weekday,"1,600"
August 2019,7X Noriega Express,Specialized,Weekday,"1,300"
September 2019,7X Noriega Express,Specialized,Weekday,"1,600"
October 2019,7X Noriega Express,Specialized,Weekday,"1,600"
November 2019,7X Noriega Express,Specialized,Weekday,"1,500"
December 2019,7X Noriega Express,Specialized,Weekday,"1,200"
January 2020,7X Noriega Express,Specialized,Weekday,"1,500"
February 2020,7X Noriega Express,Specialized,Weekday,"1,500"
March 2020,7X Noriega Express,Specialized,Weekday,800
January 2019,8 Bayshore,Frequent Local,Weekday,"24,100"
February 2019,8 Bayshore,Frequent Local,Weekday,"22,900"
March 2019,8 Bayshore,Frequent Local,Weekday,"23,300"
April 2019,8 Bayshore,Frequent Local,Weekday,"22,500"
May 2019,8 Bayshore,Frequent Local,Weekday,"22,800"
June 2019,8 Bayshore,Frequent Local,Weekday,"22,400"
July 2019,8 Bayshore,Frequent Local,Weekday,"21,200"
August 2019,8 Bayshore,Frequent Local,Weekday,"21,400"
September 2019,8 Bayshore,Frequent Local,Weekday,"23,000"
October 2019,8 Bayshore,Frequent Local,Weekday,"23,000"
November 2019,8 Bayshore,Frequent Local,Weekday,"22,400"
December 2019,8 Bayshore,Frequent Local,Weekday,"22,100"
January 2020,8 Bayshore,Frequent Local,Weekday,"22,400"
February 2020,8 Bayshore,Frequent Local,Weekday,"22,600"
March 2020,8 Bayshore,Frequent Local,Weekday,"13,000"
April 2020,8 Bayshore,Frequent Local,Weekday,"7,800"
May 2020,8 Bayshore,Frequent Local,Weekday,"11,600"
June 2020,8 Bayshore,Frequent Local,Weekday,"12,700"
July 2020,8 Bayshore,Frequent Local,Weekday,"13,000"
August 2020,8 Bayshore,Frequent Local,Weekday,"12,900"
September 2020,8 Bayshore,Frequent Local,Weekday,"13,700"
October 2020,8 Bayshore,Frequent Local,Weekday,"14,800"
November 2020,8 Bayshore,Frequent Local,Weekday,"14,300"
December 2020,8 Bayshore,Frequent Local,Weekday,"12,900"
January 2021,8 Bayshore,Frequent Local,Weekday,"11,300"
February 2021,8 Bayshore,Frequent Local,Weekday,"8,900"
March 2021,8 Bayshore,Frequent Local,Weekday,"9,400"
April 2021,8 Bayshore,Frequent Local,Weekday,"9,600"
May 2021,8 Bayshore,Frequent Local,Weekday,"12,200"
June 2021,8 Bayshore,Frequent Local,Weekday,"15,400"
July 2021,8 Bayshore,Frequent Local,Weekday,"16,500"
August 2021,8 Bayshore,Frequent Local,Weekday,"17,200"
September 2021,8 Bayshore,Frequent Local,Weekday,"18,400"
October 2021,8 Bayshore,Frequent Local,Weekday,"18,500"
November 2021,8 Bayshore,Frequent Local,Weekday,"20,300"
December 2021,8 Bayshore,Frequent Local,Weekday,"19,500"
January 2022,8 Bayshore,Frequent Local,Weekday,"18,200"
February 2022,8 Bayshore,Frequent Local,Weekday,"19,300"
March 2022,8 Bayshore,Frequent Local,Weekday,"21,400"
April 2022,8 Bayshore,Frequent Local,Weekday,"18,600"
May 2022,8 Bayshore,Frequent Local,Weekday,"15,400"
June 2022,8 Bayshore,Frequent Local,Weekday,"15,800"
July 2022,8 Bayshore,Frequent Local,Weekday,"16,000"
August 2022,8 Bayshore,Frequent Local,Weekday,"16,500"
September 2022,8 Bayshore,Frequent Local,Weekday,"17,400"
October 2022,8 Bayshore,Frequent Local,Weekday,"17,000"
November 2022,8 Bayshore,Frequent Local,Weekday,"16,500"
December 2022,8 Bayshore,Frequent Local,Weekday,"15,800"
January 2023,8 Bayshore,Frequent Local,Weekday,"15,700"
February 2023,8 Bayshore,Frequent Local,Weekday,"16,200"
March 2023,8 Bayshore,Frequent Local,Weekday,"16,300"
April 2023,8 Bayshore,Frequent Local,Weekday,"17,300"
May 2023,8 Bayshore,Frequent Local,Weekday,"17,300"
June 2023,8 Bayshore,Frequent Local,Weekday,"16,900"
July 2023,8 Bayshore,Frequent Local,Weekday,"17,000"
August 2023,8 Bayshore,Frequent Local,Weekday,"17,600"
September 2023,8 Bayshore,Frequent Local,Weekday,"18,300"
October 2023,8 Bayshore,Frequent Local,Weekday,"18,000"
November 2023,8 Bayshore,Frequent Local,Weekday,"16,400"
December 2023,8 Bayshore,Frequent Local,Weekday,"16,400"
January 2024,8 Bayshore,Frequent Local,Weekday,"16,700"
February 2024,8 Bayshore,Frequent Local,Weekday,"17,200"
March 2024,8 Bayshore,Frequent Local,Weekday,"17,500"
April 2024,8 Bayshore,Frequent Local,Weekday,"17,500"
May 2024,8 Bayshore,Frequent Local,Weekday,"17,900"
June 2024,8 Bayshore,Frequent Local,Weekday,"17,900"
July 2024,8 Bayshore,Frequent Local,Weekday,"18,000"
August 2024,8 Bayshore,Frequent Local,Weekday,"18,600"
September 2024,8 Bayshore,Frequent Local,Weekday,"19,100"
October 2024,8 Bayshore,Frequent Local,Weekday,"18,900"
November 2024,8 Bayshore,Frequent Local,Weekday,"16,800"
December 2024,8 Bayshore,Frequent Local,Weekday,"17,000"
January 2025,8 Bayshore,Frequent Local,Weekday,"17,400"
February 2025,8 Bayshore,Frequent Local,Weekday,"17,400"
March 2025,8 Bayshore,Frequent Local,Weekday,"18,000"
April 2025,8 Bayshore,Frequent Local,Weekday,"18,300"
May 2025,8 Bayshore,Frequent Local,Weekday,"18,500"
June 2025,8 Bayshore,Frequent Local,Weekday,"18,000"
July 2025,8 Bayshore,Frequent Local,Weekday,"18,100"
August 2025,8 Bayshore,Frequent Local,Weekday,"18,600"
September 2025,8 Bayshore,Frequent Local,Weekday,"19,100"
October 2025,8 Bayshore,Frequent Local,Weekday,"19,000"
November 2025,8 Bayshore,Frequent Local,Weekday,"18,000"
December 2025,8 Bayshore,Frequent Local,Weekday,"17,500"
January 2026,8 Bayshore,Frequent Local,Weekday,"18,400"
February 2026,8 Bayshore,Frequent Local,Weekday,"17,700"
March 2026,8 Bayshore,Frequent Local,Weekday,"18,500"
April 2026,8 Bayshore,Frequent Local,Weekday,"18,200"
May 2026,8 Bayshore,Frequent Local,Weekday,"18,900"
June 2026,8 Bayshore,Frequent Local,Weekday,"18,400"
July 2026,8 Bayshore,Frequent Local,Weekday,"18,400"
August 2026,8 Bayshore,Frequent Local,Weekday,"18,800"
January 2019,8AX Bayshore A Express,Specialized,Weekday,"6,200"
February 2019,8AX Bayshore A Express,Specialized,Weekday,"6,000"
March 2019,8AX Bayshore A Express,Specialized,Weekday,"5,900"
April 2019,8AX Bayshore A Express,Specialized,Weekday,"6,500"
May 2019,8AX Bayshore A Express,Specialized,Weekday,"6,500"
June 2019,8AX Bayshore A Express,Specialized,Weekday,"6,200"
July 2019,8AX Bayshore A Express,Specialized,Weekday,"6,200"
August 2019,8AX Bayshore A Express,Specialized,Weekday,"6,000"
September 2019,8AX Bayshore A Express,Specialized,Weekday,"6,700"
October 2019,8AX Bayshore A Express,Specialized,Weekday,"6,500"
November 2019,8AX Bayshore A Express,Specialized,Weekday,"6,000"
December 2019,8AX Bayshore A Express,Specialized,Weekday,"5,800"
January 2020,8AX Bayshore A Express,Specialized,Weekday,"6,200"
February 2020,8AX Bayshore A Express,Specialized,Weekday,"6,200"
March 2020,8AX Bayshore A Express,Specialized,Weekday,"3,600"
April 2020,8AX Bayshore A Express,Specialized,Weekday,200
January 2021,8AX Bayshore A Express,Specialized,Weekday,"1,000"
February 2021,8AX Bayshore A Express,Specialized,Weekday,"4,100"
March 2021,8AX Bayshore A Express,Specialized,Weekday,"4,100"
April 2021,8AX Bayshore A Express,Specialized,Weekday,"4,400"
May 2021,8AX Bayshore A Express,Specialized,Weekday,"2,200"
April 2022,8AX Bayshore A Express,Specialized,Weekday,"1,300"
May 2022,8AX Bayshore A Express,Specialized,Weekday,"3,000"
June 2022,8AX Bayshore A Express,Specialized,Weekday,"2,800"
July 2022,8AX Bayshore A Express,Specialized,Weekday,"2,800"
August 2022,8AX Bayshore A Express,Specialized,Weekday,"2,900"
September 2022,8AX Bayshore A Express,Specialized,Weekday,"3,300"
October 2022,8AX Bayshore A Express,Specialized,Weekday,"3,300"
November 2022,8AX Bayshore A Express,Specialized,Weekday,"3,200"
December 2022,8AX Bayshore A Express,Specialized,Weekday,"2,900"
January 2023,8AX Bayshore A Express,Specialized,Weekday,"3,100"
February 2023,8AX Bayshore A Express,Specialized,Weekday,"3,200"
March 2023,8AX Bayshore A Express,Specialized,Weekday,"2,900"
April 2023,8AX Bayshore A Express,Specialized,Weekday,"3,300"
May 2023,8AX Bayshore A Express,Specialized,Weekday,"3,300"
June 2023,8AX Bayshore A Express,Specialized,Weekday,"3,200"
July 2023,8AX Bayshore A Express,Specialized,Weekday,"3,200"
August 2023,8AX Bayshore A Express,Specialized,Weekday,"3,300"
September 2023,8AX Bayshore A Express,Specialized,Weekday,"3,500"
October 2023,8AX Bayshore A Express,Specialized,Weekday,"3,600"
November 2023,8AX Bayshore A Express,Specialized,Weekday,"3,000"
December 2023,8AX Bayshore A Express,Specialized,Weekday,"3,000"
January 2024,8AX Bayshore A Express,Specialized,Weekday,"3,300"
February 2024,8AX Bayshore A Express,Specialized,Weekday,"3,400"
March 2024,8AX Bayshore A Express,Specialized,Weekday,"3,500"
April 2024,8AX Bayshore A Express,Specialized,Weekday,"3,400"
May 2024,8AX Bayshore A Express,Specialized,Weekday,"3,600"
June 2024,8AX Bayshore A Express,Specialized,Weekday,"3,400"
July 2024,8AX Bayshore A Express,Specialized,Weekday,"3,300"
August 2024,8AX Bayshore A Express,Specialized,Weekday,"3,500"
September 2024,8AX Bayshore A Express,Specialized,Weekday,"3,700"
October 2024,8AX Bayshore A Express,Specialized,Weekday,"3,700"
November 2024,8AX Bayshore A Express,Specialized,Weekday,"3,200"
December 2024,8AX Bayshore A Express,Specialized,Weekday,"3,100"
January 2025,8AX Bayshore A Express,Specialized,Weekday,"3,400"
February 2025,8AX Bayshore A Express,Specialized,Weekday,"3,500"
March 2025,8AX Bayshore A Express,Specialized,Weekday,"3,600"
April 2025,8AX Bayshore A Express,Specialized,Weekday,"3,700"
May 2025,8AX Bayshore A Express,Specialized,Weekday,"3,800"
June 2025,8AX Bayshore A Express,Specialized,Weekday,"3,500"
July 2025,8AX Bayshore A Express,Specialized,Weekday,"3,400"
August 2025,8AX Bayshore A Express,Specialized,Weekday,"3,600"
September 2025,8AX Bayshore A Express,Specialized,Weekday,"3,900"
October 2025,8AX Bayshore A Express,Specialized,Weekday,"3,800"
November 2025,8AX Bayshore A Express,Specialized,Weekday,"3,400"
December 2025,8AX Bayshore A Express,Specialized,Weekday,"3,100"
January 2026,8AX Bayshore A Express,Specialized,Weekday,"3,500"
February 2026,8AX Bayshore A Express,Specialized,Weekday,"3,400"
March 2026,8AX Bayshore A Express,Specialized,Weekday,"3,400"
April 2026,8AX Bayshore A Express,Specialized,Weekday,"3,400"
May 2026,8AX Bayshore A Express,Specialized,Weekday,"3,600"
June 2026,8AX Bayshore A Express,Specialized,Weekday,"3,500"
July 2026,8AX Bayshore A Express,Specialized,Weekday,"3,400"
August 2026,8AX Bayshore A Express,Specialized,Weekday,"3,700"
January 2019,8BX Bayshore B Express,Specialized,Weekday,"6,400"
February 2019,8BX Bayshore B Express,Specialized,Weekday,"6,000"
March 2019,8BX Bayshore B Express,Specialized,Weekday,"5,500"
April 2019,8BX Bayshore B Express,Specialized,Weekday,"6,400"
May 2019,8BX Bayshore B Express,Specialized,Weekday,"6,300"
June 2019,8BX Bayshore B Express,Specialized,Weekday,"5,900"
July 2019,8BX Bayshore B Express,Specialized,Weekday,"5,800"
August 2019,8BX Bayshore B Express,Specialized,Weekday,"6,300"
September 2019,8BX Bayshore B Express,Specialized,Weekday,"6,900"
October 2019,8BX Bayshore B Express,Specialized,Weekday,"6,700"
November 2019,8BX Bayshore B Express,Specialized,Weekday,"5,900"
December 2019,8BX Bayshore B Express,Specialized,Weekday,"5,700"
January 2020,8BX Bayshore B Express,Specialized,Weekday,"6,100"
February 2020,8BX Bayshore B Express,Specialized,Weekday,"6,100"
March 2020,8BX Bayshore B Express,Specialized,Weekday,"3,500"
April 2020,8BX Bayshore B Express,Specialized,Weekday,400
April 2022,8BX Bayshore B Express,Specialized,Weekday,"1,700"
May 2022,8BX Bayshore B Express,Specialized,Weekday,"3,700"
June 2022,8BX Bayshore B Express,Specialized,Weekday,"3,500"
July 2022,8BX Bayshore B Express,Specialized,Weekday,"3,400"
August 2022,8BX Bayshore B Express,Specialized,Weekday,"3,600"
September 2022,8BX Bayshore B Express,Specialized,Weekday,"4,100"
October 2022,8BX Bayshore B Express,Specialized,Weekday,"4,000"
November 2022,8BX Bayshore B Express,Specialized,Weekday,"3,700"
December 2022,8BX Bayshore B Express,Specialized,Weekday,"3,300"
January 2023,8BX Bayshore B Express,Specialized,Weekday,"3,500"
February 2023,8BX Bayshore B Express,Specialized,Weekday,"3,600"
March 2023,8BX Bayshore B Express,Specialized,Weekday,"3,600"
April 2023,8BX Bayshore B Express,Specialized,Weekday,"3,900"
May 2023,8BX Bayshore B Express,Specialized,Weekday,"3,900"
June 2023,8BX Bayshore B Express,Specialized,Weekday,"3,600"
July 2023,8BX Bayshore B Express,Specialized,Weekday,"3,600"
August 2023,8BX Bayshore B Express,Specialized,Weekday,"3,800"
September 2023,8BX Bayshore B Express,Specialized,Weekday,"4,100"
October 2023,8BX Bayshore B Express,Specialized,Weekday,"4,200"
November 2023,8BX Bayshore B Express,Specialized,Weekday,"3,500"
December 2023,8BX Bayshore B Express,Specialized,Weekday,"3,500"
January 2024,8BX Bayshore B Express,Specialized,Weekday,"3,700"
February 2024,8BX Bayshore B Express,Specialized,Weekday,"3,800"
March 2024,8BX Bayshore B Express,Specialized,Weekday,"3,800"
April 2024,8BX Bayshore B Express,Specialized,Weekday,"3,800"
May 2024,8BX Bayshore B Express,Specialized,Weekday,"4,000"
June 2024,8BX Bayshore B Express,Specialized,Weekday,"3,800"
July 2024,8BX Bayshore B Express,Specialized,Weekday,"3,800"
August 2024,8BX Bayshore B Express,Specialized,Weekday,"4,000"
September 2024,8BX Bayshore B Express,Specialized,Weekday,"4,300"
October 2024,8BX Bayshore B Express,Specialized,Weekday,"4,200"
November 2024,8BX Bayshore B Express,Specialized,Weekday,"3,600"
December 2024,8BX Bayshore B Express,Specialized,Weekday,"3,500"
January 2025,8BX Bayshore B Express,Specialized,Weekday,"3,800"
February 2025,8BX Bayshore B Express,Specialized,Weekday,"3,900"
March 2025,8BX Bayshore B Express,Specialized,Weekday,"3,900"
April 2025,8BX Bayshore B Express,Specialized,Weekday,"4,000"
May 2025,8BX Bayshore B Express,Specialized,Weekday,"4,200"
June 2025,8BX Bayshore B Express,Specialized,Weekday,"3,700"
July 2025,8BX Bayshore B Express,Specialized,Weekday,"3,700"
August 2025,8BX Bayshore B Express,Specialized,Weekday,"4,000"
September 2025,8BX Bayshore B Express,Specialized,Weekday,"4,300"
October 2025,8BX Bayshore B Express,Specialized,Weekday,"4,200"
November 2025,8BX Bayshore B Express,Specialized,Weekday,"3,700"
December 2025,8BX Bayshore B Express,Specialized,Weekday,"3,600"
January 2026,8BX Bayshore B Express,Specialized,Weekday,"3,900"
February 2026,8BX Bayshore B Express,Specialized,Weekday,"3,700"
March 2026,8BX Bayshore B Express,Specialized,Weekday,"4,100"
April 2026,8BX Bayshore B Express,Specialized,Weekday,"4,100"
May 2026,8BX Bayshore B Express,Specialized,Weekday,"4,200"
June 2026,8BX Bayshore B Express,Specialized,Weekday,"3,900"
July 2026,8BX Bayshore B Express,Specialized,Weekday,"3,900"
August 2026,8BX Bayshore B Express,Specialized,Weekday,"4,000"
January 2019,9 San Bruno,Frequent Local,Weekday,"9,400"
February 2019,9 San Bruno,Frequent Local,Weekday,"8,900"
March 2019,9 San Bruno,Frequent Local,Weekday,"9,300"
April 2019,9 San Bruno,Frequent Local,Weekday,"9,300"
May 2019,9 San Bruno,Frequent Local,Weekday,"9,600"
June 2019,9 San Bruno,Frequent Local,Weekday,"9,400"
July 2019,9 San Bruno,Frequent Local,Weekday,"8,700"
August 2019,9 San Bruno,Frequent Local,Weekday,"8,500"
September 2019,9 San Bruno,Frequent Local,Weekday,"8,700"
October 2019,9 San Bruno,Frequent Local,Weekday,"8,900"
November 2019,9 San Bruno,Frequent Local,Weekday,"8,800"
December 2019,9 San Bruno,Frequent Local,Weekday,"8,600"
January 2020,9 San Bruno,Frequent Local,Weekday,"8,700"
February 2020,9 San Bruno,Frequent Local,Weekday,"9,200"
March 2020,9 San Bruno,Frequent Local,Weekday,"6,700"
April 2020,9 San Bruno,Frequent Local,Weekday,"6,800"
May 2020,9 San Bruno,Frequent Local,Weekday,"6,800"
June 2020,9 San Bruno,Frequent Local,Weekday,"5,600"
July 2020,9 San Bruno,Frequent Local,Weekday,"5,900"
August 2020,9 San Bruno,Frequent Local,Weekday,"6,000"
September 2020,9 San Bruno,Frequent Local,Weekday,"5,600"
October 2020,9 San Bruno,Frequent Local,Weekday,"6,000"
November 2020,9 San Bruno,Frequent Local,Weekday,"5,700"
December 2020,9 San Bruno,Frequent Local,Weekday,"5,600"
January 2021,9 San Bruno,Frequent Local,Weekday,"5,300"
February 2021,9 San Bruno,Frequent Local,Weekday,"5,900"
March 2021,9 San Bruno,Frequent Local,Weekday,"6,100"
April 2021,9 San Bruno,Frequent Local,Weekday,"6,300"
May 2021,9 San Bruno,Frequent Local,Weekday,"6,700"
June 2021,9 San Bruno,Frequent Local,Weekday,"7,000"
July 2021,9 San Bruno,Frequent Local,Weekday,"7,300"
August 2021,9 San Bruno,Frequent Local,Weekday,"7,300"
September 2021,9 San Bruno,Frequent Local,Weekday,"7,500"
October 2021,9 San Bruno,Frequent Local,Weekday,"7,000"
November 2021,9 San Bruno,Frequent Local,Weekday,"7,500"
December 2021,9 San Bruno,Frequent Local,Weekday,"7,100"
January 2022,9 San Bruno,Frequent Local,Weekday,"6,900"
February 2022,9 San Bruno,Frequent Local,Weekday,"6,900"
March 2022,9 San Bruno,Frequent Local,Weekday,"8,000"
April 2022,9 San Bruno,Frequent Local,Weekday,"8,200"
May 2022,9 San Bruno,Frequent Local,Weekday,"8,300"
June 2022,9 San Bruno,Frequent Local,Weekday,"8,400"
July 2022,9 San Bruno,Frequent Local,Weekday,"8,900"
August 2022,9 San Bruno,Frequent Local,Weekday,"9,300"
September 2022,9 San Bruno,Frequent Local,Weekday,"10,000"
October 2022,9 San Bruno,Frequent Local,Weekday,"9,800"
November 2022,9 San Bruno,Frequent Local,Weekday,"9,600"
December 2022,9 San Bruno,Frequent Local,Weekday,"9,200"
January 2023,9 San Bruno,Frequent Local,Weekday,"9,300"
February 2023,9 San Bruno,Frequent Local,Weekday,"9,900"
March 2023,9 San Bruno,Frequent Local,Weekday,"9,700"
April 2023,9 San Bruno,Frequent Local,Weekday,"10,100"
May 2023,9 San Bruno,Frequent Local,Weekday,"9,900"
June 2023,9 San Bruno,Frequent Local,Weekday,"9,700"
July 2023,9 San Bruno,Frequent Local,Weekday,"9,800"
August 2023,9 San Bruno,Frequent Local,Weekday,"10,100"
September 2023,9 San Bruno,Frequent Local,Weekday,"10,900"
October 2023,9 San Bruno,Frequent Local,Weekday,"10,000"
November 2023,9 San Bruno,Frequent Local,Weekday,"10,200"
December 2023,9 San Bruno,Frequent Local,Weekday,"10,000"
January 2024,9 San Bruno,Frequent Local,Weekday,"9,800"
February 2024,9 San Bruno,Frequent Local,Weekday,"10,000"
March 2024,9 San Bruno,Frequent Local,Weekday,"9,900"
April 2024,9 San Bruno,Frequent Local,Weekday,"9,900"
May 2024,9 San Bruno,Frequent Local,Weekday,"10,300"
June 2024,9 San Bruno,Frequent Local,Weekday,"10,100"
July 2024,9 San Bruno,Frequent Local,Weekday,"9,900"
August 2024,9 San Bruno,Frequent Local,Weekday,"9,900"
September 2024,9 San Bruno,Frequent Local,Weekday,"10,600"
October 2024,9 San Bruno,Frequent Local,Weekday,"10,600"
November 2024,9 San Bruno,Frequent Local,Weekday,"9,600"
December 2024,9 San Bruno,Frequent Local,Weekday,"9,500"
January 2025,9 San Bruno,Frequent Local,Weekday,"9,600"
February 2025,9 San Bruno,Frequent Local,Weekday,"9,700"
March 2025,9 San Bruno,Frequent Local,Weekday,"10,000"
April 2025,9 San Bruno,Frequent Local,Weekday,"10,000"
May 2025,9 San Bruno,Frequent Local,Weekday,"10,200"
June 2025,9 San Bruno,Frequent Local,Weekday,"8,900"
July 2025,9 San Bruno,Frequent Local,Weekday,"6,600"
August 2025,9 San Bruno,Frequent Local,Weekday,"6,800"
September 2025,9 San Bruno,Frequent Local,Weekday,"7,100"
October 2025,9 San Bruno,Frequent Local,Weekday,"7,100"
November 2025,9 San Bruno,Frequent Local,Weekday,"6,400"
December 2025,9 San Bruno,Frequent Local,Weekday,"6,400"
January 2026,9 San Bruno,Frequent Local,Weekday,"6,500"
February 2026,9 San Bruno,Frequent Local,Weekday,"6,500"
March 2026,9 San Bruno,Frequent Local,Weekday,"6,600"
April 2026,9 San Bruno,Frequent Local,Weekday,"6,600"
May 2026,9 San Bruno,Frequent Local,Weekday,"6,800"
June 2026,9 San Bruno,Frequent Local,Weekday,"6,300"
July 2026,9 San Bruno,Frequent Local,Weekday,"6,100"
August 2026,9 San Bruno,Frequent Local,Weekday,"6,200"
January 2019,9R San Bruno Rapid,Rapid Bus,Weekday,"12,300"
February 2019,9R San Bruno Rapid,Rapid Bus,Weekday,"11,900"
March 2019,9R San Bruno Rapid,Rapid Bus,Weekday,"11,900"
April 2019,9R San Bruno Rapid,Rapid Bus,Weekday,"11,800"
May 2019,9R San Bruno Rapid,Rapid Bus,Weekday,"12,000"
June 2019,9R San Bruno Rapid,Rapid Bus,Weekday,"12,300"
July 2019,9R San Bruno Rapid,Rapid Bus,Weekday,"11,800"
August 2019,9R San Bruno Rapid,Rapid Bus,Weekday,"12,100"
September 2019,9R San Bruno Rapid,Rapid Bus,Weekday,"12,500"
October 2019,9R San Bruno Rapid,Rapid Bus,Weekday,"12,400"
November 2019,9R San Bruno Rapid,Rapid Bus,Weekday,"12,100"
December 2019,9R San Bruno Rapid,Rapid Bus,Weekday,"11,700"
January 2020,9R San Bruno Rapid,Rapid Bus,Weekday,"12,200"
February 2020,9R San Bruno Rapid,Rapid Bus,Weekday,"12,600"
March 2020,9R San Bruno Rapid,Rapid Bus,Weekday,"7,900"
May 2020,9R San Bruno Rapid,Rapid Bus,Weekday,"1,600"
June 2020,9R San Bruno Rapid,Rapid Bus,Weekday,"4,000"
July 2020,9R San Bruno Rapid,Rapid Bus,Weekday,"4,100"
August 2020,9R San Bruno Rapid,Rapid Bus,Weekday,"4,200"
September 2020,9R San Bruno Rapid,Rapid Bus,Weekday,"4,300"
October 2020,9R San Bruno Rapid,Rapid Bus,Weekday,"4,500"
November 2020,9R San Bruno Rapid,Rapid Bus,Weekday,"4,800"
December 2020,9R San Bruno Rapid,Rapid Bus,Weekday,"4,700"
January 2021,9R San Bruno Rapid,Rapid Bus,Weekday,"4,300"
February 2021,9R San Bruno Rapid,Rapid Bus,Weekday,"4,800"
March 2021,9R San Bruno Rapid,Rapid Bus,Weekday,"5,100"
April 2021,9R San Bruno Rapid,Rapid Bus,Weekday,"5,200"
May 2021,9R San Bruno Rapid,Rapid Bus,Weekday,"5,200"
June 2021,9R San Bruno Rapid,Rapid Bus,Weekday,"5,500"
July 2021,9R San Bruno Rapid,Rapid Bus,Weekday,"5,600"
August 2021,9R San Bruno Rapid,Rapid Bus,Weekday,"5,900"
September 2021,9R San Bruno Rapid,Rapid Bus,Weekday,"6,500"
October 2021,9R San Bruno Rapid,Rapid Bus,Weekday,"6,300"
November 2021,9R San Bruno Rapid,Rapid Bus,Weekday,"6,900"
December 2021,9R San Bruno Rapid,Rapid Bus,Weekday,"6,500"
January 2022,9R San Bruno Rapid,Rapid Bus,Weekday,"6,300"
February 2022,9R San Bruno Rapid,Rapid Bus,Weekday,"6,300"
March 2022,9R San Bruno Rapid,Rapid Bus,Weekday,"6,200"
April 2022,9R San Bruno Rapid,Rapid Bus,Weekday,"6,400"
May 2022,9R San Bruno Rapid,Rapid Bus,Weekday,"6,600"
June 2022,9R San Bruno Rapid,Rapid Bus,Weekday,"6,400"
July 2022,9R San Bruno Rapid,Rapid Bus,Weekday,"6,300"
August 2022,9R San Bruno Rapid,Rapid Bus,Weekday,"6,800"
September 2022,9R San Bruno Rapid,Rapid Bus,Weekday,"7,100"
October 2022,9R San Bruno Rapid,Rapid Bus,Weekday,"7,400"
November 2022,9R San Bruno Rapid,Rapid Bus,Weekday,"7,000"
December 2022,9R San Bruno Rapid,Rapid Bus,Weekday,"6,600"
January 2023,9R San Bruno Rapid,Rapid Bus,Weekday,"6,900"
February 2023,9R San Bruno Rapid,Rapid Bus,Weekday,"7,200"
March 2023,9R San Bruno Rapid,Rapid Bus,Weekday,"6,800"
April 2023,9R San Bruno Rapid,Rapid Bus,Weekday,"7,300"
May 2023,9R San Bruno Rapid,Rapid Bus,Weekday,"7,400"
June 2023,9R San Bruno Rapid,Rapid Bus,Weekday,"7,200"
July 2023,9R San Bruno Rapid,Rapid Bus,Weekday,"7,100"
August 2023,9R San Bruno Rapid,Rapid Bus,Weekday,"7,500"
September 2023,9R San Bruno Rapid,Rapid Bus,Weekday,"7,800"
October 2023,9R San Bruno Rapid,Rapid Bus,Weekday,"7,300"
November 2023,9R San Bruno Rapid,Rapid Bus,Weekday,"7,700"
December 2023,9R San Bruno Rapid,Rapid Bus,Weekday,"7,400"
January 2024,9R San Bruno Rapid,Rapid Bus,Weekday,"7,700"
February 2024,9R San Bruno Rapid,Rapid Bus,Weekday,"8,100"
March 2024,9R San Bruno Rapid,Rapid Bus,Weekday,"8,200"
April 2024,9R San Bruno Rapid,Rapid Bus,Weekday,"8,000"
May 2024,9R San Bruno Rapid,Rapid Bus,Weekday,"8,200"
June 2024,9R San Bruno Rapid,Rapid Bus,Weekday,"8,000"
July 2024,9R San Bruno Rapid,Rapid Bus,Weekday,"8,000"
August 2024,9R San Bruno Rapid,Rapid Bus,Weekday,"8,100"
September 2024,9R San Bruno Rapid,Rapid Bus,Weekday,"8,600"
October 2024,9R San Bruno Rapid,Rapid Bus,Weekday,"8,600"
November 2024,9R San Bruno Rapid,Rapid Bus,Weekday,"8,300"
December 2024,9R San Bruno Rapid,Rapid Bus,Weekday,"8,400"
January 2025,9R San Bruno Rapid,Rapid Bus,Weekday,"8,400"
February 2025,9R San Bruno Rapid,Rapid Bus,Weekday,"8,400"
March 2025,9R San Bruno Rapid,Rapid Bus,Weekday,"8,300"
April 2025,9R San Bruno Rapid,Rapid Bus,Weekday,"8,600"
May 2025,9R San Bruno Rapid,Rapid Bus,Weekday,"8,700"
June 2025,9R San Bruno Rapid,Rapid Bus,Weekday,"8,800"
July 2025,9R San Bruno Rapid,Rapid Bus,Weekday,"10,100"
August 2025,9R San Bruno Rapid,Rapid Bus,Weekday,"10,200"
September 2025,9R San Bruno Rapid,Rapid Bus,Weekday,"10,600"
October 2025,9R San Bruno Rapid,Rapid Bus,Weekday,"10,600"
November 2025,9R San Bruno Rapid,Rapid Bus,Weekday,"9,900"
December 2025,9R San Bruno Rapid,Rapid Bus,Weekday,"9,500"
January 2026,9R San Bruno Rapid,Rapid Bus,Weekday,"10,100"
February 2026,9R San Bruno Rapid,Rapid Bus,Weekday,"9,800"
March 2026,9R San Bruno Rapid,Rapid Bus,Weekday,"10,100"
April 2026,9R San Bruno Rapid,Rapid Bus,Weekday,"9,900"
May 2026,9R San Bruno Rapid,Rapid Bus,Weekday,"9,900"
June 2026,9R San Bruno Rapid,Rapid Bus,Weekday,"10,000"
July 2026,9R San Bruno Rapid,Rapid Bus,Weekday,"10,000"
August 2026,9R San Bruno Rapid,Rapid Bus,Weekday,"10,000"
January 2019,10 Townsend,Grid,Weekday,"7,100"
February 2019,10 Townsend,Grid,Weekday,"7,200"
March 2019,10 Townsend,Grid,Weekday,"7,400"
April 2019,10 Townsend,Grid,Weekday,"7,500"
May 2019,10 Townsend,Grid,Weekday,"7,500"
June 2019,10 Townsend,Grid,Weekday,"7,600"
July 2019,10 Townsend,Grid,Weekday,"7,300"
August 2019,10 Townsend,Grid,Weekday,"7,400"
September 2019,10 Townsend,Grid,Weekday,"8,000"
October 2019,10 Townsend,Grid,Weekday,"8,000"
November 2019,10 Townsend,Grid,Weekday,"7,200"
December 2019,10 Townsend,Grid,Weekday,"6,700"
January 2020,10 Townsend,Grid,Weekday,"7,600"
February 2020,10 Townsend,Grid,Weekday,"7,700"
March 2020,10 Townsend,Grid,Weekday,"3,400"
April 2020,10 Townsend,Grid,Weekday,200
January 2019,12 Folsom/Pacific,Grid,Weekday,"6,900"
February 2019,12 Folsom/Pacific,Grid,Weekday,"6,700"
March 2019,12 Folsom/Pacific,Grid,Weekday,"6,700"
April 2019,12 Folsom/Pacific,Grid,Weekday,"6,700"
May 2019,12 Folsom/Pacific,Grid,Weekday,"6,800"
June 2019,12 Folsom/Pacific,Grid,Weekday,"6,800"
July 2019,12 Folsom/Pacific,Grid,Weekday,"6,500"
August 2019,12 Folsom/Pacific,Grid,Weekday,"6,700"
September 2019,12 Folsom/Pacific,Grid,Weekday,"7,300"
October 2019,12 Folsom/Pacific,Grid,Weekday,"7,300"
November 2019,12 Folsom/Pacific,Grid,Weekday,"7,000"
December 2019,12 Folsom/Pacific,Grid,Weekday,"6,400"
January 2020,12 Folsom/Pacific,Grid,Weekday,"7,200"
February 2020,12 Folsom/Pacific,Grid,Weekday,"6,900"
March 2020,12 Folsom/Pacific,Grid,Weekday,"3,900"
April 2020,12 Folsom/Pacific,Grid,Weekday,500
May 2020,12 Folsom/Pacific,Grid,Weekday,700
June 2020,12 Folsom/Pacific,Grid,Weekday,900
July 2020,12 Folsom/Pacific,Grid,Weekday,700
August 2020,12 Folsom/Pacific,Grid,Weekday,800
September 2020,12 Folsom/Pacific,Grid,Weekday,"1,200"
October 2020,12 Folsom/Pacific,Grid,Weekday,"1,400"
November 2020,12 Folsom/Pacific,Grid,Weekday,"1,300"
December 2020,12 Folsom/Pacific,Grid,Weekday,"1,300"
January 2021,12 Folsom/Pacific,Grid,Weekday,"1,200"
February 2021,12 Folsom/Pacific,Grid,Weekday,"1,500"
March 2021,12 Folsom/Pacific,Grid,Weekday,"1,500"
April 2021,12 Folsom/Pacific,Grid,Weekday,"1,600"
May 2021,12 Folsom/Pacific,Grid,Weekday,"1,800"
June 2021,12 Folsom/Pacific,Grid,Weekday,"2,000"
July 2021,12 Folsom/Pacific,Grid,Weekday,"2,100"
August 2021,12 Folsom/Pacific,Grid,Weekday,"2,700"
September 2021,12 Folsom/Pacific,Grid,Weekday,"3,400"
October 2021,12 Folsom/Pacific,Grid,Weekday,"3,500"
November 2021,12 Folsom/Pacific,Grid,Weekday,"3,600"
December 2021,12 Folsom/Pacific,Grid,Weekday,"3,300"
January 2022,12 Folsom/Pacific,Grid,Weekday,"3,200"
February 2022,12 Folsom/Pacific,Grid,Weekday,"3,600"
March 2022,12 Folsom/Pacific,Grid,Weekday,"4,200"
April 2022,12 Folsom/Pacific,Grid,Weekday,"4,500"
May 2022,12 Folsom/Pacific,Grid,Weekday,"4,900"
June 2022,12 Folsom/Pacific,Grid,Weekday,"5,100"
July 2022,12 Folsom/Pacific,Grid,Weekday,"5,100"
August 2022,12 Folsom/Pacific,Grid,Weekday,"5,400"
September 2022,12 Folsom/Pacific,Grid,Weekday,"5,900"
October 2022,12 Folsom/Pacific,Grid,Weekday,"6,000"
November 2022,12 Folsom/Pacific,Grid,Weekday,"5,600"
December 2022,12 Folsom/Pacific,Grid,Weekday,"5,200"
January 2023,12 Folsom/Pacific,Grid,Weekday,"5,700"
February 2023,12 Folsom/Pacific,Grid,Weekday,"5,900"
March 2023,12 Folsom/Pacific,Grid,Weekday,"5,900"
April 2023,12 Folsom/Pacific,Grid,Weekday,"6,200"
May 2023,12 Folsom/Pacific,Grid,Weekday,"6,400"
June 2023,12 Folsom/Pacific,Grid,Weekday,"6,400"
July 2023,12 Folsom/Pacific,Grid,Weekday,"6,400"
August 2023,12 Folsom/Pacific,Grid,Weekday,"6,700"
September 2023,12 Folsom/Pacific,Grid,Weekday,"7,100"
October 2023,12 Folsom/Pacific,Grid,Weekday,"7,200"
November 2023,12 Folsom/Pacific,Grid,Weekday,"6,600"
December 2023,12 Folsom/Pacific,Grid,Weekday,"6,200"
January 2024,12 Folsom/Pacific,Grid,Weekday,"6,800"
February 2024,12 Folsom/Pacific,Grid,Weekday,"7,000"
March 2024,12 Folsom/Pacific,Grid,Weekday,"7,200"
April 2024,12 Folsom/Pacific,Grid,Weekday,"7,200"
May 2024,12 Folsom/Pacific,Grid,Weekday,"7,400"
June 2024,12 Folsom/Pacific,Grid,Weekday,"7,200"
July 2024,12 Folsom/Pacific,Grid,Weekday,"7,100"
August 2024,12 Folsom/Pacific,Grid,Weekday,"7,300"
September 2024,12 Folsom/Pacific,Grid,Weekday,"7,700"
October 2024,12 Folsom/Pacific,Grid,Weekday,"7,800"
November 2024,12 Folsom/Pacific,Grid,Weekday,"6,900"
December 2024,12 Folsom/Pacific,Grid,Weekday,"6,700"
January 2025,12 Folsom/Pacific,Grid,Weekday,"7,400"
February 2025,12 Folsom/Pacific,Grid,Weekday,"7,400"
March 2025,12 Folsom/Pacific,Grid,Weekday,"7,500"
April 2025,12 Folsom/Pacific,Grid,Weekday,"7,400"
May 2025,12 Folsom/Pacific,Grid,Weekday,"7,400"
June 2025,12 Folsom/Pacific,Grid,Weekday,"7,300"
July 2025,12 Folsom/Pacific,Grid,Weekday,"7,400"
August 2025,12 Folsom/Pacific,Grid,Weekday,"7,600"
September 2025,12 Folsom/Pacific,Grid,Weekday,"8,000"
October 2025,12 Folsom/Pacific,Grid,Weekday,"8,000"
November 2025,12 Folsom/Pacific,Grid,Weekday,"7,400"
December 2025,12 Folsom/Pacific,Grid,Weekday,"6,900"
January 2026,12 Folsom/Pacific,Grid,Weekday,"7,800"
February 2026,12 Folsom/Pacific,Grid,Weekday,"7,300"
March 2026,12 Folsom/Pacific,Grid,Weekday,"7,700"
April 2026,12 Folsom/Pacific,Grid,Weekday,"7,600"
May 2026,12 Folsom/Pacific,Grid,Weekday,"7,800"
June 2026,12 Folsom/Pacific,Grid,Weekday,"7,700"
July 2026,12 Folsom/Pacific,Grid,Weekday,"7,700"
August 2026,12 Folsom/Pacific,Grid,Weekday,"7,900"
January 2019,14 Mission,Frequent Local,Weekday,"27,900"
February 2019,14 Mission,Frequent Local,Weekday,"27,800"
March 2019,14 Mission,Frequent Local,Weekday,"27,600"
April 2019,14 Mission,Frequent Local,Weekday,"27,900"
May 2019,14 Mission,Frequent Local,Weekday,"28,900"
June 2019,14 Mission,Frequent Local,Weekday,"28,200"
July 2019,14 Mission,Frequent Local,Weekday,"26,900"
August 2019,14 Mission,Frequent Local,Weekday,"27,900"
September 2019,14 Mission,Frequent Local,Weekday,"29,100"
October 2019,14 Mission,Frequent Local,Weekday,"28,700"
November 2019,14 Mission,Frequent Local,Weekday,"27,500"
December 2019,14 Mission,Frequent Local,Weekday,"26,000"
January 2020,14 Mission,Frequent Local,Weekday,"26,700"
February 2020,14 Mission,Frequent Local,Weekday,"28,300"
March 2020,14 Mission,Frequent Local,Weekday,"19,100"
April 2020,14 Mission,Frequent Local,Weekday,"10,500"
May 2020,14 Mission,Frequent Local,Weekday,"12,300"
June 2020,14 Mission,Frequent Local,Weekday,"12,800"
July 2020,14 Mission,Frequent Local,Weekday,"12,500"
August 2020,14 Mission,Frequent Local,Weekday,"13,100"
September 2020,14 Mission,Frequent Local,Weekday,"14,500"
October 2020,14 Mission,Frequent Local,Weekday,"14,900"
November 2020,14 Mission,Frequent Local,Weekday,"14,800"
December 2020,14 Mission,Frequent Local,Weekday,"14,400"
January 2021,14 Mission,Frequent Local,Weekday,"13,700"
February 2021,14 Mission,Frequent Local,Weekday,"15,700"
March 2021,14 Mission,Frequent Local,Weekday,"16,400"
April 2021,14 Mission,Frequent Local,Weekday,"17,000"
May 2021,14 Mission,Frequent Local,Weekday,"17,700"
June 2021,14 Mission,Frequent Local,Weekday,"18,500"
July 2021,14 Mission,Frequent Local,Weekday,"19,100"
August 2021,14 Mission,Frequent Local,Weekday,"19,800"
September 2021,14 Mission,Frequent Local,Weekday,"19,900"
October 2021,14 Mission,Frequent Local,Weekday,"18,300"
November 2021,14 Mission,Frequent Local,Weekday,"21,700"
December 2021,14 Mission,Frequent Local,Weekday,"20,500"
January 2022,14 Mission,Frequent Local,Weekday,"21,700"
February 2022,14 Mission,Frequent Local,Weekday,"23,200"
March 2022,14 Mission,Frequent Local,Weekday,"22,700"
April 2022,14 Mission,Frequent Local,Weekday,"22,400"
May 2022,14 Mission,Frequent Local,Weekday,"22,800"
June 2022,14 Mission,Frequent Local,Weekday,"22,900"
July 2022,14 Mission,Frequent Local,Weekday,"20,300"
August 2022,14 Mission,Frequent Local,Weekday,"20,200"
September 2022,14 Mission,Frequent Local,Weekday,"22,200"
October 2022,14 Mission,Frequent Local,Weekday,"21,500"
November 2022,14 Mission,Frequent Local,Weekday,"20,800"
December 2022,14 Mission,Frequent Local,Weekday,"20,100"
January 2023,14 Mission,Frequent Local,Weekday,"20,900"
February 2023,14 Mission,Frequent Local,Weekday,"22,100"
March 2023,14 Mission,Frequent Local,Weekday,"22,400"
April 2023,14 Mission,Frequent Local,Weekday,"23,400"
May 2023,14 Mission,Frequent Local,Weekday,"23,100"
June 2023,14 Mission,Frequent Local,Weekday,"22,600"
July 2023,14 Mission,Frequent Local,Weekday,"22,000"
August 2023,14 Mission,Frequent Local,Weekday,"22,400"
September 2023,14 Mission,Frequent Local,Weekday,"23,100"
October 2023,14 Mission,Frequent Local,Weekday,"23,300"
November 2023,14 Mission,Frequent Local,Weekday,"21,600"
December 2023,14 Mission,Frequent Local,Weekday,"21,700"
January 2024,14 Mission,Frequent Local,Weekday,"21,700"
February 2024,14 Mission,Frequent Local,Weekday,"23,000"
March 2024,14 Mission,Frequent Local,Weekday,"23,500"
April 2024,14 Mission,Frequent Local,Weekday,"23,100"
May 2024,14 Mission,Frequent Local,Weekday,"23,900"
June 2024,14 Mission,Frequent Local,Weekday,"23,500"
July 2024,14 Mission,Frequent Local,Weekday,"22,700"
August 2024,14 Mission,Frequent Local,Weekday,"23,500"
September 2024,14 Mission,Frequent Local,Weekday,"24,500"
October 2024,14 Mission,Frequent Local,Weekday,"24,800"
November 2024,14 Mission,Frequent Local,Weekday,"22,300"
December 2024,14 Mission,Frequent Local,Weekday,"22,900"
January 2025,14 Mission,Frequent Local,Weekday,"23,200"
February 2025,14 Mission,Frequent Local,Weekday,"23,000"
March 2025,14 Mission,Frequent Local,Weekday,"23,000"
April 2025,14 Mission,Frequent Local,Weekday,"23,300"
May 2025,14 Mission,Frequent Local,Weekday,"23,200"
June 2025,14 Mission,Frequent Local,Weekday,"22,300"
July 2025,14 Mission,Frequent Local,Weekday,"22,600"
August 2025,14 Mission,Frequent Local,Weekday,"23,300"
September 2025,14 Mission,Frequent Local,Weekday,"24,100"
October 2025,14 Mission,Frequent Local,Weekday,"23,500"
November 2025,14 Mission,Frequent Local,Weekday,"22,600"
December 2025,14 Mission,Frequent Local,Weekday,"22,000"
January 2026,14 Mission,Frequent Local,Weekday,"22,100"
February 2026,14 Mission,Frequent Local,Weekday,"21,700"
March 2026,14 Mission,Frequent Local,Weekday,"22,100"
April 2026,14 Mission,Frequent Local,Weekday,"21,700"
May 2026,14 Mission,Frequent Local,Weekday,"22,400"
June 2026,14 Mission,Frequent Local,Weekday,"22,200"
July 2026,14 Mission,Frequent Local,Weekday,"21,800"
August 2026,14 Mission,Frequent Local,Weekday,"22,000"
January 2019,14R Mission Rapid,Rapid Bus,Weekday,"20,200"
February 2019,14R Mission Rapid,Rapid Bus,Weekday,"20,000"
March 2019,14R Mission Rapid,Rapid Bus,Weekday,"20,100"
April 2019,14R Mission Rapid,Rapid Bus,Weekday,"20,500"
May 2019,14R Mission Rapid,Rapid Bus,Weekday,"20,700"
June 2019,14R Mission Rapid,Rapid Bus,Weekday,"20,600"
July 2019,14R Mission Rapid,Rapid Bus,Weekday,"19,400"
August 2019,14R Mission Rapid,Rapid Bus,Weekday,"20,000"
September 2019,14R Mission Rapid,Rapid Bus,Weekday,"21,100"
October 2019,14R Mission Rapid,Rapid Bus,Weekday,"21,300"
November 2019,14R Mission Rapid,Rapid Bus,Weekday,"20,300"
December 2019,14R Mission Rapid,Rapid Bus,Weekday,"20,200"
January 2020,14R Mission Rapid,Rapid Bus,Weekday,"20,300"
February 2020,14R Mission Rapid,Rapid Bus,Weekday,"20,800"
March 2020,14R Mission Rapid,Rapid Bus,Weekday,"13,100"
April 2020,14R Mission Rapid,Rapid Bus,Weekday,"6,200"
May 2020,14R Mission Rapid,Rapid Bus,Weekday,"7,800"
June 2020,14R Mission Rapid,Rapid Bus,Weekday,"11,400"
July 2020,14R Mission Rapid,Rapid Bus,Weekday,"13,300"
August 2020,14R Mission Rapid,Rapid Bus,Weekday,"13,300"
September 2020,14R Mission Rapid,Rapid Bus,Weekday,"13,300"
October 2020,14R Mission Rapid,Rapid Bus,Weekday,"13,800"
November 2020,14R Mission Rapid,Rapid Bus,Weekday,"13,800"
December 2020,14R Mission Rapid,Rapid Bus,Weekday,"13,400"
January 2021,14R Mission Rapid,Rapid Bus,Weekday,"12,600"
February 2021,14R Mission Rapid,Rapid Bus,Weekday,"14,500"
March 2021,14R Mission Rapid,Rapid Bus,Weekday,"15,300"
April 2021,14R Mission Rapid,Rapid Bus,Weekday,"15,900"
May 2021,14R Mission Rapid,Rapid Bus,Weekday,"16,000"
June 2021,14R Mission Rapid,Rapid Bus,Weekday,"16,500"
July 2021,14R Mission Rapid,Rapid Bus,Weekday,"17,100"
August 2021,14R Mission Rapid,Rapid Bus,Weekday,"16,800"
September 2021,14R Mission Rapid,Rapid Bus,Weekday,"17,100"
October 2021,14R Mission Rapid,Rapid Bus,Weekday,"17,000"
November 2021,14R Mission Rapid,Rapid Bus,Weekday,"13,300"
December 2021,14R Mission Rapid,Rapid Bus,Weekday,"12,500"
January 2022,14R Mission Rapid,Rapid Bus,Weekday,"11,200"
February 2022,14R Mission Rapid,Rapid Bus,Weekday,"10,800"
March 2022,14R Mission Rapid,Rapid Bus,Weekday,"13,400"
April 2022,14R Mission Rapid,Rapid Bus,Weekday,"14,200"
May 2022,14R Mission Rapid,Rapid Bus,Weekday,"14,700"
June 2022,14R Mission Rapid,Rapid Bus,Weekday,"14,600"
July 2022,14R Mission Rapid,Rapid Bus,Weekday,"17,200"
August 2022,14R Mission Rapid,Rapid Bus,Weekday,"18,600"
September 2022,14R Mission Rapid,Rapid Bus,Weekday,"19,900"
October 2022,14R Mission Rapid,Rapid Bus,Weekday,"20,500"
November 2022,14R Mission Rapid,Rapid Bus,Weekday,"19,800"
December 2022,14R Mission Rapid,Rapid Bus,Weekday,"18,800"
January 2023,14R Mission Rapid,Rapid Bus,Weekday,"19,600"
February 2023,14R Mission Rapid,Rapid Bus,Weekday,"20,800"
March 2023,14R Mission Rapid,Rapid Bus,Weekday,"20,100"
April 2023,14R Mission Rapid,Rapid Bus,Weekday,"22,200"
May 2023,14R Mission Rapid,Rapid Bus,Weekday,"21,900"
June 2023,14R Mission Rapid,Rapid Bus,Weekday,"21,600"
July 2023,14R Mission Rapid,Rapid Bus,Weekday,"21,900"
August 2023,14R Mission Rapid,Rapid Bus,Weekday,"22,400"
September 2023,14R Mission Rapid,Rapid Bus,Weekday,"23,400"
October 2023,14R Mission Rapid,Rapid Bus,Weekday,"23,500"
November 2023,14R Mission Rapid,Rapid Bus,Weekday,"21,600"
December 2023,14R Mission Rapid,Rapid Bus,Weekday,"21,300"
January 2024,14R Mission Rapid,Rapid Bus,Weekday,"21,500"
February 2024,14R Mission Rapid,Rapid Bus,Weekday,"22,400"
March 2024,14R Mission Rapid,Rapid Bus,Weekday,"22,900"
April 2024,14R Mission Rapid,Rapid Bus,Weekday,"22,900"
May 2024,14R Mission Rapid,Rapid Bus,Weekday,"23,800"
June 2024,14R Mission Rapid,Rapid Bus,Weekday,"23,000"
July 2024,14R Mission Rapid,Rapid Bus,Weekday,"22,600"
August 2024,14R Mission Rapid,Rapid Bus,Weekday,"23,200"
September 2024,14R Mission Rapid,Rapid Bus,Weekday,"24,400"
October 2024,14R Mission Rapid,Rapid Bus,Weekday,"24,300"
November 2024,14R Mission Rapid,Rapid Bus,Weekday,"22,800"
December 2024,14R Mission Rapid,Rapid Bus,Weekday,"22,600"
January 2025,14R Mission Rapid,Rapid Bus,Weekday,"22,800"
February 2025,14R Mission Rapid,Rapid Bus,Weekday,"22,700"
March 2025,14R Mission Rapid,Rapid Bus,Weekday,"23,400"
April 2025,14R Mission Rapid,Rapid Bus,Weekday,"23,300"
May 2025,14R Mission Rapid,Rapid Bus,Weekday,"23,800"
June 2025,14R Mission Rapid,Rapid Bus,Weekday,"22,000"
July 2025,14R Mission Rapid,Rapid Bus,Weekday,"22,400"
August 2025,14R Mission Rapid,Rapid Bus,Weekday,"22,900"
September 2025,14R Mission Rapid,Rapid Bus,Weekday,"23,900"
October 2025,14R Mission Rapid,Rapid Bus,Weekday,"23,600"
November 2025,14R Mission Rapid,Rapid Bus,Weekday,"22,000"
December 2025,14R Mission Rapid,Rapid Bus,Weekday,"21,500"
January 2026,14R Mission Rapid,Rapid Bus,Weekday,"22,800"
February 2026,14R Mission Rapid,Rapid Bus,Weekday,"22,900"
March 2026,14R Mission Rapid,Rapid Bus,Weekday,"23,500"
April 2026,14R Mission Rapid,Rapid Bus,Weekday,"23,500"
May 2026,14R Mission Rapid,Rapid Bus,Weekday,"23,700"
June 2026,14R Mission Rapid,Rapid Bus,Weekday,"22,800"
July 2026,14R Mission Rapid,Rapid Bus,Weekday,"22,200"
August 2026,14R Mission Rapid,Rapid Bus,Weekday,"22,400"
January 2019,14X Mission Express,Specialized,Weekday,"3,900"
February 2019,14X Mission Express,Specialized,Weekday,"3,800"
March 2019,14X Mission Express,Specialized,Weekday,"3,700"
April 2019,14X Mission Express,Specialized,Weekday,"3,700"
May 2019,14X Mission Express,Specialized,Weekday,"3,800"
June 2019,14X Mission Express,Specialized,Weekday,"3,700"
July 2019,14X Mission Express,Specialized,Weekday,"3,600"
August 2019,14X Mission Express,Specialized,Weekday,"3,300"
September 2019,14X Mission Express,Specialized,Weekday,"3,900"
October 2019,14X Mission Express,Specialized,Weekday,"3,800"
November 2019,14X Mission Express,Specialized,Weekday,"3,500"
December 2019,14X Mission Express,Specialized,Weekday,"2,800"
January 2020,14X Mission Express,Specialized,Weekday,"3,200"
February 2020,14X Mission Express,Specialized,Weekday,"3,700"
March 2020,14X Mission Express,Specialized,Weekday,"1,700"
January 2021,15 Bayview Hunters Point Express,Specialized,Weekday,200
February 2021,15 Bayview Hunters Point Express,Specialized,Weekday,800
March 2021,15 Bayview Hunters Point Express,Specialized,Weekday,"1,000"
April 2021,15 Bayview Hunters Point Express,Specialized,Weekday,"1,100"
May 2021,15 Bayview Hunters Point Express,Specialized,Weekday,"1,300"
June 2021,15 Bayview Hunters Point Express,Specialized,Weekday,"1,400"
July 2021,15 Bayview Hunters Point Express,Specialized,Weekday,"1,600"
August 2021,15 Bayview Hunters Point Express,Specialized,Weekday,"1,700"
September 2021,15 Bayview Hunters Point Express,Specialized,Weekday,"1,900"
October 2021,15 Bayview Hunters Point Express,Specialized,Weekday,"2,100"
November 2021,15 Bayview Hunters Point Express,Specialized,Weekday,"2,200"
December 2021,15 Bayview Hunters Point Express,Specialized,Weekday,"2,100"
January 2022,15 Bayview Hunters Point Express,Specialized,Weekday,"1,900"
February 2022,15 Bayview Hunters Point Express,Specialized,Weekday,"2,100"
March 2022,15 Bayview Hunters Point Express,Specialized,Weekday,"2,400"
April 2022,15 Bayview Hunters Point Express,Specialized,Weekday,"2,600"
May 2022,15 Bayview Hunters Point Express,Specialized,Weekday,"2,700"
June 2022,15 Bayview Hunters Point Express,Specialized,Weekday,"2,900"
July 2022,15 Bayview Hunters Point Express,Specialized,Weekday,"2,900"
August 2022,15 Bayview Hunters Point Express,Specialized,Weekday,"3,000"
September 2022,15 Bayview Hunters Point Express,Specialized,Weekday,"3,100"
October 2022,15 Bayview Hunters Point Express,Specialized,Weekday,"3,300"
November 2022,15 Bayview Hunters Point Express,Specialized,Weekday,"3,100"
December 2022,15 Bayview Hunters Point Express,Specialized,Weekday,"2,900"
January 2023,15 Bayview Hunters Point Express,Specialized,Weekday,"3,200"
February 2023,15 Bayview Hunters Point Express,Specialized,Weekday,"3,500"
March 2023,15 Bayview Hunters Point Express,Specialized,Weekday,"3,200"
April 2023,15 Bayview Hunters Point Express,Specialized,Weekday,"3,600"
May 2023,15 Bayview Hunters Point Express,Specialized,Weekday,"3,600"
June 2023,15 Bayview Hunters Point Express,Specialized,Weekday,"3,600"
July 2023,15 Bayview Hunters Point Express,Specialized,Weekday,"3,600"
August 2023,15 Bayview Hunters Point Express,Specialized,Weekday,"3,600"
September 2023,15 Bayview Hunters Point Express,Specialized,Weekday,"3,600"
October 2023,15 Bayview Hunters Point Express,Specialized,Weekday,"3,900"
November 2023,15 Bayview Hunters Point Express,Specialized,Weekday,"3,300"
December 2023,15 Bayview Hunters Point Express,Specialized,Weekday,"3,300"
January 2024,15 Bayview Hunters Point Express,Specialized,Weekday,"3,600"
February 2024,15 Bayview Hunters Point Express,Specialized,Weekday,"3,700"
March 2024,15 Bayview Hunters Point Express,Specialized,Weekday,"3,700"
April 2024,15 Bayview Hunters Point Express,Specialized,Weekday,"3,700"
May 2024,15 Bayview Hunters Point Express,Specialized,Weekday,"3,700"
June 2024,15 Bayview Hunters Point Express,Specialized,Weekday,"3,700"
July 2024,15 Bayview Hunters Point Express,Specialized,Weekday,"3,600"
August 2024,15 Bayview Hunters Point Express,Specialized,Weekday,"3,600"
September 2024,15 Bayview Hunters Point Express,Specialized,Weekday,"3,900"
October 2024,15 Bayview Hunters Point Express,Specialized,Weekday,"4,100"
November 2024,15 Bayview Hunters Point Express,Specialized,Weekday,"3,600"
December 2024,15 Bayview Hunters Point Express,Specialized,Weekday,"3,300"
January 2025,15 Bayview Hunters Point Express,Specialized,Weekday,"3,600"
February 2025,15 Bayview Hunters Point Express,Specialized,Weekday,"3,800"
March 2025,15 Bayview Hunters Point Express,Specialized,Weekday,"4,000"
April 2025,15 Bayview Hunters Point Express,Specialized,Weekday,"3,700"
May 2025,15 Bayview Hunters Point Express,Specialized,Weekday,"3,800"
June 2025,15 Bayview Hunters Point Express,Specialized,Weekday,"3,700"
July 2025,15 Bayview Hunters Point Express,Specialized,Weekday,"3,700"
August 2025,15 Bayview Hunters Point Express,Specialized,Weekday,"3,900"
September 2025,15 Bayview Hunters Point Express,Specialized,Weekday,"4,000"
October 2025,15 Bayview Hunters Point Express,Specialized,Weekday,"3,900"
November 2025,15 Bayview Hunters Point Express,Specialized,Weekday,"3,600"
December 2025,15 Bayview Hunters Point Express,Specialized,Weekday,"3,400"
January 2026,15 Bayview Hunters Point Express,Specialized,Weekday,"3,700"
February 2026,15 Bayview Hunters Point Express,Specialized,Weekday,"3,800"
March 2026,15 Bayview Hunters Point Express,Specialized,Weekday,"3,800"
April 2026,15 Bayview Hunters Point Express,Specialized,Weekday,"3,800"
May 2026,15 Bayview Hunters Point Express,Specialized,Weekday,"3,900"
June 2026,15 Bayview Hunters Point Express,Specialized,Weekday,"4,000"
July 2026,15 Bayview Hunters Point Express,Specialized,Weekday,"3,900"
August 2026,15 Bayview Hunters Point Express,Specialized,Weekday,"3,900"
January 2019,18 46th Avenue,Grid,Weekday,"2,700"
February 2019,18 46th Avenue,Grid,Weekday,"2,900"
March 2019,18 46th Avenue,Grid,Weekday,"2,700"
April 2019,18 46th Avenue,Grid,Weekday,"3,200"
May 2019,18 46th Avenue,Grid,Weekday,"3,100"
June 2019,18 46th Avenue,Grid,Weekday,"2,500"
July 2019,18 46th Avenue,Grid,Weekday,"2,600"
August 2019,18 46th Avenue,Grid,Weekday,"2,600"
September 2019,18 46th Avenue,Grid,Weekday,"3,300"
October 2019,18 46th Avenue,Grid,Weekday,"3,300"
November 2019,18 46th Avenue,Grid,Weekday,"2,900"
December 2019,18 46th Avenue,Grid,Weekday,"2,700"
January 2020,18 46th Avenue,Grid,Weekday,"2,800"
February 2020,18 46th Avenue,Grid,Weekday,"3,300"
March 2020,18 46th Avenue,Grid,Weekday,"1,700"
April 2020,18 46th Avenue,Grid,Weekday,100
August 2021,18 46th Avenue,Grid,Weekday,800
September 2021,18 46th Avenue,Grid,Weekday,"1,600"
October 2021,18 46th Avenue,Grid,Weekday,"1,500"
November 2021,18 46th Avenue,Grid,Weekday,"1,500"
December 2021,18 46th Avenue,Grid,Weekday,"1,400"
January 2022,18 46th Avenue,Grid,Weekday,"1,500"
February 2022,18 46th Avenue,Grid,Weekday,"1,600"
March 2022,18 46th Avenue,Grid,Weekday,"1,800"
April 2022,18 46th Avenue,Grid,Weekday,"2,000"
May 2022,18 46th Avenue,Grid,Weekday,"2,100"
June 2022,18 46th Avenue,Grid,Weekday,"1,700"
July 2022,18 46th Avenue,Grid,Weekday,"1,700"
August 2022,18 46th Avenue,Grid,Weekday,"2,000"
September 2022,18 46th Avenue,Grid,Weekday,"2,300"
October 2022,18 46th Avenue,Grid,Weekday,"2,300"
November 2022,18 46th Avenue,Grid,Weekday,"2,000"
December 2022,18 46th Avenue,Grid,Weekday,"1,800"
January 2023,18 46th Avenue,Grid,Weekday,"2,000"
February 2023,18 46th Avenue,Grid,Weekday,"2,200"
March 2023,18 46th Avenue,Grid,Weekday,"2,100"
April 2023,18 46th Avenue,Grid,Weekday,"2,400"
May 2023,18 46th Avenue,Grid,Weekday,"2,400"
June 2023,18 46th Avenue,Grid,Weekday,"2,100"
July 2023,18 46th Avenue,Grid,Weekday,"2,000"
August 2023,18 46th Avenue,Grid,Weekday,"2,500"
September 2023,18 46th Avenue,Grid,Weekday,"2,700"
October 2023,18 46th Avenue,Grid,Weekday,"2,600"
November 2023,18 46th Avenue,Grid,Weekday,"2,300"
December 2023,18 46th Avenue,Grid,Weekday,"2,200"
January 2024,18 46th Avenue,Grid,Weekday,"2,300"
February 2024,18 46th Avenue,Grid,Weekday,"2,600"
March 2024,18 46th Avenue,Grid,Weekday,"2,700"
April 2024,18 46th Avenue,Grid,Weekday,"2,600"
May 2024,18 46th Avenue,Grid,Weekday,"2,800"
June 2024,18 46th Avenue,Grid,Weekday,"2,400"
July 2024,18 46th Avenue,Grid,Weekday,"2,400"
August 2024,18 46th Avenue,Grid,Weekday,"2,600"
September 2024,18 46th Avenue,Grid,Weekday,"2,900"
October 2024,18 46th Avenue,Grid,Weekday,"3,000"
November 2024,18 46th Avenue,Grid,Weekday,"2,500"
December 2024,18 46th Avenue,Grid,Weekday,"2,400"
January 2025,18 46th Avenue,Grid,Weekday,"2,500"
February 2025,18 46th Avenue,Grid,Weekday,"2,800"
March 2025,18 46th Avenue,Grid,Weekday,"2,800"
April 2025,18 46th Avenue,Grid,Weekday,"2,900"
May 2025,18 46th Avenue,Grid,Weekday,"3,200"
June 2025,18 46th Avenue,Grid,Weekday,"2,700"
July 2025,18 46th Avenue,Grid,Weekday,"2,500"
August 2025,18 46th Avenue,Grid,Weekday,"2,800"
September 2025,18 46th Avenue,Grid,Weekday,"3,100"
October 2025,18 46th Avenue,Grid,Weekday,"3,200"
November 2025,18 46th Avenue,Grid,Weekday,"2,600"
December 2025,18 46th Avenue,Grid,Weekday,"2,500"
January 2026,18 46th Avenue,Grid,Weekday,"2,800"
February 2026,18 46th Avenue,Grid,Weekday,"2,800"
March 2026,18 46th Avenue,Grid,Weekday,"3,100"
April 2026,18 46th Avenue,Grid,Weekday,"2,900"
May 2026,18 46th Avenue,Grid,Weekday,"3,100"
June 2026,18 46th Avenue,Grid,Weekday,"2,700"
July 2026,18 46th Avenue,Grid,Weekday,"2,500"
August 2026,18 46th Avenue,Grid,Weekday,"2,900"
January 2019,19 Polk,Grid,Weekday,"6,200"
February 2019,19 Polk,Grid,Weekday,"6,000"
March 2019,19 Polk,Grid,Weekday,"6,600"
April 2019,19 Polk,Grid,Weekday,"6,300"
May 2019,19 Polk,Grid,Weekday,"6,700"
June 2019,19 Polk,Grid,Weekday,"6,200"
July 2019,19 Polk,Grid,Weekday,"6,000"
August 2019,19 Polk,Grid,Weekday,"6,100"
September 2019,19 Polk,Grid,Weekday,"6,400"
October 2019,19 Polk,Grid,Weekday,"6,700"
November 2019,19 Polk,Grid,Weekday,"6,200"
December 2019,19 Polk,Grid,Weekday,"5,900"
January 2020,19 Polk,Grid,Weekday,"6,200"
February 2020,19 Polk,Grid,Weekday,"6,300"
March 2020,19 Polk,Grid,Weekday,"4,000"
April 2020,19 Polk,Grid,Weekday,"2,500"
May 2020,19 Polk,Grid,Weekday,"2,500"
June 2020,19 Polk,Grid,Weekday,"2,700"
July 2020,19 Polk,Grid,Weekday,"2,800"
August 2020,19 Polk,Grid,Weekday,"2,900"
September 2020,19 Polk,Grid,Weekday,"3,100"
October 2020,19 Polk,Grid,Weekday,"3,300"
November 2020,19 Polk,Grid,Weekday,"3,200"
December 2020,19 Polk,Grid,Weekday,"3,000"
January 2021,19 Polk,Grid,Weekday,"2,900"
February 2021,19 Polk,Grid,Weekday,"3,000"
March 2021,19 Polk,Grid,Weekday,"3,100"
April 2021,19 Polk,Grid,Weekday,"3,200"
May 2021,19 Polk,Grid,Weekday,"3,300"
June 2021,19 Polk,Grid,Weekday,"3,500"
July 2021,19 Polk,Grid,Weekday,"3,800"
August 2021,19 Polk,Grid,Weekday,"3,900"
September 2021,19 Polk,Grid,Weekday,"4,200"
October 2021,19 Polk,Grid,Weekday,"4,000"
November 2021,19 Polk,Grid,Weekday,"4,300"
December 2021,19 Polk,Grid,Weekday,"3,800"
January 2022,19 Polk,Grid,Weekday,"3,800"
February 2022,19 Polk,Grid,Weekday,"3,900"
March 2022,19 Polk,Grid,Weekday,"4,300"
April 2022,19 Polk,Grid,Weekday,"4,700"
May 2022,19 Polk,Grid,Weekday,"4,900"
June 2022,19 Polk,Grid,Weekday,"4,500"
July 2022,19 Polk,Grid,Weekday,"4,500"
August 2022,19 Polk,Grid,Weekday,"4,900"
September 2022,19 Polk,Grid,Weekday,"5,500"
October 2022,19 Polk,Grid,Weekday,"5,400"
November 2022,19 Polk,Grid,Weekday,"5,100"
December 2022,19 Polk,Grid,Weekday,"4,700"
January 2023,19 Polk,Grid,Weekday,"5,200"
February 2023,19 Polk,Grid,Weekday,"5,400"
March 2023,19 Polk,Grid,Weekday,"5,400"
April 2023,19 Polk,Grid,Weekday,"5,900"
May 2023,19 Polk,Grid,Weekday,"5,900"
June 2023,19 Polk,Grid,Weekday,"5,500"
July 2023,19 Polk,Grid,Weekday,"5,500"
August 2023,19 Polk,Grid,Weekday,"6,000"
September 2023,19 Polk,Grid,Weekday,"6,600"
October 2023,19 Polk,Grid,Weekday,"6,400"
November 2023,19 Polk,Grid,Weekday,"6,100"
December 2023,19 Polk,Grid,Weekday,"5,800"
January 2024,19 Polk,Grid,Weekday,"6,000"
February 2024,19 Polk,Grid,Weekday,"6,400"
March 2024,19 Polk,Grid,Weekday,"6,600"
April 2024,19 Polk,Grid,Weekday,"6,500"
May 2024,19 Polk,Grid,Weekday,"6,900"
June 2024,19 Polk,Grid,Weekday,"6,200"
July 2024,19 Polk,Grid,Weekday,"6,100"
August 2024,19 Polk,Grid,Weekday,"6,400"
September 2024,19 Polk,Grid,Weekday,"7,000"
October 2024,19 Polk,Grid,Weekday,"7,000"
November 2024,19 Polk,Grid,Weekday,"6,200"
December 2024,19 Polk,Grid,Weekday,"5,900"
January 2025,19 Polk,Grid,Weekday,"6,300"
February 2025,19 Polk,Grid,Weekday,"6,700"
March 2025,19 Polk,Grid,Weekday,"6,900"
April 2025,19 Polk,Grid,Weekday,"7,000"
May 2025,19 Polk,Grid,Weekday,"7,100"
June 2025,19 Polk,Grid,Weekday,"6,500"
July 2025,19 Polk,Grid,Weekday,"6,700"
August 2025,19 Polk,Grid,Weekday,"7,100"
September 2025,19 Polk,Grid,Weekday,"7,700"
October 2025,19 Polk,Grid,Weekday,"7,400"
November 2025,19 Polk,Grid,Weekday,"6,700"
December 2025,19 Polk,Grid,Weekday,"6,300"
January 2026,19 Polk,Grid,Weekday,"7,100"
February 2026,19 Polk,Grid,Weekday,"6,800"
March 2026,19 Polk,Grid,Weekday,"7,200"
April 2026,19 Polk,Grid,Weekday,"7,200"
May 2026,19 Polk,Grid,Weekday,"7,300"
June 2026,19 Polk,Grid,Weekday,"7,000"
July 2026,19 Polk,Grid,Weekday,"6,700"
August 2026,19 Polk,Grid,Weekday,"6,800"
January 2019,21 Hayes,Grid,Weekday,"6,900"
February 2019,21 Hayes,Grid,Weekday,"7,400"
March 2019,21 Hayes,Grid,Weekday,"7,200"
April 2019,21 Hayes,Grid,Weekday,"7,000"
May 2019,21 Hayes,Grid,Weekday,"6,800"
June 2019,21 Hayes,Grid,Weekday,"6,800"
July 2019,21 Hayes,Grid,Weekday,"7,200"
August 2019,21 Hayes,Grid,Weekday,"7,300"
September 2019,21 Hayes,Grid,Weekday,"7,600"
October 2019,21 Hayes,Grid,Weekday,"7,300"
November 2019,21 Hayes,Grid,Weekday,"7,100"
December 2019,21 Hayes,Grid,Weekday,"6,700"
January 2020,21 Hayes,Grid,Weekday,"7,100"
February 2020,21 Hayes,Grid,Weekday,"7,600"
March 2020,21 Hayes,Grid,Weekday,"3,300"
April 2020,21 Hayes,Grid,Weekday,200
July 2022,21 Hayes,Grid,Weekday,500
August 2022,21 Hayes,Grid,Weekday,900
September 2022,21 Hayes,Grid,Weekday,"1,000"
October 2022,21 Hayes,Grid,Weekday,900
November 2022,21 Hayes,Grid,Weekday,900
December 2022,21 Hayes,Grid,Weekday,800
January 2023,21 Hayes,Grid,Weekday,900
February 2023,21 Hayes,Grid,Weekday,900
March 2023,21 Hayes,Grid,Weekday,900
April 2023,21 Hayes,Grid,Weekday,"1,100"
May 2023,21 Hayes,Grid,Weekday,"1,000"
June 2023,21 Hayes,Grid,Weekday,"1,000"
July 2023,21 Hayes,Grid,Weekday,"1,000"
August 2023,21 Hayes,Grid,Weekday,"1,100"
September 2023,21 Hayes,Grid,Weekday,"1,300"
October 2023,21 Hayes,Grid,Weekday,"1,200"
November 2023,21 Hayes,Grid,Weekday,"1,100"
December 2023,21 Hayes,Grid,Weekday,"1,000"
January 2024,21 Hayes,Grid,Weekday,"1,100"
February 2024,21 Hayes,Grid,Weekday,"1,200"
March 2024,21 Hayes,Grid,Weekday,"1,200"
April 2024,21 Hayes,Grid,Weekday,"1,200"
May 2024,21 Hayes,Grid,Weekday,"1,300"
June 2024,21 Hayes,Grid,Weekday,"1,200"
July 2024,21 Hayes,Grid,Weekday,"1,200"
August 2024,21 Hayes,Grid,Weekday,"1,300"
September 2024,21 Hayes,Grid,Weekday,"1,500"
October 2024,21 Hayes,Grid,Weekday,"1,400"
November 2024,21 Hayes,Grid,Weekday,"1,200"
December 2024,21 Hayes,Grid,Weekday,"1,100"
January 2025,21 Hayes,Grid,Weekday,"1,300"
February 2025,21 Hayes,Grid,Weekday,"1,300"
March 2025,21 Hayes,Grid,Weekday,"1,300"
April 2025,21 Hayes,Grid,Weekday,"1,400"
May 2025,21 Hayes,Grid,Weekday,"1,300"
June 2025,21 Hayes,Grid,Weekday,800
January 2019,22 Fillmore,Frequent Local,Weekday,"17,700"
February 2019,22 Fillmore,Frequent Local,Weekday,"17,700"
March 2019,22 Fillmore,Frequent Local,Weekday,"17,500"
April 2019,22 Fillmore,Frequent Local,Weekday,"16,900"
May 2019,22 Fillmore,Frequent Local,Weekday,"18,900"
June 2019,22 Fillmore,Frequent Local,Weekday,"17,500"
July 2019,22 Fillmore,Frequent Local,Weekday,"16,400"
August 2019,22 Fillmore,Frequent Local,Weekday,"16,100"
September 2019,22 Fillmore,Frequent Local,Weekday,"19,400"
October 2019,22 Fillmore,Frequent Local,Weekday,"19,500"
November 2019,22 Fillmore,Frequent Local,Weekday,"18,500"
December 2019,22 Fillmore,Frequent Local,Weekday,"17,000"
January 2020,22 Fillmore,Frequent Local,Weekday,"18,400"
February 2020,22 Fillmore,Frequent Local,Weekday,"19,700"
March 2020,22 Fillmore,Frequent Local,Weekday,"11,300"
April 2020,22 Fillmore,Frequent Local,Weekday,"5,300"
May 2020,22 Fillmore,Frequent Local,Weekday,"6,600"
June 2020,22 Fillmore,Frequent Local,Weekday,"8,100"
July 2020,22 Fillmore,Frequent Local,Weekday,"8,600"
August 2020,22 Fillmore,Frequent Local,Weekday,"8,600"
September 2020,22 Fillmore,Frequent Local,Weekday,"8,800"
October 2020,22 Fillmore,Frequent Local,Weekday,"9,200"
November 2020,22 Fillmore,Frequent Local,Weekday,"9,000"
December 2020,22 Fillmore,Frequent Local,Weekday,"8,300"
January 2021,22 Fillmore,Frequent Local,Weekday,"7,900"
February 2021,22 Fillmore,Frequent Local,Weekday,"8,500"
March 2021,22 Fillmore,Frequent Local,Weekday,"9,100"
April 2021,22 Fillmore,Frequent Local,Weekday,"9,800"
May 2021,22 Fillmore,Frequent Local,Weekday,"10,500"
June 2021,22 Fillmore,Frequent Local,Weekday,"11,300"
July 2021,22 Fillmore,Frequent Local,Weekday,"11,800"
August 2021,22 Fillmore,Frequent Local,Weekday,"13,300"
September 2021,22 Fillmore,Frequent Local,Weekday,"15,200"
October 2021,22 Fillmore,Frequent Local,Weekday,"14,800"
November 2021,22 Fillmore,Frequent Local,Weekday,"15,100"
December 2021,22 Fillmore,Frequent Local,Weekday,"14,000"
January 2022,22 Fillmore,Frequent Local,Weekday,"14,300"
February 2022,22 Fillmore,Frequent Local,Weekday,"15,700"
March 2022,22 Fillmore,Frequent Local,Weekday,"16,400"
April 2022,22 Fillmore,Frequent Local,Weekday,"16,900"
May 2022,22 Fillmore,Frequent Local,Weekday,"17,300"
June 2022,22 Fillmore,Frequent Local,Weekday,"16,300"
July 2022,22 Fillmore,Frequent Local,Weekday,"15,800"
August 2022,22 Fillmore,Frequent Local,Weekday,"16,900"
September 2022,22 Fillmore,Frequent Local,Weekday,"18,700"
October 2022,22 Fillmore,Frequent Local,Weekday,"18,600"
November 2022,22 Fillmore,Frequent Local,Weekday,"17,500"
December 2022,22 Fillmore,Frequent Local,Weekday,"16,500"
January 2023,22 Fillmore,Frequent Local,Weekday,"17,700"
February 2023,22 Fillmore,Frequent Local,Weekday,"19,000"
March 2023,22 Fillmore,Frequent Local,Weekday,"18,900"
April 2023,22 Fillmore,Frequent Local,Weekday,"20,100"
May 2023,22 Fillmore,Frequent Local,Weekday,"20,200"
June 2023,22 Fillmore,Frequent Local,Weekday,"18,700"
July 2023,22 Fillmore,Frequent Local,Weekday,"18,200"
August 2023,22 Fillmore,Frequent Local,Weekday,"20,000"
September 2023,22 Fillmore,Frequent Local,Weekday,"21,000"
October 2023,22 Fillmore,Frequent Local,Weekday,"21,800"
November 2023,22 Fillmore,Frequent Local,Weekday,"20,600"
December 2023,22 Fillmore,Frequent Local,Weekday,"19,300"
January 2024,22 Fillmore,Frequent Local,Weekday,"20,400"
February 2024,22 Fillmore,Frequent Local,Weekday,"21,700"
March 2024,22 Fillmore,Frequent Local,Weekday,"22,200"
April 2024,22 Fillmore,Frequent Local,Weekday,"21,800"
May 2024,22 Fillmore,Frequent Local,Weekday,"22,500"
June 2024,22 Fillmore,Frequent Local,Weekday,"20,900"
July 2024,22 Fillmore,Frequent Local,Weekday,"20,500"
August 2024,22 Fillmore,Frequent Local,Weekday,"21,900"
September 2024,22 Fillmore,Frequent Local,Weekday,"23,700"
October 2024,22 Fillmore,Frequent Local,Weekday,"23,800"
November 2024,22 Fillmore,Frequent Local,Weekday,"21,400"
December 2024,22 Fillmore,Frequent Local,Weekday,"20,600"
January 2025,22 Fillmore,Frequent Local,Weekday,"22,100"
February 2025,22 Fillmore,Frequent Local,Weekday,"22,400"
March 2025,22 Fillmore,Frequent Local,Weekday,"22,700"
April 2025,22 Fillmore,Frequent Local,Weekday,"22,700"
May 2025,22 Fillmore,Frequent Local,Weekday,"23,200"
June 2025,22 Fillmore,Frequent Local,Weekday,"21,100"
July 2025,22 Fillmore,Frequent Local,Weekday,"21,200"
August 2025,22 Fillmore,Frequent Local,Weekday,"22,500"
September 2025,22 Fillmore,Frequent Local,Weekday,"23,600"
October 2025,22 Fillmore,Frequent Local,Weekday,"23,400"
November 2025,22 Fillmore,Frequent Local,Weekday,"21,400"
December 2025,22 Fillmore,Frequent Local,Weekday,"20,300"
January 2026,22 Fillmore,Frequent Local,Weekday,"22,200"
February 2026,22 Fillmore,Frequent Local,Weekday,"21,600"
March 2026,22 Fillmore,Frequent Local,Weekday,"21,800"
April 2026,22 Fillmore,Frequent Local,Weekday,"21,500"
May 2026,22 Fillmore,Frequent Local,Weekday,"22,100"
June 2026,22 Fillmore,Frequent Local,Weekday,"21,400"
July 2026,22 Fillmore,Frequent Local,Weekday,"20,800"
August 2026,22 Fillmore,Frequent Local,Weekday,"21,500"
January 2019,23 Monterey,Grid,Weekday,"3,200"
February 2019,23 Monterey,Grid,Weekday,"3,200"
March 2019,23 Monterey,Grid,Weekday,"3,200"
April 2019,23 Monterey,Grid,Weekday,"3,000"
May 2019,23 Monterey,Grid,Weekday,"3,300"
June 2019,23 Monterey,Grid,Weekday,"3,200"
July 2019,23 Monterey,Grid,Weekday,"2,800"
August 2019,23 Monterey,Grid,Weekday,"3,000"
September 2019,23 Monterey,Grid,Weekday,"3,300"
October 2019,23 Monterey,Grid,Weekday,"3,400"
November 2019,23 Monterey,Grid,Weekday,"3,300"
December 2019,23 Monterey,Grid,Weekday,"2,800"
January 2020,23 Monterey,Grid,Weekday,"3,100"
February 2020,23 Monterey,Grid,Weekday,"3,400"
March 2020,23 Monterey,Grid,Weekday,"1,600"
April 2020,23 Monterey,Grid,Weekday,200
August 2021,23 Monterey,Grid,Weekday,400
September 2021,23 Monterey,Grid,Weekday,900
October 2021,23 Monterey,Grid,Weekday,900
November 2021,23 Monterey,Grid,Weekday,"1,000"
December 2021,23 Monterey,Grid,Weekday,900
January 2022,23 Monterey,Grid,Weekday,"1,000"
February 2022,23 Monterey,Grid,Weekday,"1,100"
March 2022,23 Monterey,Grid,Weekday,"1,200"
April 2022,23 Monterey,Grid,Weekday,"1,300"
May 2022,23 Monterey,Grid,Weekday,"1,400"
June 2022,23 Monterey,Grid,Weekday,"1,100"
July 2022,23 Monterey,Grid,Weekday,"1,300"
August 2022,23 Monterey,Grid,Weekday,"1,600"
September 2022,23 Monterey,Grid,Weekday,"1,900"
October 2022,23 Monterey,Grid,Weekday,"1,900"
November 2022,23 Monterey,Grid,Weekday,"1,700"
December 2022,23 Monterey,Grid,Weekday,"1,500"
January 2023,23 Monterey,Grid,Weekday,"1,700"
February 2023,23 Monterey,Grid,Weekday,"1,900"
March 2023,23 Monterey,Grid,Weekday,"1,700"
April 2023,23 Monterey,Grid,Weekday,"2,000"
May 2023,23 Monterey,Grid,Weekday,"2,100"
June 2023,23 Monterey,Grid,Weekday,"1,900"
July 2023,23 Monterey,Grid,Weekday,"1,900"
August 2023,23 Monterey,Grid,Weekday,"2,000"
September 2023,23 Monterey,Grid,Weekday,"2,300"
October 2023,23 Monterey,Grid,Weekday,"2,400"
November 2023,23 Monterey,Grid,Weekday,"2,100"
December 2023,23 Monterey,Grid,Weekday,"1,900"
January 2024,23 Monterey,Grid,Weekday,"2,100"
February 2024,23 Monterey,Grid,Weekday,"2,200"
March 2024,23 Monterey,Grid,Weekday,"2,300"
April 2024,23 Monterey,Grid,Weekday,"2,200"
May 2024,23 Monterey,Grid,Weekday,"2,400"
June 2024,23 Monterey,Grid,Weekday,"2,200"
July 2024,23 Monterey,Grid,Weekday,"2,000"
August 2024,23 Monterey,Grid,Weekday,"2,200"
September 2024,23 Monterey,Grid,Weekday,"2,500"
October 2024,23 Monterey,Grid,Weekday,"2,500"
November 2024,23 Monterey,Grid,Weekday,"2,100"
December 2024,23 Monterey,Grid,Weekday,"2,000"
January 2025,23 Monterey,Grid,Weekday,"2,200"
February 2025,23 Monterey,Grid,Weekday,"2,300"
March 2025,23 Monterey,Grid,Weekday,"2,300"
April 2025,23 Monterey,Grid,Weekday,"2,300"
May 2025,23 Monterey,Grid,Weekday,"2,500"
June 2025,23 Monterey,Grid,Weekday,"2,200"
July 2025,23 Monterey,Grid,Weekday,"2,100"
August 2025,23 Monterey,Grid,Weekday,"2,400"
September 2025,23 Monterey,Grid,Weekday,"2,600"
October 2025,23 Monterey,Grid,Weekday,"2,700"
November 2025,23 Monterey,Grid,Weekday,"2,300"
December 2025,23 Monterey,Grid,Weekday,"2,100"
January 2026,23 Monterey,Grid,Weekday,"2,500"
February 2026,23 Monterey,Grid,Weekday,"2,400"
March 2026,23 Monterey,Grid,Weekday,"2,600"
April 2026,23 Monterey,Grid,Weekday,"2,400"
May 2026,23 Monterey,Grid,Weekday,"2,500"
June 2026,23 Monterey,Grid,Weekday,"2,400"
July 2026,23 Monterey,Grid,Weekday,"2,200"
August 2026,23 Monterey,Grid,Weekday,"2,500"
January 2019,24 Divisadero,Frequent Local,Weekday,"12,500"
February 2019,24 Divisadero,Frequent Local,Weekday,"13,000"
March 2019,24 Divisadero,Frequent Local,Weekday,"12,700"
April 2019,24 Divisadero,Frequent Local,Weekday,"13,000"
May 2019,24 Divisadero,Frequent Local,Weekday,"12,400"
June 2019,24 Divisadero,Frequent Local,Weekday,"11,800"
July 2019,24 Divisadero,Frequent Local,Weekday,"11,600"
August 2019,24 Divisadero,Frequent Local,Weekday,"11,800"
September 2019,24 Divisadero,Frequent Local,Weekday,"13,700"
October 2019,24 Divisadero,Frequent Local,Weekday,"14,100"
November 2019,24 Divisadero,Frequent Local,Weekday,"13,100"
December 2019,24 Divisadero,Frequent Local,Weekday,"12,200"
January 2020,24 Divisadero,Frequent Local,Weekday,"13,500"
February 2020,24 Divisadero,Frequent Local,Weekday,"13,800"
March 2020,24 Divisadero,Frequent Local,Weekday,"6,200"
April 2020,24 Divisadero,Frequent Local,Weekday,"3,200"
May 2020,24 Divisadero,Frequent Local,Weekday,"3,700"
June 2020,24 Divisadero,Frequent Local,Weekday,"4,400"
July 2020,24 Divisadero,Frequent Local,Weekday,"4,600"
August 2020,24 Divisadero,Frequent Local,Weekday,"4,600"
September 2020,24 Divisadero,Frequent Local,Weekday,"4,800"
October 2020,24 Divisadero,Frequent Local,Weekday,"5,100"
November 2020,24 Divisadero,Frequent Local,Weekday,"4,800"
December 2020,24 Divisadero,Frequent Local,Weekday,"4,500"
January 2021,24 Divisadero,Frequent Local,Weekday,"4,200"
February 2021,24 Divisadero,Frequent Local,Weekday,"4,700"
March 2021,24 Divisadero,Frequent Local,Weekday,"4,900"
April 2021,24 Divisadero,Frequent Local,Weekday,"5,400"
May 2021,24 Divisadero,Frequent Local,Weekday,"5,900"
June 2021,24 Divisadero,Frequent Local,Weekday,"6,200"
July 2021,24 Divisadero,Frequent Local,Weekday,"6,400"
August 2021,24 Divisadero,Frequent Local,Weekday,"7,000"
September 2021,24 Divisadero,Frequent Local,Weekday,"7,800"
October 2021,24 Divisadero,Frequent Local,Weekday,"7,400"
November 2021,24 Divisadero,Frequent Local,Weekday,"7,500"
December 2021,24 Divisadero,Frequent Local,Weekday,"6,600"
January 2022,24 Divisadero,Frequent Local,Weekday,"6,700"
February 2022,24 Divisadero,Frequent Local,Weekday,"7,700"
March 2022,24 Divisadero,Frequent Local,Weekday,"8,000"
April 2022,24 Divisadero,Frequent Local,Weekday,"8,600"
May 2022,24 Divisadero,Frequent Local,Weekday,"8,900"
June 2022,24 Divisadero,Frequent Local,Weekday,"8,400"
July 2022,24 Divisadero,Frequent Local,Weekday,"8,000"
August 2022,24 Divisadero,Frequent Local,Weekday,"8,800"
September 2022,24 Divisadero,Frequent Local,Weekday,"9,800"
October 2022,24 Divisadero,Frequent Local,Weekday,"9,700"
November 2022,24 Divisadero,Frequent Local,Weekday,"9,200"
December 2022,24 Divisadero,Frequent Local,Weekday,"8,500"
January 2023,24 Divisadero,Frequent Local,Weekday,"9,200"
February 2023,24 Divisadero,Frequent Local,Weekday,"9,700"
March 2023,24 Divisadero,Frequent Local,Weekday,"9,500"
April 2023,24 Divisadero,Frequent Local,Weekday,"10,400"
May 2023,24 Divisadero,Frequent Local,Weekday,"10,400"
June 2023,24 Divisadero,Frequent Local,Weekday,"9,400"
July 2023,24 Divisadero,Frequent Local,Weekday,"9,100"
August 2023,24 Divisadero,Frequent Local,Weekday,"10,100"
September 2023,24 Divisadero,Frequent Local,Weekday,"10,900"
October 2023,24 Divisadero,Frequent Local,Weekday,"10,800"
November 2023,24 Divisadero,Frequent Local,Weekday,"10,300"
December 2023,24 Divisadero,Frequent Local,Weekday,"9,800"
January 2024,24 Divisadero,Frequent Local,Weekday,"10,200"
February 2024,24 Divisadero,Frequent Local,Weekday,"10,900"
March 2024,24 Divisadero,Frequent Local,Weekday,"11,200"
April 2024,24 Divisadero,Frequent Local,Weekday,"10,500"
May 2024,24 Divisadero,Frequent Local,Weekday,"11,400"
June 2024,24 Divisadero,Frequent Local,Weekday,"10,400"
July 2024,24 Divisadero,Frequent Local,Weekday,"10,000"
August 2024,24 Divisadero,Frequent Local,Weekday,"10,600"
September 2024,24 Divisadero,Frequent Local,Weekday,"11,800"
October 2024,24 Divisadero,Frequent Local,Weekday,"11,900"
November 2024,24 Divisadero,Frequent Local,Weekday,"10,600"
December 2024,24 Divisadero,Frequent Local,Weekday,"10,200"
January 2025,24 Divisadero,Frequent Local,Weekday,"11,000"
February 2025,24 Divisadero,Frequent Local,Weekday,"11,000"
March 2025,24 Divisadero,Frequent Local,Weekday,"11,200"
April 2025,24 Divisadero,Frequent Local,Weekday,"11,200"
May 2025,24 Divisadero,Frequent Local,Weekday,"11,800"
June 2025,24 Divisadero,Frequent Local,Weekday,"10,500"
July 2025,24 Divisadero,Frequent Local,Weekday,"10,100"
August 2025,24 Divisadero,Frequent Local,Weekday,"10,900"
September 2025,24 Divisadero,Frequent Local,Weekday,"11,800"
October 2025,24 Divisadero,Frequent Local,Weekday,"11,800"
November 2025,24 Divisadero,Frequent Local,Weekday,"10,500"
December 2025,24 Divisadero,Frequent Local,Weekday,"10,000"
January 2026,24 Divisadero,Frequent Local,Weekday,"11,100"
February 2026,24 Divisadero,Frequent Local,Weekday,"10,800"
March 2026,24 Divisadero,Frequent Local,Weekday,"11,500"
April 2026,24 Divisadero,Frequent Local,Weekday,"11,300"
May 2026,24 Divisadero,Frequent Local,Weekday,"11,800"
June 2026,24 Divisadero,Frequent Local,Weekday,"10,700"
July 2026,24 Divisadero,Frequent Local,Weekday,"10,100"
August 2026,24 Divisadero,Frequent Local,Weekday,"10,900"
January 2019,25 Treasure Island,Connector,Weekday,"2,200"
February 2019,25 Treasure Island,Connector,Weekday,"2,200"
March 2019,25 Treasure Island,Connector,Weekday,"2,000"
April 2019,25 Treasure Island,Connector,Weekday,"2,400"
May 2019,25 Treasure Island,Connector,Weekday,"2,300"
June 2019,25 Treasure Island,Connector,Weekday,"1,900"
July 2019,25 Treasure Island,Connector,Weekday,"2,200"
August 2019,25 Treasure Island,Connector,Weekday,"2,000"
September 2019,25 Treasure Island,Connector,Weekday,"2,400"
October 2019,25 Treasure Island,Connector,Weekday,"2,400"
November 2019,25 Treasure Island,Connector,Weekday,"2,100"
December 2019,25 Treasure Island,Connector,Weekday,"1,900"
January 2020,25 Treasure Island,Connector,Weekday,"2,200"
February 2020,25 Treasure Island,Connector,Weekday,"2,500"
March 2020,25 Treasure Island,Connector,Weekday,"1,300"
April 2020,25 Treasure Island,Connector,Weekday,500
May 2020,25 Treasure Island,Connector,Weekday,500
June 2020,25 Treasure Island,Connector,Weekday,600
July 2020,25 Treasure Island,Connector,Weekday,600
August 2020,25 Treasure Island,Connector,Weekday,700
September 2020,25 Treasure Island,Connector,Weekday,700
October 2020,25 Treasure Island,Connector,Weekday,600
November 2020,25 Treasure Island,Connector,Weekday,600
December 2020,25 Treasure Island,Connector,Weekday,600
January 2021,25 Treasure Island,Connector,Weekday,600
February 2021,25 Treasure Island,Connector,Weekday,700
March 2021,25 Treasure Island,Connector,Weekday,700
April 2021,25 Treasure Island,Connector,Weekday,700
May 2021,25 Treasure Island,Connector,Weekday,800
June 2021,25 Treasure Island,Connector,Weekday,700
July 2021,25 Treasure Island,Connector,Weekday,700
August 2021,25 Treasure Island,Connector,Weekday,900
September 2021,25 Treasure Island,Connector,Weekday,900
October 2021,25 Treasure Island,Connector,Weekday,900
November 2021,25 Treasure Island,Connector,Weekday,900
December 2021,25 Treasure Island,Connector,Weekday,800
January 2022,25 Treasure Island,Connector,Weekday,900
February 2022,25 Treasure Island,Connector,Weekday,900
March 2022,25 Treasure Island,Connector,Weekday,900
April 2022,25 Treasure Island,Connector,Weekday,900
May 2022,25 Treasure Island,Connector,Weekday,"1,000"
June 2022,25 Treasure Island,Connector,Weekday,"1,000"
July 2022,25 Treasure Island,Connector,Weekday,"1,100"
August 2022,25 Treasure Island,Connector,Weekday,"1,100"
September 2022,25 Treasure Island,Connector,Weekday,"1,200"
October 2022,25 Treasure Island,Connector,Weekday,"1,200"
November 2022,25 Treasure Island,Connector,Weekday,"1,100"
December 2022,25 Treasure Island,Connector,Weekday,"1,100"
January 2023,25 Treasure Island,Connector,Weekday,"1,100"
February 2023,25 Treasure Island,Connector,Weekday,"1,100"
March 2023,25 Treasure Island,Connector,Weekday,"1,100"
April 2023,25 Treasure Island,Connector,Weekday,"1,200"
May 2023,25 Treasure Island,Connector,Weekday,"1,200"
June 2023,25 Treasure Island,Connector,Weekday,"1,200"
July 2023,25 Treasure Island,Connector,Weekday,"1,100"
August 2023,25 Treasure Island,Connector,Weekday,"1,000"
September 2023,25 Treasure Island,Connector,Weekday,900
October 2023,25 Treasure Island,Connector,Weekday,"1,000"
November 2023,25 Treasure Island,Connector,Weekday,900
December 2023,25 Treasure Island,Connector,Weekday,900
January 2024,25 Treasure Island,Connector,Weekday,900
February 2024,25 Treasure Island,Connector,Weekday,900
March 2024,25 Treasure Island,Connector,Weekday,900
April 2024,25 Treasure Island,Connector,Weekday,900
May 2024,25 Treasure Island,Connector,Weekday,"1,000"
June 2024,25 Treasure Island,Connector,Weekday,"1,000"
July 2024,25 Treasure Island,Connector,Weekday,900
August 2024,25 Treasure Island,Connector,Weekday,900
September 2024,25 Treasure Island,Connector,Weekday,"1,100"
October 2024,25 Treasure Island,Connector,Weekday,"1,100"
November 2024,25 Treasure Island,Connector,Weekday,"1,000"
December 2024,25 Treasure Island,Connector,Weekday,"1,100"
January 2025,25 Treasure Island,Connector,Weekday,"1,500"
February 2025,25 Treasure Island,Connector,Weekday,"1,600"
March 2025,25 Treasure Island,Connector,Weekday,"1,600"
April 2025,25 Treasure Island,Connector,Weekday,"1,600"
May 2025,25 Treasure Island,Connector,Weekday,"1,600"
June 2025,25 Treasure Island,Connector,Weekday,"1,400"
July 2025,25 Treasure Island,Connector,Weekday,"1,400"
August 2025,25 Treasure Island,Connector,Weekday,"1,600"
September 2025,25 Treasure Island,Connector,Weekday,"1,700"
October 2025,25 Treasure Island,Connector,Weekday,"1,700"
November 2025,25 Treasure Island,Connector,Weekday,"1,500"
December 2025,25 Treasure Island,Connector,Weekday,"1,400"
January 2026,25 Treasure Island,Connector,Weekday,"1,500"
February 2026,25 Treasure Island,Connector,Weekday,"1,500"
March 2026,25 Treasure Island,Connector,Weekday,"1,500"
April 2026,25 Treasure Island,Connector,Weekday,"1,600"
May 2026,25 Treasure Island,Connector,Weekday,"1,600"
June 2026,25 Treasure Island,Connector,Weekday,"1,600"
July 2026,25 Treasure Island,Connector,Weekday,"1,600"
August 2026,25 Treasure Island,Connector,Weekday,"1,700"
January 2019,27 Bryant,Grid,Weekday,"5,600"
February 2019,27 Bryant,Grid,Weekday,"5,600"
March 2019,27 Bryant,Grid,Weekday,"5,600"
April 2019,27 Bryant,Grid,Weekday,"5,800"
May 2019,27 Bryant,Grid,Weekday,"6,100"
June 2019,27 Bryant,Grid,Weekday,"6,000"
July 2019,27 Bryant,Grid,Weekday,"5,600"
August 2019,27 Bryant,Grid,Weekday,"5,600"
September 2019,27 Bryant,Grid,Weekday,"6,100"
October 2019,27 Bryant,Grid,Weekday,"6,000"
November 2019,27 Bryant,Grid,Weekday,"5,500"
December 2019,27 Bryant,Grid,Weekday,"5,100"
January 2020,27 Bryant,Grid,Weekday,"5,100"
February 2020,27 Bryant,Grid,Weekday,"5,400"
March 2020,27 Bryant,Grid,Weekday,"3,200"
April 2020,27 Bryant,Grid,Weekday,400
January 2021,27 Bryant,Grid,Weekday,200
February 2021,27 Bryant,Grid,Weekday,"1,100"
March 2021,27 Bryant,Grid,Weekday,"1,500"
April 2021,27 Bryant,Grid,Weekday,"1,900"
May 2021,27 Bryant,Grid,Weekday,"2,100"
June 2021,27 Bryant,Grid,Weekday,"2,400"
July 2021,27 Bryant,Grid,Weekday,"2,800"
August 2021,27 Bryant,Grid,Weekday,"3,000"
September 2021,27 Bryant,Grid,Weekday,"3,200"
October 2021,27 Bryant,Grid,Weekday,"3,000"
November 2021,27 Bryant,Grid,Weekday,"3,300"
December 2021,27 Bryant,Grid,Weekday,"3,000"
January 2022,27 Bryant,Grid,Weekday,"3,000"
February 2022,27 Bryant,Grid,Weekday,"2,800"
March 2022,27 Bryant,Grid,Weekday,"3,300"
April 2022,27 Bryant,Grid,Weekday,"3,500"
May 2022,27 Bryant,Grid,Weekday,"3,400"
June 2022,27 Bryant,Grid,Weekday,"3,400"
July 2022,27 Bryant,Grid,Weekday,"3,700"
August 2022,27 Bryant,Grid,Weekday,"3,900"
September 2022,27 Bryant,Grid,Weekday,"4,300"
October 2022,27 Bryant,Grid,Weekday,"4,400"
November 2022,27 Bryant,Grid,Weekday,"4,200"
December 2022,27 Bryant,Grid,Weekday,"4,100"
January 2023,27 Bryant,Grid,Weekday,"4,300"
February 2023,27 Bryant,Grid,Weekday,"4,600"
March 2023,27 Bryant,Grid,Weekday,"4,400"
April 2023,27 Bryant,Grid,Weekday,"4,700"
May 2023,27 Bryant,Grid,Weekday,"4,900"
June 2023,27 Bryant,Grid,Weekday,"4,800"
July 2023,27 Bryant,Grid,Weekday,"4,800"
August 2023,27 Bryant,Grid,Weekday,"5,000"
September 2023,27 Bryant,Grid,Weekday,"5,300"
October 2023,27 Bryant,Grid,Weekday,"5,400"
November 2023,27 Bryant,Grid,Weekday,"5,200"
December 2023,27 Bryant,Grid,Weekday,"5,000"
January 2024,27 Bryant,Grid,Weekday,"5,200"
February 2024,27 Bryant,Grid,Weekday,"5,600"
March 2024,27 Bryant,Grid,Weekday,"5,800"
April 2024,27 Bryant,Grid,Weekday,"5,700"
May 2024,27 Bryant,Grid,Weekday,"6,000"
June 2024,27 Bryant,Grid,Weekday,"5,700"
July 2024,27 Bryant,Grid,Weekday,"5,600"
August 2024,27 Bryant,Grid,Weekday,"5,900"
September 2024,27 Bryant,Grid,Weekday,"6,300"
October 2024,27 Bryant,Grid,Weekday,"6,300"
November 2024,27 Bryant,Grid,Weekday,"5,800"
December 2024,27 Bryant,Grid,Weekday,"5,700"
January 2025,27 Bryant,Grid,Weekday,"5,800"
February 2025,27 Bryant,Grid,Weekday,"6,100"
March 2025,27 Bryant,Grid,Weekday,"6,200"
April 2025,27 Bryant,Grid,Weekday,"6,100"
May 2025,27 Bryant,Grid,Weekday,"6,300"
June 2025,27 Bryant,Grid,Weekday,"5,900"
July 2025,27 Bryant,Grid,Weekday,"5,900"
August 2025,27 Bryant,Grid,Weekday,"6,200"
September 2025,27 Bryant,Grid,Weekday,"6,500"
October 2025,27 Bryant,Grid,Weekday,"6,500"
November 2025,27 Bryant,Grid,Weekday,"6,000"
December 2025,27 Bryant,Grid,Weekday,"5,800"
January 2026,27 Bryant,Grid,Weekday,"6,100"
February 2026,27 Bryant,Grid,Weekday,"6,000"
March 2026,27 Bryant,Grid,Weekday,"6,100"
April 2026,27 Bryant,Grid,Weekday,"5,900"
May 2026,27 Bryant,Grid,Weekday,"5,900"
June 2026,27 Bryant,Grid,Weekday,"5,600"
July 2026,27 Bryant,Grid,Weekday,"5,300"
August 2026,27 Bryant,Grid,Weekday,"5,500"
January 2019,28 19th Avenue,Frequent Local,Weekday,"11,000"
February 2019,28 19th Avenue,Frequent Local,Weekday,"12,900"
March 2019,28 19th Avenue,Frequent Local,Weekday,"12,100"
April 2019,28 19th Avenue,Frequent Local,Weekday,"13,800"
May 2019,28 19th Avenue,Frequent Local,Weekday,"13,300"
June 2019,28 19th Avenue,Frequent Local,Weekday,"11,800"
July 2019,28 19th Avenue,Frequent Local,Weekday,"11,500"
August 2019,28 19th Avenue,Frequent Local,Weekday,"11,800"
September 2019,28 19th Avenue,Frequent Local,Weekday,"14,100"
October 2019,28 19th Avenue,Frequent Local,Weekday,"13,600"
November 2019,28 19th Avenue,Frequent Local,Weekday,"11,700"
December 2019,28 19th Avenue,Frequent Local,Weekday,"10,700"
January 2020,28 19th Avenue,Frequent Local,Weekday,"10,400"
February 2020,28 19th Avenue,Frequent Local,Weekday,"13,000"
March 2020,28 19th Avenue,Frequent Local,Weekday,"6,400"
April 2020,28 19th Avenue,Frequent Local,Weekday,600
May 2020,28 19th Avenue,Frequent Local,Weekday,"1,100"
June 2020,28 19th Avenue,Frequent Local,Weekday,"1,700"
July 2020,28 19th Avenue,Frequent Local,Weekday,"1,800"
August 2020,28 19th Avenue,Frequent Local,Weekday,"2,000"
September 2020,28 19th Avenue,Frequent Local,Weekday,"2,500"
October 2020,28 19th Avenue,Frequent Local,Weekday,"2,900"
November 2020,28 19th Avenue,Frequent Local,Weekday,"2,900"
December 2020,28 19th Avenue,Frequent Local,Weekday,"2,600"
January 2021,28 19th Avenue,Frequent Local,Weekday,"2,600"
February 2021,28 19th Avenue,Frequent Local,Weekday,"2,900"
March 2021,28 19th Avenue,Frequent Local,Weekday,"3,000"
April 2021,28 19th Avenue,Frequent Local,Weekday,"3,200"
May 2021,28 19th Avenue,Frequent Local,Weekday,"3,600"
June 2021,28 19th Avenue,Frequent Local,Weekday,"3,900"
July 2021,28 19th Avenue,Frequent Local,Weekday,"4,000"
August 2021,28 19th Avenue,Frequent Local,Weekday,"5,200"
September 2021,28 19th Avenue,Frequent Local,Weekday,"6,400"
October 2021,28 19th Avenue,Frequent Local,Weekday,"6,000"
November 2021,28 19th Avenue,Frequent Local,Weekday,"5,700"
December 2021,28 19th Avenue,Frequent Local,Weekday,"5,200"
January 2022,28 19th Avenue,Frequent Local,Weekday,"4,900"
February 2022,28 19th Avenue,Frequent Local,Weekday,"5,600"
March 2022,28 19th Avenue,Frequent Local,Weekday,"6,500"
April 2022,28 19th Avenue,Frequent Local,Weekday,"7,200"
May 2022,28 19th Avenue,Frequent Local,Weekday,"7,700"
June 2022,28 19th Avenue,Frequent Local,Weekday,"7,200"
July 2022,28 19th Avenue,Frequent Local,Weekday,"8,900"
August 2022,28 19th Avenue,Frequent Local,Weekday,"11,500"
September 2022,28 19th Avenue,Frequent Local,Weekday,"12,700"
October 2022,28 19th Avenue,Frequent Local,Weekday,"11,900"
November 2022,28 19th Avenue,Frequent Local,Weekday,"10,400"
December 2022,28 19th Avenue,Frequent Local,Weekday,"8,900"
January 2023,28 19th Avenue,Frequent Local,Weekday,"9,000"
February 2023,28 19th Avenue,Frequent Local,Weekday,"10,800"
March 2023,28 19th Avenue,Frequent Local,Weekday,"10,800"
April 2023,28 19th Avenue,Frequent Local,Weekday,"12,300"
May 2023,28 19th Avenue,Frequent Local,Weekday,"12,100"
June 2023,28 19th Avenue,Frequent Local,Weekday,"10,700"
July 2023,28 19th Avenue,Frequent Local,Weekday,"11,800"
August 2023,28 19th Avenue,Frequent Local,Weekday,"12,700"
September 2023,28 19th Avenue,Frequent Local,Weekday,"11,700"
October 2023,28 19th Avenue,Frequent Local,Weekday,"11,100"
November 2023,28 19th Avenue,Frequent Local,Weekday,"9,200"
December 2023,28 19th Avenue,Frequent Local,Weekday,"8,800"
January 2024,28 19th Avenue,Frequent Local,Weekday,"8,400"
February 2024,28 19th Avenue,Frequent Local,Weekday,"10,300"
March 2024,28 19th Avenue,Frequent Local,Weekday,"10,800"
April 2024,28 19th Avenue,Frequent Local,Weekday,"10,900"
May 2024,28 19th Avenue,Frequent Local,Weekday,"11,500"
June 2024,28 19th Avenue,Frequent Local,Weekday,"9,900"
July 2024,28 19th Avenue,Frequent Local,Weekday,"10,900"
August 2024,28 19th Avenue,Frequent Local,Weekday,"12,400"
September 2024,28 19th Avenue,Frequent Local,Weekday,"13,500"
October 2024,28 19th Avenue,Frequent Local,Weekday,"12,600"
November 2024,28 19th Avenue,Frequent Local,Weekday,"9,900"
December 2024,28 19th Avenue,Frequent Local,Weekday,"9,700"
January 2025,28 19th Avenue,Frequent Local,Weekday,"9,500"
February 2025,28 19th Avenue,Frequent Local,Weekday,"10,600"
March 2025,28 19th Avenue,Frequent Local,Weekday,"10,700"
April 2025,28 19th Avenue,Frequent Local,Weekday,"11,800"
May 2025,28 19th Avenue,Frequent Local,Weekday,"11,900"
June 2025,28 19th Avenue,Frequent Local,Weekday,"10,000"
July 2025,28 19th Avenue,Frequent Local,Weekday,"10,600"
August 2025,28 19th Avenue,Frequent Local,Weekday,"12,100"
September 2025,28 19th Avenue,Frequent Local,Weekday,"12,600"
October 2025,28 19th Avenue,Frequent Local,Weekday,"12,300"
November 2025,28 19th Avenue,Frequent Local,Weekday,"10,200"
December 2025,28 19th Avenue,Frequent Local,Weekday,"9,400"
January 2026,28 19th Avenue,Frequent Local,Weekday,"9,600"
February 2026,28 19th Avenue,Frequent Local,Weekday,"10,700"
March 2026,28 19th Avenue,Frequent Local,Weekday,"11,200"
April 2026,28 19th Avenue,Frequent Local,Weekday,"11,400"
May 2026,28 19th Avenue,Frequent Local,Weekday,"11,300"
June 2026,28 19th Avenue,Frequent Local,Weekday,"10,400"
July 2026,28 19th Avenue,Frequent Local,Weekday,"10,700"
August 2026,28 19th Avenue,Frequent Local,Weekday,"11,800"
January 2019,28R 19th Avenue Rapid,Rapid Bus,Weekday,"5,100"
February 2019,28R 19th Avenue Rapid,Rapid Bus,Weekday,"6,100"
March 2019,28R 19th Avenue Rapid,Rapid Bus,Weekday,"5,600"
April 2019,28R 19th Avenue Rapid,Rapid Bus,Weekday,"6,200"
May 2019,28R 19th Avenue Rapid,Rapid Bus,Weekday,"5,900"
June 2019,28R 19th Avenue Rapid,Rapid Bus,Weekday,"4,600"
July 2019,28R 19th Avenue Rapid,Rapid Bus,Weekday,"4,200"
August 2019,28R 19th Avenue Rapid,Rapid Bus,Weekday,"4,100"
September 2019,28R 19th Avenue Rapid,Rapid Bus,Weekday,"6,600"
October 2019,28R 19th Avenue Rapid,Rapid Bus,Weekday,"6,600"
November 2019,28R 19th Avenue Rapid,Rapid Bus,Weekday,"5,600"
December 2019,28R 19th Avenue Rapid,Rapid Bus,Weekday,"5,100"
January 2020,28R 19th Avenue Rapid,Rapid Bus,Weekday,"5,200"
February 2020,28R 19th Avenue Rapid,Rapid Bus,Weekday,"6,400"
March 2020,28R 19th Avenue Rapid,Rapid Bus,Weekday,"2,700"
August 2023,28R 19th Avenue Rapid,Rapid Bus,Weekday,"1,500"
September 2023,28R 19th Avenue Rapid,Rapid Bus,Weekday,"3,700"
October 2023,28R 19th Avenue Rapid,Rapid Bus,Weekday,"3,700"
November 2023,28R 19th Avenue Rapid,Rapid Bus,Weekday,"3,400"
December 2023,28R 19th Avenue Rapid,Rapid Bus,Weekday,"2,800"
January 2024,28R 19th Avenue Rapid,Rapid Bus,Weekday,"2,800"
February 2024,28R 19th Avenue Rapid,Rapid Bus,Weekday,"3,900"
March 2024,28R 19th Avenue Rapid,Rapid Bus,Weekday,"3,700"
April 2024,28R 19th Avenue Rapid,Rapid Bus,Weekday,"3,800"
May 2024,28R 19th Avenue Rapid,Rapid Bus,Weekday,"3,700"
June 2024,28R 19th Avenue Rapid,Rapid Bus,Weekday,"2,600"
July 2024,28R 19th Avenue Rapid,Rapid Bus,Weekday,"2,500"
August 2024,28R 19th Avenue Rapid,Rapid Bus,Weekday,"3,500"
September 2024,28R 19th Avenue Rapid,Rapid Bus,Weekday,"5,100"
October 2024,28R 19th Avenue Rapid,Rapid Bus,Weekday,"4,900"
November 2024,28R 19th Avenue Rapid,Rapid Bus,Weekday,"3,900"
December 2024,28R 19th Avenue Rapid,Rapid Bus,Weekday,"3,700"
January 2025,28R 19th Avenue Rapid,Rapid Bus,Weekday,"3,400"
February 2025,28R 19th Avenue Rapid,Rapid Bus,Weekday,"4,500"
March 2025,28R 19th Avenue Rapid,Rapid Bus,Weekday,"4,100"
April 2025,28R 19th Avenue Rapid,Rapid Bus,Weekday,"4,400"
May 2025,28R 19th Avenue Rapid,Rapid Bus,Weekday,"4,100"
June 2025,28R 19th Avenue Rapid,Rapid Bus,Weekday,"2,900"
July 2025,28R 19th Avenue Rapid,Rapid Bus,Weekday,"3,100"
August 2025,28R 19th Avenue Rapid,Rapid Bus,Weekday,"3,800"
September 2025,28R 19th Avenue Rapid,Rapid Bus,Weekday,"5,200"
October 2025,28R 19th Avenue Rapid,Rapid Bus,Weekday,"5,100"
November 2025,28R 19th Avenue Rapid,Rapid Bus,Weekday,"4,300"
December 2025,28R 19th Avenue Rapid,Rapid Bus,Weekday,"3,900"
January 2026,28R 19th Avenue Rapid,Rapid Bus,Weekday,"3,800"
February 2026,28R 19th Avenue Rapid,Rapid Bus,Weekday,"4,700"
March 2026,28R 19th Avenue Rapid,Rapid Bus,Weekday,"4,500"
April 2026,28R 19th Avenue Rapid,Rapid Bus,Weekday,"4,800"
May 2026,28R 19th Avenue Rapid,Rapid Bus,Weekday,"4,400"
June 2026,28R 19th Avenue Rapid,Rapid Bus,Weekday,"3,300"
July 2026,28R 19th Avenue Rapid,Rapid Bus,Weekday,"3,300"
August 2026,28R 19th Avenue Rapid,Rapid Bus,Weekday,"4,200"
January 2019,29 Sunset,Grid,Weekday,"17,400"
February 2019,29 Sunset,Grid,Weekday,"18,500"
March 2019,29 Sunset,Grid,Weekday,"17,100"
April 2019,29 Sunset,Grid,Weekday,"18,400"
May 2019,29 Sunset,Grid,Weekday,"18,200"
June 2019,29 Sunset,Grid,Weekday,"16,500"
July 2019,29 Sunset,Grid,Weekday,"14,500"
August 2019,29 Sunset,Grid,Weekday,"14,200"
September 2019,29 Sunset,Grid,Weekday,"20,300"
October 2019,29 Sunset,Grid,Weekday,"19,700"
November 2019,29 Sunset,Grid,Weekday,"17,800"
December 2019,29 Sunset,Grid,Weekday,"15,500"
January 2020,29 Sunset,Grid,Weekday,"16,000"
February 2020,29 Sunset,Grid,Weekday,"19,000"
March 2020,29 Sunset,Grid,Weekday,"9,600"
April 2020,29 Sunset,Grid,Weekday,"3,500"
May 2020,29 Sunset,Grid,Weekday,"4,200"
June 2020,29 Sunset,Grid,Weekday,"5,400"
July 2020,29 Sunset,Grid,Weekday,"5,500"
August 2020,29 Sunset,Grid,Weekday,"5,600"
September 2020,29 Sunset,Grid,Weekday,"5,600"
October 2020,29 Sunset,Grid,Weekday,"6,000"
November 2020,29 Sunset,Grid,Weekday,"5,800"
December 2020,29 Sunset,Grid,Weekday,"5,400"
January 2021,29 Sunset,Grid,Weekday,"5,200"
February 2021,29 Sunset,Grid,Weekday,"5,800"
March 2021,29 Sunset,Grid,Weekday,"6,100"
April 2021,29 Sunset,Grid,Weekday,"6,700"
May 2021,29 Sunset,Grid,Weekday,"7,300"
June 2021,29 Sunset,Grid,Weekday,"7,600"
July 2021,29 Sunset,Grid,Weekday,"7,900"
August 2021,29 Sunset,Grid,Weekday,"9,800"
September 2021,29 Sunset,Grid,Weekday,"11,300"
October 2021,29 Sunset,Grid,Weekday,"10,500"
November 2021,29 Sunset,Grid,Weekday,"10,100"
December 2021,29 Sunset,Grid,Weekday,"8,600"
January 2022,29 Sunset,Grid,Weekday,"8,900"
February 2022,29 Sunset,Grid,Weekday,"9,700"
March 2022,29 Sunset,Grid,Weekday,"10,700"
April 2022,29 Sunset,Grid,Weekday,"11,300"
May 2022,29 Sunset,Grid,Weekday,"11,600"
June 2022,29 Sunset,Grid,Weekday,"9,800"
July 2022,29 Sunset,Grid,Weekday,"9,700"
August 2022,29 Sunset,Grid,Weekday,"12,200"
September 2022,29 Sunset,Grid,Weekday,"14,700"
October 2022,29 Sunset,Grid,Weekday,"14,100"
November 2022,29 Sunset,Grid,Weekday,"13,000"
December 2022,29 Sunset,Grid,Weekday,"11,200"
January 2023,29 Sunset,Grid,Weekday,"12,200"
February 2023,29 Sunset,Grid,Weekday,"14,200"
March 2023,29 Sunset,Grid,Weekday,"13,100"
April 2023,29 Sunset,Grid,Weekday,"14,800"
May 2023,29 Sunset,Grid,Weekday,"14,400"
June 2023,29 Sunset,Grid,Weekday,"11,900"
July 2023,29 Sunset,Grid,Weekday,"11,700"
August 2023,29 Sunset,Grid,Weekday,"14,200"
September 2023,29 Sunset,Grid,Weekday,"16,700"
October 2023,29 Sunset,Grid,Weekday,"16,700"
November 2023,29 Sunset,Grid,Weekday,"15,000"
December 2023,29 Sunset,Grid,Weekday,"13,400"
January 2024,29 Sunset,Grid,Weekday,"13,800"
February 2024,29 Sunset,Grid,Weekday,"15,900"
March 2024,29 Sunset,Grid,Weekday,"16,100"
April 2024,29 Sunset,Grid,Weekday,"15,400"
May 2024,29 Sunset,Grid,Weekday,"16,400"
June 2024,29 Sunset,Grid,Weekday,"13,400"
July 2024,29 Sunset,Grid,Weekday,"12,900"
August 2024,29 Sunset,Grid,Weekday,"15,000"
September 2024,29 Sunset,Grid,Weekday,"18,200"
October 2024,29 Sunset,Grid,Weekday,"18,100"
November 2024,29 Sunset,Grid,Weekday,"15,000"
December 2024,29 Sunset,Grid,Weekday,"14,600"
January 2025,29 Sunset,Grid,Weekday,"15,100"
February 2025,29 Sunset,Grid,Weekday,"16,400"
March 2025,29 Sunset,Grid,Weekday,"16,300"
April 2025,29 Sunset,Grid,Weekday,"16,300"
May 2025,29 Sunset,Grid,Weekday,"17,000"
June 2025,29 Sunset,Grid,Weekday,"13,600"
July 2025,29 Sunset,Grid,Weekday,"13,100"
August 2025,29 Sunset,Grid,Weekday,"15,400"
September 2025,29 Sunset,Grid,Weekday,"18,200"
October 2025,29 Sunset,Grid,Weekday,"18,000"
November 2025,29 Sunset,Grid,Weekday,"15,700"
December 2025,29 Sunset,Grid,Weekday,"14,600"
January 2026,29 Sunset,Grid,Weekday,"15,900"
February 2026,29 Sunset,Grid,Weekday,"15,900"
March 2026,29 Sunset,Grid,Weekday,"17,000"
April 2026,29 Sunset,Grid,Weekday,"16,700"
May 2026,29 Sunset,Grid,Weekday,"17,100"
June 2026,29 Sunset,Grid,Weekday,"14,600"
July 2026,29 Sunset,Grid,Weekday,"13,600"
August 2026,29 Sunset,Grid,Weekday,"15,600"
January 2019,30 Stockton,Frequent Local,Weekday,"22,300"
February 2019,30 Stockton,Frequent Local,Weekday,"23,200"
March 2019,30 Stockton,Frequent Local,Weekday,"24,200"
April 2019,30 Stockton,Frequent Local,Weekday,"23,600"
May 2019,30 Stockton,Frequent Local,Weekday,"25,300"
June 2019,30 Stockton,Frequent Local,Weekday,"24,900"
July 2019,30 Stockton,Frequent Local,Weekday,"24,800"
August 2019,30 Stockton,Frequent Local,Weekday,"25,100"
September 2019,30 Stockton,Frequent Local,Weekday,"26,300"
October 2019,30 Stockton,Frequent Local,Weekday,"25,900"
November 2019,30 Stockton,Frequent Local,Weekday,"24,800"
December 2019,30 Stockton,Frequent Local,Weekday,"24,700"
January 2020,30 Stockton,Frequent Local,Weekday,"24,600"
February 2020,30 Stockton,Frequent Local,Weekday,"24,500"
March 2020,30 Stockton,Frequent Local,Weekday,"13,100"
April 2020,30 Stockton,Frequent Local,Weekday,"1,200"
June 2020,30 Stockton,Frequent Local,Weekday,"2,200"
July 2020,30 Stockton,Frequent Local,Weekday,"4,500"
August 2020,30 Stockton,Frequent Local,Weekday,"4,500"
September 2020,30 Stockton,Frequent Local,Weekday,"4,400"
October 2020,30 Stockton,Frequent Local,Weekday,"4,600"
November 2020,30 Stockton,Frequent Local,Weekday,"4,500"
December 2020,30 Stockton,Frequent Local,Weekday,"3,800"
January 2021,30 Stockton,Frequent Local,Weekday,"4,200"
February 2021,30 Stockton,Frequent Local,Weekday,"7,400"
March 2021,30 Stockton,Frequent Local,Weekday,"7,800"
April 2021,30 Stockton,Frequent Local,Weekday,"8,400"
May 2021,30 Stockton,Frequent Local,Weekday,"9,200"
June 2021,30 Stockton,Frequent Local,Weekday,"10,700"
July 2021,30 Stockton,Frequent Local,Weekday,"11,800"
August 2021,30 Stockton,Frequent Local,Weekday,"12,900"
September 2021,30 Stockton,Frequent Local,Weekday,"14,600"
October 2021,30 Stockton,Frequent Local,Weekday,"13,600"
November 2021,30 Stockton,Frequent Local,Weekday,"9,800"
December 2021,30 Stockton,Frequent Local,Weekday,"9,600"
January 2022,30 Stockton,Frequent Local,Weekday,"9,300"
February 2022,30 Stockton,Frequent Local,Weekday,"9,200"
March 2022,30 Stockton,Frequent Local,Weekday,"11,100"
April 2022,30 Stockton,Frequent Local,Weekday,"13,300"
May 2022,30 Stockton,Frequent Local,Weekday,"14,500"
June 2022,30 Stockton,Frequent Local,Weekday,"14,400"
July 2022,30 Stockton,Frequent Local,Weekday,"14,300"
August 2022,30 Stockton,Frequent Local,Weekday,"15,100"
September 2022,30 Stockton,Frequent Local,Weekday,"16,300"
October 2022,30 Stockton,Frequent Local,Weekday,"16,100"
November 2022,30 Stockton,Frequent Local,Weekday,"15,400"
December 2022,30 Stockton,Frequent Local,Weekday,"15,000"
January 2023,30 Stockton,Frequent Local,Weekday,"14,600"
February 2023,30 Stockton,Frequent Local,Weekday,"14,800"
March 2023,30 Stockton,Frequent Local,Weekday,"15,000"
April 2023,30 Stockton,Frequent Local,Weekday,"16,000"
May 2023,30 Stockton,Frequent Local,Weekday,"16,000"
June 2023,30 Stockton,Frequent Local,Weekday,"15,800"
July 2023,30 Stockton,Frequent Local,Weekday,"15,900"
August 2023,30 Stockton,Frequent Local,Weekday,"16,700"
September 2023,30 Stockton,Frequent Local,Weekday,"16,700"
October 2023,30 Stockton,Frequent Local,Weekday,"16,300"
November 2023,30 Stockton,Frequent Local,Weekday,"14,200"
December 2023,30 Stockton,Frequent Local,Weekday,"15,000"
January 2024,30 Stockton,Frequent Local,Weekday,"15,200"
February 2024,30 Stockton,Frequent Local,Weekday,"15,300"
March 2024,30 Stockton,Frequent Local,Weekday,"16,200"
April 2024,30 Stockton,Frequent Local,Weekday,"16,300"
May 2024,30 Stockton,Frequent Local,Weekday,"17,200"
June 2024,30 Stockton,Frequent Local,Weekday,"16,400"
July 2024,30 Stockton,Frequent Local,Weekday,"16,400"
August 2024,30 Stockton,Frequent Local,Weekday,"17,000"
September 2024,30 Stockton,Frequent Local,Weekday,"17,700"
October 2024,30 Stockton,Frequent Local,Weekday,"17,500"
November 2024,30 Stockton,Frequent Local,Weekday,"15,600"
December 2024,30 Stockton,Frequent Local,Weekday,"15,900"
January 2025,30 Stockton,Frequent Local,Weekday,"16,000"
February 2025,30 Stockton,Frequent Local,Weekday,"13,000"
March 2025,30 Stockton,Frequent Local,Weekday,"14,500"
April 2025,30 Stockton,Frequent Local,Weekday,"15,900"
May 2025,30 Stockton,Frequent Local,Weekday,"16,400"
June 2025,30 Stockton,Frequent Local,Weekday,"15,400"
July 2025,30 Stockton,Frequent Local,Weekday,"15,700"
August 2025,30 Stockton,Frequent Local,Weekday,"16,300"
September 2025,30 Stockton,Frequent Local,Weekday,"16,300"
October 2025,30 Stockton,Frequent Local,Weekday,"15,800"
November 2025,30 Stockton,Frequent Local,Weekday,"14,600"
December 2025,30 Stockton,Frequent Local,Weekday,"13,800"
January 2026,30 Stockton,Frequent Local,Weekday,"14,700"
February 2026,30 Stockton,Frequent Local,Weekday,"14,500"
March 2026,30 Stockton,Frequent Local,Weekday,"15,000"
April 2026,30 Stockton,Frequent Local,Weekday,"14,900"
May 2026,30 Stockton,Frequent Local,Weekday,"15,400"
June 2026,30 Stockton,Frequent Local,Weekday,"14,800"
July 2026,30 Stockton,Frequent Local,Weekday,"15,200"
August 2026,30 Stockton,Frequent Local,Weekday,"15,700"
January 2019,30X Marina Express,Specialized,Weekday,"3,000"
February 2019,30X Marina Express,Specialized,Weekday,"3,300"
March 2019,30X Marina Express,Specialized,Weekday,"3,100"
April 2019,30X Marina Express,Specialized,Weekday,"3,100"
May 2019,30X Marina Express,Specialized,Weekday,"3,100"
June 2019,30X Marina Express,Specialized,Weekday,"3,200"
July 2019,30X Marina Express,Specialized,Weekday,"3,000"
August 2019,30X Marina Express,Specialized,Weekday,"2,900"
September 2019,30X Marina Express,Specialized,Weekday,"3,100"
October 2019,30X Marina Express,Specialized,Weekday,"3,400"
November 2019,30X Marina Express,Specialized,Weekday,"3,000"
December 2019,30X Marina Express,Specialized,Weekday,"2,300"
January 2020,30X Marina Express,Specialized,Weekday,"3,300"
February 2020,30X Marina Express,Specialized,Weekday,"3,300"
March 2020,30X Marina Express,Specialized,Weekday,"1,100"
February 2025,30X Marina Express,Specialized,Weekday,100
March 2025,30X Marina Express,Specialized,Weekday,100
April 2025,30X Marina Express,Specialized,Weekday,100
May 2025,30X Marina Express,Specialized,Weekday,100
June 2025,30X Marina Express,Specialized,Weekday,100
July 2025,30X Marina Express,Specialized,Weekday,100
August 2025,30X Marina Express,Specialized,Weekday,100
September 2025,30X Marina Express,Specialized,Weekday,200
October 2025,30X Marina Express,Specialized,Weekday,200
November 2025,30X Marina Express,Specialized,Weekday,200
December 2025,30X Marina Express,Specialized,Weekday,100
January 2026,30X Marina Express,Specialized,Weekday,200
February 2026,30X Marina Express,Specialized,Weekday,200
March 2026,30X Marina Express,Specialized,Weekday,200
April 2026,30X Marina Express,Specialized,Weekday,200
May 2026,30X Marina Express,Specialized,Weekday,200
June 2026,30X Marina Express,Specialized,Weekday,200
July 2026,30X Marina Express,Specialized,Weekday,200
August 2026,30X Marina Express,Specialized,Weekday,200
January 2019,31 Balboa,Grid,Weekday,"9,100"
February 2019,31 Balboa,Grid,Weekday,"10,200"
March 2019,31 Balboa,Grid,Weekday,"9,600"
April 2019,31 Balboa,Grid,Weekday,"9,200"
May 2019,31 Balboa,Grid,Weekday,"9,400"
June 2019,31 Balboa,Grid,Weekday,"8,900"
July 2019,31 Balboa,Grid,Weekday,"8,400"
August 2019,31 Balboa,Grid,Weekday,"8,500"
September 2019,31 Balboa,Grid,Weekday,"11,000"
October 2019,31 Balboa,Grid,Weekday,"10,500"
November 2019,31 Balboa,Grid,Weekday,"10,000"
December 2019,31 Balboa,Grid,Weekday,"8,700"
January 2020,31 Balboa,Grid,Weekday,"9,500"
February 2020,31 Balboa,Grid,Weekday,"10,300"
March 2020,31 Balboa,Grid,Weekday,"5,100"
April 2020,31 Balboa,Grid,Weekday,400
August 2021,31 Balboa,Grid,Weekday,"1,400"
September 2021,31 Balboa,Grid,Weekday,"2,700"
October 2021,31 Balboa,Grid,Weekday,"2,600"
November 2021,31 Balboa,Grid,Weekday,"2,700"
December 2021,31 Balboa,Grid,Weekday,"2,200"
January 2022,31 Balboa,Grid,Weekday,"2,200"
February 2022,31 Balboa,Grid,Weekday,"2,900"
March 2022,31 Balboa,Grid,Weekday,"3,000"
April 2022,31 Balboa,Grid,Weekday,"3,200"
May 2022,31 Balboa,Grid,Weekday,"3,200"
June 2022,31 Balboa,Grid,Weekday,"2,800"
July 2022,31 Balboa,Grid,Weekday,"2,900"
August 2022,31 Balboa,Grid,Weekday,"3,500"
September 2022,31 Balboa,Grid,Weekday,"4,300"
October 2022,31 Balboa,Grid,Weekday,"4,000"
November 2022,31 Balboa,Grid,Weekday,"3,800"
December 2022,31 Balboa,Grid,Weekday,"3,200"
January 2023,31 Balboa,Grid,Weekday,"3,400"
February 2023,31 Balboa,Grid,Weekday,"3,900"
March 2023,31 Balboa,Grid,Weekday,"3,700"
April 2023,31 Balboa,Grid,Weekday,"4,100"
May 2023,31 Balboa,Grid,Weekday,"3,900"
June 2023,31 Balboa,Grid,Weekday,"3,400"
July 2023,31 Balboa,Grid,Weekday,"3,300"
August 2023,31 Balboa,Grid,Weekday,"4,100"
September 2023,31 Balboa,Grid,Weekday,"4,800"
October 2023,31 Balboa,Grid,Weekday,"4,800"
November 2023,31 Balboa,Grid,Weekday,"4,500"
December 2023,31 Balboa,Grid,Weekday,"3,900"
January 2024,31 Balboa,Grid,Weekday,"4,100"
February 2024,31 Balboa,Grid,Weekday,"4,800"
March 2024,31 Balboa,Grid,Weekday,"4,800"
April 2024,31 Balboa,Grid,Weekday,"4,900"
May 2024,31 Balboa,Grid,Weekday,"4,700"
June 2024,31 Balboa,Grid,Weekday,"4,200"
July 2024,31 Balboa,Grid,Weekday,"4,100"
August 2024,31 Balboa,Grid,Weekday,"4,800"
September 2024,31 Balboa,Grid,Weekday,"5,500"
October 2024,31 Balboa,Grid,Weekday,"5,400"
November 2024,31 Balboa,Grid,Weekday,"4,800"
December 2024,31 Balboa,Grid,Weekday,"4,400"
January 2025,31 Balboa,Grid,Weekday,"4,600"
February 2025,31 Balboa,Grid,Weekday,"5,000"
March 2025,31 Balboa,Grid,Weekday,"4,900"
April 2025,31 Balboa,Grid,Weekday,"4,900"
May 2025,31 Balboa,Grid,Weekday,"4,700"
June 2025,31 Balboa,Grid,Weekday,"4,000"
July 2025,31 Balboa,Grid,Weekday,"3,400"
August 2025,31 Balboa,Grid,Weekday,"4,200"
September 2025,31 Balboa,Grid,Weekday,"4,700"
October 2025,31 Balboa,Grid,Weekday,"4,500"
November 2025,31 Balboa,Grid,Weekday,"4,100"
December 2025,31 Balboa,Grid,Weekday,"3,500"
January 2026,31 Balboa,Grid,Weekday,"3,800"
February 2026,31 Balboa,Grid,Weekday,"4,000"
March 2026,31 Balboa,Grid,Weekday,"4,100"
April 2026,31 Balboa,Grid,Weekday,"4,100"
May 2026,31 Balboa,Grid,Weekday,"4,200"
June 2026,31 Balboa,Grid,Weekday,"3,500"
July 2026,31 Balboa,Grid,Weekday,"3,400"
August 2026,31 Balboa,Grid,Weekday,"3,900"
January 2019,31AX Balboa A Express,Specialized,Weekday,"1,200"
February 2019,31AX Balboa A Express,Specialized,Weekday,"1,200"
March 2019,31AX Balboa A Express,Specialized,Weekday,"1,200"
April 2019,31AX Balboa A Express,Specialized,Weekday,"1,200"
May 2019,31AX Balboa A Express,Specialized,Weekday,"1,200"
June 2019,31AX Balboa A Express,Specialized,Weekday,"1,200"
July 2019,31AX Balboa A Express,Specialized,Weekday,"1,300"
August 2019,31AX Balboa A Express,Specialized,Weekday,"1,300"
September 2019,31AX Balboa A Express,Specialized,Weekday,"1,300"
October 2019,31AX Balboa A Express,Specialized,Weekday,"1,200"
November 2019,31AX Balboa A Express,Specialized,Weekday,"1,200"
December 2019,31AX Balboa A Express,Specialized,Weekday,"1,200"
January 2020,31AX Balboa A Express,Specialized,Weekday,"1,300"
February 2020,31AX Balboa A Express,Specialized,Weekday,"1,300"
March 2020,31AX Balboa A Express,Specialized,Weekday,"1,000"
January 2019,31BX Balboa B Express,Specialized,Weekday,"1,000"
February 2019,31BX Balboa B Express,Specialized,Weekday,"1,000"
March 2019,31BX Balboa B Express,Specialized,Weekday,"1,000"
April 2019,31BX Balboa B Express,Specialized,Weekday,"1,100"
May 2019,31BX Balboa B Express,Specialized,Weekday,"1,000"
June 2019,31BX Balboa B Express,Specialized,Weekday,"1,000"
July 2019,31BX Balboa B Express,Specialized,Weekday,"1,100"
August 2019,31BX Balboa B Express,Specialized,Weekday,"1,000"
September 2019,31BX Balboa B Express,Specialized,Weekday,"1,100"
October 2019,31BX Balboa B Express,Specialized,Weekday,"1,100"
November 2019,31BX Balboa B Express,Specialized,Weekday,"1,000"
December 2019,31BX Balboa B Express,Specialized,Weekday,900
January 2020,31BX Balboa B Express,Specialized,Weekday,"1,100"
February 2020,31BX Balboa B Express,Specialized,Weekday,"1,100"
March 2020,31BX Balboa B Express,Specialized,Weekday,700
January 2019,33 Ashbury/18th,Grid,Weekday,"5,900"
February 2019,33 Ashbury/18th,Grid,Weekday,"6,300"
March 2019,33 Ashbury/18th,Grid,Weekday,"6,000"
April 2019,33 Ashbury/18th,Grid,Weekday,"6,100"
May 2019,33 Ashbury/18th,Grid,Weekday,"6,300"
June 2019,33 Ashbury/18th,Grid,Weekday,"6,300"
July 2019,33 Ashbury/18th,Grid,Weekday,"6,100"
August 2019,33 Ashbury/18th,Grid,Weekday,"5,800"
September 2019,33 Ashbury/18th,Grid,Weekday,"7,000"
October 2019,33 Ashbury/18th,Grid,Weekday,"6,800"
November 2019,33 Ashbury/18th,Grid,Weekday,"6,300"
December 2019,33 Ashbury/18th,Grid,Weekday,"5,900"
January 2020,33 Ashbury/18th,Grid,Weekday,"6,300"
February 2020,33 Ashbury/18th,Grid,Weekday,"6,900"
March 2020,33 Ashbury/18th,Grid,Weekday,"3,300"
April 2020,33 Ashbury/18th,Grid,Weekday,300
January 2021,33 Ashbury/18th,Grid,Weekday,300
February 2021,33 Ashbury/18th,Grid,Weekday,"1,600"
March 2021,33 Ashbury/18th,Grid,Weekday,"1,900"
April 2021,33 Ashbury/18th,Grid,Weekday,"2,200"
May 2021,33 Ashbury/18th,Grid,Weekday,"2,400"
June 2021,33 Ashbury/18th,Grid,Weekday,"2,700"
July 2021,33 Ashbury/18th,Grid,Weekday,"2,900"
August 2021,33 Ashbury/18th,Grid,Weekday,"3,200"
September 2021,33 Ashbury/18th,Grid,Weekday,"3,600"
October 2021,33 Ashbury/18th,Grid,Weekday,"3,500"
November 2021,33 Ashbury/18th,Grid,Weekday,"3,600"
December 2021,33 Ashbury/18th,Grid,Weekday,"3,100"
January 2022,33 Ashbury/18th,Grid,Weekday,"3,100"
February 2022,33 Ashbury/18th,Grid,Weekday,"3,600"
March 2022,33 Ashbury/18th,Grid,Weekday,"3,400"
April 2022,33 Ashbury/18th,Grid,Weekday,"4,200"
May 2022,33 Ashbury/18th,Grid,Weekday,"4,400"
June 2022,33 Ashbury/18th,Grid,Weekday,"4,300"
July 2022,33 Ashbury/18th,Grid,Weekday,"4,100"
August 2022,33 Ashbury/18th,Grid,Weekday,"4,600"
September 2022,33 Ashbury/18th,Grid,Weekday,"4,900"
October 2022,33 Ashbury/18th,Grid,Weekday,"5,100"
November 2022,33 Ashbury/18th,Grid,Weekday,"4,700"
December 2022,33 Ashbury/18th,Grid,Weekday,"4,200"
January 2023,33 Ashbury/18th,Grid,Weekday,"4,700"
February 2023,33 Ashbury/18th,Grid,Weekday,"4,900"
March 2023,33 Ashbury/18th,Grid,Weekday,"4,900"
April 2023,33 Ashbury/18th,Grid,Weekday,"5,300"
May 2023,33 Ashbury/18th,Grid,Weekday,"5,300"
June 2023,33 Ashbury/18th,Grid,Weekday,"5,000"
July 2023,33 Ashbury/18th,Grid,Weekday,"5,000"
August 2023,33 Ashbury/18th,Grid,Weekday,"5,400"
September 2023,33 Ashbury/18th,Grid,Weekday,"5,700"
October 2023,33 Ashbury/18th,Grid,Weekday,"5,900"
November 2023,33 Ashbury/18th,Grid,Weekday,"5,400"
December 2023,33 Ashbury/18th,Grid,Weekday,"5,100"
January 2024,33 Ashbury/18th,Grid,Weekday,"5,100"
February 2024,33 Ashbury/18th,Grid,Weekday,"4,900"
March 2024,33 Ashbury/18th,Grid,Weekday,"5,000"
April 2024,33 Ashbury/18th,Grid,Weekday,"4,800"
May 2024,33 Ashbury/18th,Grid,Weekday,"5,100"
June 2024,33 Ashbury/18th,Grid,Weekday,"4,800"
July 2024,33 Ashbury/18th,Grid,Weekday,"4,700"
August 2024,33 Ashbury/18th,Grid,Weekday,"4,800"
September 2024,33 Ashbury/18th,Grid,Weekday,"5,100"
October 2024,33 Ashbury/18th,Grid,Weekday,"5,000"
November 2024,33 Ashbury/18th,Grid,Weekday,"4,500"
December 2024,33 Ashbury/18th,Grid,Weekday,"4,200"
January 2025,33 Ashbury/18th,Grid,Weekday,"4,500"
February 2025,33 Ashbury/18th,Grid,Weekday,"4,600"
March 2025,33 Ashbury/18th,Grid,Weekday,"4,800"
April 2025,33 Ashbury/18th,Grid,Weekday,"4,700"
May 2025,33 Ashbury/18th,Grid,Weekday,"4,900"
June 2025,33 Ashbury/18th,Grid,Weekday,"4,600"
July 2025,33 Ashbury/18th,Grid,Weekday,"4,500"
August 2025,33 Ashbury/18th,Grid,Weekday,"4,800"
September 2025,33 Ashbury/18th,Grid,Weekday,"5,000"
October 2025,33 Ashbury/18th,Grid,Weekday,"5,000"
November 2025,33 Ashbury/18th,Grid,Weekday,"4,600"
December 2025,33 Ashbury/18th,Grid,Weekday,"4,200"
January 2026,33 Ashbury/18th,Grid,Weekday,"4,600"
February 2026,33 Ashbury/18th,Grid,Weekday,"4,700"
March 2026,33 Ashbury/18th,Grid,Weekday,"4,800"
April 2026,33 Ashbury/18th,Grid,Weekday,"4,700"
May 2026,33 Ashbury/18th,Grid,Weekday,"4,900"
June 2026,33 Ashbury/18th,Grid,Weekday,"4,800"
July 2026,33 Ashbury/18th,Grid,Weekday,"4,500"
August 2026,33 Ashbury/18th,Grid,Weekday,"4,500"
January 2019,35 Eureka,Connector,Weekday,"1,100"
February 2019,35 Eureka,Connector,Weekday,"1,100"
March 2019,35 Eureka,Connector,Weekday,"1,300"
April 2019,35 Eureka,Connector,Weekday,"1,200"
May 2019,35 Eureka,Connector,Weekday,"1,300"
June 2019,35 Eureka,Connector,Weekday,"1,200"
July 2019,35 Eureka,Connector,Weekday,"1,200"
August 2019,35 Eureka,Connector,Weekday,"1,000"
September 2019,35 Eureka,Connector,Weekday,"1,200"
October 2019,35 Eureka,Connector,Weekday,"1,300"
November 2019,35 Eureka,Connector,Weekday,"1,200"
December 2019,35 Eureka,Connector,Weekday,600
January 2020,35 Eureka,Connector,Weekday,600
February 2020,35 Eureka,Connector,Weekday,"1,200"
March 2020,35 Eureka,Connector,Weekday,400
September 2022,35 Eureka,Connector,Weekday,
November 2022,35 Eureka,Connector,Weekday,100
December 2022,35 Eureka,Connector,Weekday,200
January 2023,35 Eureka,Connector,Weekday,200
February 2023,35 Eureka,Connector,Weekday,200
March 2023,35 Eureka,Connector,Weekday,300
April 2023,35 Eureka,Connector,Weekday,300
May 2023,35 Eureka,Connector,Weekday,400
June 2023,35 Eureka,Connector,Weekday,400
July 2023,35 Eureka,Connector,Weekday,400
August 2023,35 Eureka,Connector,Weekday,300
September 2023,35 Eureka,Connector,Weekday,400
October 2023,35 Eureka,Connector,Weekday,100
November 2023,35 Eureka,Connector,Weekday,200
December 2023,35 Eureka,Connector,Weekday,300
January 2024,35 Eureka,Connector,Weekday,300
February 2024,35 Eureka,Connector,Weekday,400
March 2024,35 Eureka,Connector,Weekday,400
April 2024,35 Eureka,Connector,Weekday,300
May 2024,35 Eureka,Connector,Weekday,400
June 2024,35 Eureka,Connector,Weekday,400
July 2024,35 Eureka,Connector,Weekday,300
August 2024,35 Eureka,Connector,Weekday,400
September 2024,35 Eureka,Connector,Weekday,400
October 2024,35 Eureka,Connector,Weekday,500
November 2024,35 Eureka,Connector,Weekday,400
December 2024,35 Eureka,Connector,Weekday,400
January 2025,35 Eureka,Connector,Weekday,500
February 2025,35 Eureka,Connector,Weekday,600
March 2025,35 Eureka,Connector,Weekday,500
April 2025,35 Eureka,Connector,Weekday,500
May 2025,35 Eureka,Connector,Weekday,600
June 2025,35 Eureka,Connector,Weekday,500
July 2025,35 Eureka,Connector,Weekday,500
August 2025,35 Eureka,Connector,Weekday,600
September 2025,35 Eureka,Connector,Weekday,600
October 2025,35 Eureka,Connector,Weekday,600
November 2025,35 Eureka,Connector,Weekday,500
December 2025,35 Eureka,Connector,Weekday,500
January 2026,35 Eureka,Connector,Weekday,600
February 2026,35 Eureka,Connector,Weekday,500
March 2026,35 Eureka,Connector,Weekday,600
April 2026,35 Eureka,Connector,Weekday,600
May 2026,35 Eureka,Connector,Weekday,600
June 2026,35 Eureka,Connector,Weekday,600
July 2026,35 Eureka,Connector,Weekday,500
August 2026,35 Eureka,Connector,Weekday,600
January 2019,36 Teresita,Connector,Weekday,"1,200"
February 2019,36 Teresita,Connector,Weekday,"1,200"
March 2019,36 Teresita,Connector,Weekday,"1,100"
April 2019,36 Teresita,Connector,Weekday,"1,200"
May 2019,36 Teresita,Connector,Weekday,"1,400"
June 2019,36 Teresita,Connector,Weekday,"1,400"
July 2019,36 Teresita,Connector,Weekday,"1,500"
August 2019,36 Teresita,Connector,Weekday,"1,600"
September 2019,36 Teresita,Connector,Weekday,"1,700"
October 2019,36 Teresita,Connector,Weekday,"2,000"
November 2019,36 Teresita,Connector,Weekday,"1,000"
December 2019,36 Teresita,Connector,Weekday,"1,100"
January 2020,36 Teresita,Connector,Weekday,"1,000"
February 2020,36 Teresita,Connector,Weekday,"1,000"
March 2020,36 Teresita,Connector,Weekday,600
September 2022,36 Teresita,Connector,Weekday,100
October 2022,36 Teresita,Connector,Weekday,100
November 2022,36 Teresita,Connector,Weekday,400
December 2022,36 Teresita,Connector,Weekday,200
January 2023,36 Teresita,Connector,Weekday,500
February 2023,36 Teresita,Connector,Weekday,600
March 2023,36 Teresita,Connector,Weekday,600
April 2023,36 Teresita,Connector,Weekday,600
May 2023,36 Teresita,Connector,Weekday,700
June 2023,36 Teresita,Connector,Weekday,700
July 2023,36 Teresita,Connector,Weekday,700
August 2023,36 Teresita,Connector,Weekday,700
September 2023,36 Teresita,Connector,Weekday,700
October 2023,36 Teresita,Connector,Weekday,700
November 2023,36 Teresita,Connector,Weekday,500
December 2023,36 Teresita,Connector,Weekday,600
January 2024,36 Teresita,Connector,Weekday,600
February 2024,36 Teresita,Connector,Weekday,700
March 2024,36 Teresita,Connector,Weekday,700
April 2024,36 Teresita,Connector,Weekday,700
May 2024,36 Teresita,Connector,Weekday,800
June 2024,36 Teresita,Connector,Weekday,500
July 2024,36 Teresita,Connector,Weekday,400
August 2024,36 Teresita,Connector,Weekday,400
September 2024,36 Teresita,Connector,Weekday,600
October 2024,36 Teresita,Connector,Weekday,700
November 2024,36 Teresita,Connector,Weekday,600
December 2024,36 Teresita,Connector,Weekday,700
January 2025,36 Teresita,Connector,Weekday,800
February 2025,36 Teresita,Connector,Weekday,700
March 2025,36 Teresita,Connector,Weekday,800
April 2025,36 Teresita,Connector,Weekday,800
May 2025,36 Teresita,Connector,Weekday,800
June 2025,36 Teresita,Connector,Weekday,700
July 2025,36 Teresita,Connector,Weekday,700
August 2025,36 Teresita,Connector,Weekday,800
September 2025,36 Teresita,Connector,Weekday,800
October 2025,36 Teresita,Connector,Weekday,800
November 2025,36 Teresita,Connector,Weekday,700
December 2025,36 Teresita,Connector,Weekday,700
January 2026,36 Teresita,Connector,Weekday,800
February 2026,36 Teresita,Connector,Weekday,800
March 2026,36 Teresita,Connector,Weekday,800
April 2026,36 Teresita,Connector,Weekday,800
May 2026,36 Teresita,Connector,Weekday,900
June 2026,36 Teresita,Connector,Weekday,800
July 2026,36 Teresita,Connector,Weekday,800
August 2026,36 Teresita,Connector,Weekday,800
January 2019,37 Corbett,Connector,Weekday,"2,100"
February 2019,37 Corbett,Connector,Weekday,"2,300"
March 2019,37 Corbett,Connector,Weekday,"2,400"
April 2019,37 Corbett,Connector,Weekday,"2,300"
May 2019,37 Corbett,Connector,Weekday,"2,400"
June 2019,37 Corbett,Connector,Weekday,"2,500"
July 2019,37 Corbett,Connector,Weekday,"2,300"
August 2019,37 Corbett,Connector,Weekday,900
September 2019,37 Corbett,Connector,Weekday,"2,300"
October 2019,37 Corbett,Connector,Weekday,"2,300"
November 2019,37 Corbett,Connector,Weekday,"2,200"
December 2019,37 Corbett,Connector,Weekday,"2,200"
January 2020,37 Corbett,Connector,Weekday,"2,100"
February 2020,37 Corbett,Connector,Weekday,"2,300"
March 2020,37 Corbett,Connector,Weekday,"1,500"
August 2020,37 Corbett,Connector,Weekday,200
September 2020,37 Corbett,Connector,Weekday,200
October 2020,37 Corbett,Connector,Weekday,
November 2020,37 Corbett,Connector,Weekday,
December 2020,37 Corbett,Connector,Weekday,100
September 2022,37 Corbett,Connector,Weekday,100
October 2022,37 Corbett,Connector,Weekday,700
November 2022,37 Corbett,Connector,Weekday,600
December 2022,37 Corbett,Connector,Weekday,600
January 2023,37 Corbett,Connector,Weekday,900
February 2023,37 Corbett,Connector,Weekday,"1,000"
March 2023,37 Corbett,Connector,Weekday,"1,000"
April 2023,37 Corbett,Connector,Weekday,"1,000"
May 2023,37 Corbett,Connector,Weekday,"1,000"
June 2023,37 Corbett,Connector,Weekday,900
July 2023,37 Corbett,Connector,Weekday,900
August 2023,37 Corbett,Connector,Weekday,"1,100"
September 2023,37 Corbett,Connector,Weekday,"1,200"
October 2023,37 Corbett,Connector,Weekday,"1,100"
November 2023,37 Corbett,Connector,Weekday,"1,000"
December 2023,37 Corbett,Connector,Weekday,900
January 2024,37 Corbett,Connector,Weekday,"1,000"
February 2024,37 Corbett,Connector,Weekday,"1,100"
March 2024,37 Corbett,Connector,Weekday,"1,200"
April 2024,37 Corbett,Connector,Weekday,"1,200"
May 2024,37 Corbett,Connector,Weekday,"1,200"
June 2024,37 Corbett,Connector,Weekday,"1,100"
July 2024,37 Corbett,Connector,Weekday,"1,200"
August 2024,37 Corbett,Connector,Weekday,"1,200"
September 2024,37 Corbett,Connector,Weekday,"1,100"
October 2024,37 Corbett,Connector,Weekday,"1,300"
November 2024,37 Corbett,Connector,Weekday,"1,100"
December 2024,37 Corbett,Connector,Weekday,"1,000"
January 2025,37 Corbett,Connector,Weekday,"1,100"
February 2025,37 Corbett,Connector,Weekday,"1,100"
March 2025,37 Corbett,Connector,Weekday,"1,200"
April 2025,37 Corbett,Connector,Weekday,"1,100"
May 2025,37 Corbett,Connector,Weekday,"1,200"
June 2025,37 Corbett,Connector,Weekday,"1,100"
July 2025,37 Corbett,Connector,Weekday,"1,100"
August 2025,37 Corbett,Connector,Weekday,"1,300"
September 2025,37 Corbett,Connector,Weekday,"1,300"
October 2025,37 Corbett,Connector,Weekday,"1,300"
November 2025,37 Corbett,Connector,Weekday,"1,100"
December 2025,37 Corbett,Connector,Weekday,"1,100"
January 2026,37 Corbett,Connector,Weekday,"1,200"
February 2026,37 Corbett,Connector,Weekday,"1,200"
March 2026,37 Corbett,Connector,Weekday,"1,300"
April 2026,37 Corbett,Connector,Weekday,"1,300"
May 2026,37 Corbett,Connector,Weekday,"1,300"
June 2026,37 Corbett,Connector,Weekday,"1,300"
July 2026,37 Corbett,Connector,Weekday,"1,300"
August 2026,37 Corbett,Connector,Weekday,"1,400"
January 2019,38 Geary,Frequent Local,Weekday,"20,800"
February 2019,38 Geary,Frequent Local,Weekday,"20,800"
March 2019,38 Geary,Frequent Local,Weekday,"21,000"
April 2019,38 Geary,Frequent Local,Weekday,"21,100"
May 2019,38 Geary,Frequent Local,Weekday,"21,400"
June 2019,38 Geary,Frequent Local,Weekday,"20,900"
July 2019,38 Geary,Frequent Local,Weekday,"19,900"
August 2019,38 Geary,Frequent Local,Weekday,"20,600"
September 2019,38 Geary,Frequent Local,Weekday,"21,300"
October 2019,38 Geary,Frequent Local,Weekday,"21,900"
November 2019,38 Geary,Frequent Local,Weekday,"21,700"
December 2019,38 Geary,Frequent Local,Weekday,"21,000"
January 2020,38 Geary,Frequent Local,Weekday,"22,100"
February 2020,38 Geary,Frequent Local,Weekday,"22,800"
March 2020,38 Geary,Frequent Local,Weekday,"13,400"
April 2020,38 Geary,Frequent Local,Weekday,"7,200"
May 2020,38 Geary,Frequent Local,Weekday,"7,100"
June 2020,38 Geary,Frequent Local,Weekday,"8,100"
July 2020,38 Geary,Frequent Local,Weekday,"8,900"
August 2020,38 Geary,Frequent Local,Weekday,"9,000"
September 2020,38 Geary,Frequent Local,Weekday,"9,400"
October 2020,38 Geary,Frequent Local,Weekday,"10,000"
November 2020,38 Geary,Frequent Local,Weekday,"10,000"
December 2020,38 Geary,Frequent Local,Weekday,"9,500"
January 2021,38 Geary,Frequent Local,Weekday,"9,300"
February 2021,38 Geary,Frequent Local,Weekday,"10,800"
March 2021,38 Geary,Frequent Local,Weekday,"11,100"
April 2021,38 Geary,Frequent Local,Weekday,"11,300"
May 2021,38 Geary,Frequent Local,Weekday,"11,500"
June 2021,38 Geary,Frequent Local,Weekday,"12,400"
July 2021,38 Geary,Frequent Local,Weekday,"13,000"
August 2021,38 Geary,Frequent Local,Weekday,"13,600"
September 2021,38 Geary,Frequent Local,Weekday,"14,700"
October 2021,38 Geary,Frequent Local,Weekday,"14,400"
November 2021,38 Geary,Frequent Local,Weekday,"14,500"
December 2021,38 Geary,Frequent Local,Weekday,"13,000"
January 2022,38 Geary,Frequent Local,Weekday,"12,500"
February 2022,38 Geary,Frequent Local,Weekday,"13,200"
March 2022,38 Geary,Frequent Local,Weekday,"14,400"
April 2022,38 Geary,Frequent Local,Weekday,"15,300"
May 2022,38 Geary,Frequent Local,Weekday,"16,300"
June 2022,38 Geary,Frequent Local,Weekday,"15,900"
July 2022,38 Geary,Frequent Local,Weekday,"15,400"
August 2022,38 Geary,Frequent Local,Weekday,"16,900"
September 2022,38 Geary,Frequent Local,Weekday,"18,600"
October 2022,38 Geary,Frequent Local,Weekday,"18,100"
November 2022,38 Geary,Frequent Local,Weekday,"17,400"
December 2022,38 Geary,Frequent Local,Weekday,"16,600"
January 2023,38 Geary,Frequent Local,Weekday,"16,300"
February 2023,38 Geary,Frequent Local,Weekday,"16,900"
March 2023,38 Geary,Frequent Local,Weekday,"16,500"
April 2023,38 Geary,Frequent Local,Weekday,"17,600"
May 2023,38 Geary,Frequent Local,Weekday,"17,800"
June 2023,38 Geary,Frequent Local,Weekday,"16,400"
July 2023,38 Geary,Frequent Local,Weekday,"15,900"
August 2023,38 Geary,Frequent Local,Weekday,"16,800"
September 2023,38 Geary,Frequent Local,Weekday,"17,500"
October 2023,38 Geary,Frequent Local,Weekday,"17,700"
November 2023,38 Geary,Frequent Local,Weekday,"16,800"
December 2023,38 Geary,Frequent Local,Weekday,"16,000"
January 2024,38 Geary,Frequent Local,Weekday,"16,300"
February 2024,38 Geary,Frequent Local,Weekday,"17,100"
March 2024,38 Geary,Frequent Local,Weekday,"17,700"
April 2024,38 Geary,Frequent Local,Weekday,"17,300"
May 2024,38 Geary,Frequent Local,Weekday,"17,900"
June 2024,38 Geary,Frequent Local,Weekday,"16,900"
July 2024,38 Geary,Frequent Local,Weekday,"16,600"
August 2024,38 Geary,Frequent Local,Weekday,"17,800"
September 2024,38 Geary,Frequent Local,Weekday,"19,000"
October 2024,38 Geary,Frequent Local,Weekday,"18,800"
November 2024,38 Geary,Frequent Local,Weekday,"17,200"
December 2024,38 Geary,Frequent Local,Weekday,"17,100"
January 2025,38 Geary,Frequent Local,Weekday,"17,700"
February 2025,38 Geary,Frequent Local,Weekday,"17,100"
March 2025,38 Geary,Frequent Local,Weekday,"17,400"
April 2025,38 Geary,Frequent Local,Weekday,"17,300"
May 2025,38 Geary,Frequent Local,Weekday,"18,400"
June 2025,38 Geary,Frequent Local,Weekday,"16,800"
July 2025,38 Geary,Frequent Local,Weekday,"16,900"
August 2025,38 Geary,Frequent Local,Weekday,"17,800"
September 2025,38 Geary,Frequent Local,Weekday,"18,900"
October 2025,38 Geary,Frequent Local,Weekday,"19,000"
November 2025,38 Geary,Frequent Local,Weekday,"17,600"
December 2025,38 Geary,Frequent Local,Weekday,"17,200"
January 2026,38 Geary,Frequent Local,Weekday,"18,200"
February 2026,38 Geary,Frequent Local,Weekday,"17,800"
March 2026,38 Geary,Frequent Local,Weekday,"18,400"
April 2026,38 Geary,Frequent Local,Weekday,"17,900"
May 2026,38 Geary,Frequent Local,Weekday,"18,800"
June 2026,38 Geary,Frequent Local,Weekday,"17,700"
July 2026,38 Geary,Frequent Local,Weekday,"17,400"
August 2026,38 Geary,Frequent Local,Weekday,"18,100"
January 2019,38AX Geary A Express,Specialized,Weekday,900
February 2019,38AX Geary A Express,Specialized,Weekday,900
March 2019,38AX Geary A Express,Specialized,Weekday,900
April 2019,38AX Geary A Express,Specialized,Weekday,900
May 2019,38AX Geary A Express,Specialized,Weekday,900
June 2019,38AX Geary A Express,Specialized,Weekday,900
July 2019,38AX Geary A Express,Specialized,Weekday,"1,000"
August 2019,38AX Geary A Express,Specialized,Weekday,900
September 2019,38AX Geary A Express,Specialized,Weekday,"1,000"
October 2019,38AX Geary A Express,Specialized,Weekday,"1,000"
November 2019,38AX Geary A Express,Specialized,Weekday,900
December 2019,38AX Geary A Express,Specialized,Weekday,800
January 2020,38AX Geary A Express,Specialized,Weekday,"1,000"
February 2020,38AX Geary A Express,Specialized,Weekday,"1,000"
March 2020,38AX Geary A Express,Specialized,Weekday,800
January 2019,38BX Geary B Express,Specialized,Weekday,"1,200"
February 2019,38BX Geary B Express,Specialized,Weekday,"1,200"
March 2019,38BX Geary B Express,Specialized,Weekday,"1,100"
April 2019,38BX Geary B Express,Specialized,Weekday,"1,200"
May 2019,38BX Geary B Express,Specialized,Weekday,"1,100"
June 2019,38BX Geary B Express,Specialized,Weekday,"1,200"
July 2019,38BX Geary B Express,Specialized,Weekday,"1,200"
August 2019,38BX Geary B Express,Specialized,Weekday,"1,200"
September 2019,38BX Geary B Express,Specialized,Weekday,"1,200"
October 2019,38BX Geary B Express,Specialized,Weekday,"1,200"
November 2019,38BX Geary B Express,Specialized,Weekday,"1,000"
December 2019,38BX Geary B Express,Specialized,Weekday,"1,000"
January 2020,38BX Geary B Express,Specialized,Weekday,"1,200"
February 2020,38BX Geary B Express,Specialized,Weekday,"1,100"
March 2020,38BX Geary B Express,Specialized,Weekday,800
January 2019,38R Geary Rapid,Rapid Bus,Weekday,"32,300"
February 2019,38R Geary Rapid,Rapid Bus,Weekday,"31,400"
March 2019,38R Geary Rapid,Rapid Bus,Weekday,"32,200"
April 2019,38R Geary Rapid,Rapid Bus,Weekday,"34,000"
May 2019,38R Geary Rapid,Rapid Bus,Weekday,"34,000"
June 2019,38R Geary Rapid,Rapid Bus,Weekday,"31,800"
July 2019,38R Geary Rapid,Rapid Bus,Weekday,"30,800"
August 2019,38R Geary Rapid,Rapid Bus,Weekday,"31,000"
September 2019,38R Geary Rapid,Rapid Bus,Weekday,"33,600"
October 2019,38R Geary Rapid,Rapid Bus,Weekday,"33,700"
November 2019,38R Geary Rapid,Rapid Bus,Weekday,"32,200"
December 2019,38R Geary Rapid,Rapid Bus,Weekday,"30,300"
January 2020,38R Geary Rapid,Rapid Bus,Weekday,"32,200"
February 2020,38R Geary Rapid,Rapid Bus,Weekday,"33,600"
March 2020,38R Geary Rapid,Rapid Bus,Weekday,"18,900"
April 2020,38R Geary Rapid,Rapid Bus,Weekday,"3,200"
May 2020,38R Geary Rapid,Rapid Bus,Weekday,"6,000"
June 2020,38R Geary Rapid,Rapid Bus,Weekday,"7,800"
July 2020,38R Geary Rapid,Rapid Bus,Weekday,"8,700"
August 2020,38R Geary Rapid,Rapid Bus,Weekday,"8,800"
September 2020,38R Geary Rapid,Rapid Bus,Weekday,"9,300"
October 2020,38R Geary Rapid,Rapid Bus,Weekday,"9,800"
November 2020,38R Geary Rapid,Rapid Bus,Weekday,"9,600"
December 2020,38R Geary Rapid,Rapid Bus,Weekday,"9,100"
January 2021,38R Geary Rapid,Rapid Bus,Weekday,"8,500"
February 2021,38R Geary Rapid,Rapid Bus,Weekday,"8,500"
March 2021,38R Geary Rapid,Rapid Bus,Weekday,"9,000"
April 2021,38R Geary Rapid,Rapid Bus,Weekday,"9,600"
May 2021,38R Geary Rapid,Rapid Bus,Weekday,"10,600"
June 2021,38R Geary Rapid,Rapid Bus,Weekday,"11,700"
July 2021,38R Geary Rapid,Rapid Bus,Weekday,"12,500"
August 2021,38R Geary Rapid,Rapid Bus,Weekday,"13,500"
September 2021,38R Geary Rapid,Rapid Bus,Weekday,"14,200"
October 2021,38R Geary Rapid,Rapid Bus,Weekday,"14,000"
November 2021,38R Geary Rapid,Rapid Bus,Weekday,"15,100"
December 2021,38R Geary Rapid,Rapid Bus,Weekday,"14,600"
January 2022,38R Geary Rapid,Rapid Bus,Weekday,"14,000"
February 2022,38R Geary Rapid,Rapid Bus,Weekday,"14,700"
March 2022,38R Geary Rapid,Rapid Bus,Weekday,"16,000"
April 2022,38R Geary Rapid,Rapid Bus,Weekday,"16,500"
May 2022,38R Geary Rapid,Rapid Bus,Weekday,"16,700"
June 2022,38R Geary Rapid,Rapid Bus,Weekday,"15,900"
July 2022,38R Geary Rapid,Rapid Bus,Weekday,"16,100"
August 2022,38R Geary Rapid,Rapid Bus,Weekday,"17,200"
September 2022,38R Geary Rapid,Rapid Bus,Weekday,"18,000"
October 2022,38R Geary Rapid,Rapid Bus,Weekday,"18,400"
November 2022,38R Geary Rapid,Rapid Bus,Weekday,"17,700"
December 2022,38R Geary Rapid,Rapid Bus,Weekday,"16,700"
January 2023,38R Geary Rapid,Rapid Bus,Weekday,"17,900"
February 2023,38R Geary Rapid,Rapid Bus,Weekday,"19,200"
March 2023,38R Geary Rapid,Rapid Bus,Weekday,"18,800"
April 2023,38R Geary Rapid,Rapid Bus,Weekday,"20,200"
May 2023,38R Geary Rapid,Rapid Bus,Weekday,"20,400"
June 2023,38R Geary Rapid,Rapid Bus,Weekday,"20,600"
July 2023,38R Geary Rapid,Rapid Bus,Weekday,"21,400"
August 2023,38R Geary Rapid,Rapid Bus,Weekday,"22,700"
September 2023,38R Geary Rapid,Rapid Bus,Weekday,"23,700"
October 2023,38R Geary Rapid,Rapid Bus,Weekday,"24,100"
November 2023,38R Geary Rapid,Rapid Bus,Weekday,"22,300"
December 2023,38R Geary Rapid,Rapid Bus,Weekday,"22,100"
January 2024,38R Geary Rapid,Rapid Bus,Weekday,"22,600"
February 2024,38R Geary Rapid,Rapid Bus,Weekday,"24,000"
March 2024,38R Geary Rapid,Rapid Bus,Weekday,"24,500"
April 2024,38R Geary Rapid,Rapid Bus,Weekday,"24,000"
May 2024,38R Geary Rapid,Rapid Bus,Weekday,"24,900"
June 2024,38R Geary Rapid,Rapid Bus,Weekday,"23,800"
July 2024,38R Geary Rapid,Rapid Bus,Weekday,"23,500"
August 2024,38R Geary Rapid,Rapid Bus,Weekday,"24,600"
September 2024,38R Geary Rapid,Rapid Bus,Weekday,"26,100"
October 2024,38R Geary Rapid,Rapid Bus,Weekday,"26,300"
November 2024,38R Geary Rapid,Rapid Bus,Weekday,"23,900"
December 2024,38R Geary Rapid,Rapid Bus,Weekday,"23,800"
January 2025,38R Geary Rapid,Rapid Bus,Weekday,"25,100"
February 2025,38R Geary Rapid,Rapid Bus,Weekday,"25,700"
March 2025,38R Geary Rapid,Rapid Bus,Weekday,"26,100"
April 2025,38R Geary Rapid,Rapid Bus,Weekday,"26,400"
May 2025,38R Geary Rapid,Rapid Bus,Weekday,"27,100"
June 2025,38R Geary Rapid,Rapid Bus,Weekday,"25,900"
July 2025,38R Geary Rapid,Rapid Bus,Weekday,"25,700"
August 2025,38R Geary Rapid,Rapid Bus,Weekday,"27,200"
September 2025,38R Geary Rapid,Rapid Bus,Weekday,"27,800"
October 2025,38R Geary Rapid,Rapid Bus,Weekday,"28,100"
November 2025,38R Geary Rapid,Rapid Bus,Weekday,"26,300"
December 2025,38R Geary Rapid,Rapid Bus,Weekday,"25,200"
January 2026,38R Geary Rapid,Rapid Bus,Weekday,"27,400"
February 2026,38R Geary Rapid,Rapid Bus,Weekday,"27,400"
March 2026,38R Geary Rapid,Rapid Bus,Weekday,"29,100"
April 2026,38R Geary Rapid,Rapid Bus,Weekday,"28,700"
May 2026,38R Geary Rapid,Rapid Bus,Weekday,"29,100"
June 2026,38R Geary Rapid,Rapid Bus,Weekday,"28,100"
July 2026,38R Geary Rapid,Rapid Bus,Weekday,"27,600"
August 2026,38R Geary Rapid,Rapid Bus,Weekday,"28,800"
January 2019,39 Coit,Connector,Weekday,400
February 2019,39 Coit,Connector,Weekday,300
March 2019,39 Coit,Connector,Weekday,400
April 2019,39 Coit,Connector,Weekday,500
May 2019,39 Coit,Connector,Weekday,500
June 2019,39 Coit,Connector,Weekday,400
July 2019,39 Coit,Connector,Weekday,500
August 2019,39 Coit,Connector,Weekday,600
September 2019,39 Coit,Connector,Weekday,500
October 2019,39 Coit,Connector,Weekday,500
November 2019,39 Coit,Connector,Weekday,300
December 2019,39 Coit,Connector,Weekday,400
January 2020,39 Coit,Connector,Weekday,400
February 2020,39 Coit,Connector,Weekday,300
March 2020,39 Coit,Connector,Weekday,300
August 2021,39 Coit,Connector,Weekday,
October 2022,39 Coit,Connector,Weekday,
November 2022,39 Coit,Connector,Weekday,
December 2022,39 Coit,Connector,Weekday,100
January 2023,39 Coit,Connector,Weekday,
February 2023,39 Coit,Connector,Weekday,100
March 2023,39 Coit,Connector,Weekday,100
April 2023,39 Coit,Connector,Weekday,
May 2023,39 Coit,Connector,Weekday,100
June 2023,39 Coit,Connector,Weekday,100
July 2023,39 Coit,Connector,Weekday,300
August 2023,39 Coit,Connector,Weekday,200
September 2023,39 Coit,Connector,Weekday,100
October 2023,39 Coit,Connector,Weekday,100
December 2023,39 Coit,Connector,Weekday,100
January 2024,39 Coit,Connector,Weekday,100
February 2024,39 Coit,Connector,Weekday,100
March 2024,39 Coit,Connector,Weekday,200
April 2024,39 Coit,Connector,Weekday,200
May 2024,39 Coit,Connector,Weekday,200
June 2024,39 Coit,Connector,Weekday,200
July 2024,39 Coit,Connector,Weekday,300
August 2024,39 Coit,Connector,Weekday,300
September 2024,39 Coit,Connector,Weekday,200
October 2024,39 Coit,Connector,Weekday,200
November 2024,39 Coit,Connector,Weekday,200
December 2024,39 Coit,Connector,Weekday,200
January 2025,39 Coit,Connector,Weekday,200
February 2025,39 Coit,Connector,Weekday,200
March 2025,39 Coit,Connector,Weekday,100
April 2025,39 Coit,Connector,Weekday,200
May 2025,39 Coit,Connector,Weekday,200
June 2025,39 Coit,Connector,Weekday,300
July 2025,39 Coit,Connector,Weekday,300
August 2025,39 Coit,Connector,Weekday,300
September 2025,39 Coit,Connector,Weekday,300
October 2025,39 Coit,Connector,Weekday,300
November 2025,39 Coit,Connector,Weekday,200
December 2025,39 Coit,Connector,Weekday,200
January 2026,39 Coit,Connector,Weekday,200
February 2026,39 Coit,Connector,Weekday,200
March 2026,39 Coit,Connector,Weekday,200
April 2026,39 Coit,Connector,Weekday,300
May 2026,39 Coit,Connector,Weekday,300
June 2026,39 Coit,Connector,Weekday,200
July 2026,39 Coit,Connector,Weekday,300
August 2026,39 Coit,Connector,Weekday,300
January 2019,41 Union,Specialized,Weekday,"3,600"
February 2019,41 Union,Specialized,Weekday,"3,800"
March 2019,41 Union,Specialized,Weekday,"3,600"
April 2019,41 Union,Specialized,Weekday,"3,500"
May 2019,41 Union,Specialized,Weekday,"3,700"
June 2019,41 Union,Specialized,Weekday,"3,600"
July 2019,41 Union,Specialized,Weekday,"3,400"
August 2019,41 Union,Specialized,Weekday,"3,400"
September 2019,41 Union,Specialized,Weekday,"3,900"
October 2019,41 Union,Specialized,Weekday,"3,900"
November 2019,41 Union,Specialized,Weekday,"3,600"
December 2019,41 Union,Specialized,Weekday,"2,900"
January 2020,41 Union,Specialized,Weekday,"3,600"
February 2020,41 Union,Specialized,Weekday,"3,900"
March 2020,41 Union,Specialized,Weekday,"1,600"
January 2019,43 Masonic,Grid,Weekday,"12,900"
February 2019,43 Masonic,Grid,Weekday,"13,400"
March 2019,43 Masonic,Grid,Weekday,"12,900"
April 2019,43 Masonic,Grid,Weekday,"13,500"
May 2019,43 Masonic,Grid,Weekday,"13,500"
June 2019,43 Masonic,Grid,Weekday,"12,800"
July 2019,43 Masonic,Grid,Weekday,"11,600"
August 2019,43 Masonic,Grid,Weekday,"11,400"
September 2019,43 Masonic,Grid,Weekday,"14,200"
October 2019,43 Masonic,Grid,Weekday,"13,600"
November 2019,43 Masonic,Grid,Weekday,"12,900"
December 2019,43 Masonic,Grid,Weekday,"11,500"
January 2020,43 Masonic,Grid,Weekday,"13,000"
February 2020,43 Masonic,Grid,Weekday,"13,900"
March 2020,43 Masonic,Grid,Weekday,"6,700"
April 2020,43 Masonic,Grid,Weekday,500
June 2020,43 Masonic,Grid,Weekday,900
July 2020,43 Masonic,Grid,Weekday,"1,900"
August 2020,43 Masonic,Grid,Weekday,"2,100"
September 2020,43 Masonic,Grid,Weekday,"2,300"
October 2020,43 Masonic,Grid,Weekday,"2,600"
November 2020,43 Masonic,Grid,Weekday,"2,400"
December 2020,43 Masonic,Grid,Weekday,"2,200"
January 2021,43 Masonic,Grid,Weekday,"2,200"
February 2021,43 Masonic,Grid,Weekday,"2,600"
March 2021,43 Masonic,Grid,Weekday,"2,800"
April 2021,43 Masonic,Grid,Weekday,"3,100"
May 2021,43 Masonic,Grid,Weekday,"3,300"
June 2021,43 Masonic,Grid,Weekday,"3,400"
July 2021,43 Masonic,Grid,Weekday,"3,500"
August 2021,43 Masonic,Grid,Weekday,"4,100"
September 2021,43 Masonic,Grid,Weekday,"4,500"
October 2021,43 Masonic,Grid,Weekday,"4,500"
November 2021,43 Masonic,Grid,Weekday,"4,100"
December 2021,43 Masonic,Grid,Weekday,"3,600"
January 2022,43 Masonic,Grid,Weekday,"3,700"
February 2022,43 Masonic,Grid,Weekday,"4,000"
March 2022,43 Masonic,Grid,Weekday,"4,500"
April 2022,43 Masonic,Grid,Weekday,"4,900"
May 2022,43 Masonic,Grid,Weekday,"5,200"
June 2022,43 Masonic,Grid,Weekday,"4,900"
July 2022,43 Masonic,Grid,Weekday,"5,500"
August 2022,43 Masonic,Grid,Weekday,"6,800"
September 2022,43 Masonic,Grid,Weekday,"7,900"
October 2022,43 Masonic,Grid,Weekday,"7,900"
November 2022,43 Masonic,Grid,Weekday,"7,200"
December 2022,43 Masonic,Grid,Weekday,"6,400"
January 2023,43 Masonic,Grid,Weekday,"7,000"
February 2023,43 Masonic,Grid,Weekday,"7,900"
March 2023,43 Masonic,Grid,Weekday,"7,600"
April 2023,43 Masonic,Grid,Weekday,"8,200"
May 2023,43 Masonic,Grid,Weekday,"8,200"
June 2023,43 Masonic,Grid,Weekday,"7,600"
July 2023,43 Masonic,Grid,Weekday,"7,300"
August 2023,43 Masonic,Grid,Weekday,"8,600"
September 2023,43 Masonic,Grid,Weekday,"9,600"
October 2023,43 Masonic,Grid,Weekday,"9,600"
November 2023,43 Masonic,Grid,Weekday,"8,700"
December 2023,43 Masonic,Grid,Weekday,"7,800"
January 2024,43 Masonic,Grid,Weekday,"8,300"
February 2024,43 Masonic,Grid,Weekday,"9,100"
March 2024,43 Masonic,Grid,Weekday,"9,300"
April 2024,43 Masonic,Grid,Weekday,"9,000"
May 2024,43 Masonic,Grid,Weekday,"9,300"
June 2024,43 Masonic,Grid,Weekday,"8,200"
July 2024,43 Masonic,Grid,Weekday,"8,200"
August 2024,43 Masonic,Grid,Weekday,"9,000"
September 2024,43 Masonic,Grid,Weekday,"10,300"
October 2024,43 Masonic,Grid,Weekday,"10,300"
November 2024,43 Masonic,Grid,Weekday,"9,000"
December 2024,43 Masonic,Grid,Weekday,"8,200"
January 2025,43 Masonic,Grid,Weekday,"9,100"
February 2025,43 Masonic,Grid,Weekday,"9,300"
March 2025,43 Masonic,Grid,Weekday,"9,400"
April 2025,43 Masonic,Grid,Weekday,"9,300"
May 2025,43 Masonic,Grid,Weekday,"9,400"
June 2025,43 Masonic,Grid,Weekday,"8,500"
July 2025,43 Masonic,Grid,Weekday,"8,600"
August 2025,43 Masonic,Grid,Weekday,"9,500"
September 2025,43 Masonic,Grid,Weekday,"10,200"
October 2025,43 Masonic,Grid,Weekday,"10,200"
November 2025,43 Masonic,Grid,Weekday,"9,000"
December 2025,43 Masonic,Grid,Weekday,"8,200"
January 2026,43 Masonic,Grid,Weekday,"9,200"
February 2026,43 Masonic,Grid,Weekday,"9,500"
March 2026,43 Masonic,Grid,Weekday,"10,000"
April 2026,43 Masonic,Grid,Weekday,"9,700"
May 2026,43 Masonic,Grid,Weekday,"9,900"
June 2026,43 Masonic,Grid,Weekday,"8,800"
July 2026,43 Masonic,Grid,Weekday,"8,700"
August 2026,43 Masonic,Grid,Weekday,"9,500"
January 2019,44 O'Shaughnessy,Grid,Weekday,"16,400"
February 2019,44 O'Shaughnessy,Grid,Weekday,"16,300"
March 2019,44 O'Shaughnessy,Grid,Weekday,"15,000"
April 2019,44 O'Shaughnessy,Grid,Weekday,"16,500"
May 2019,44 O'Shaughnessy,Grid,Weekday,"16,800"
June 2019,44 O'Shaughnessy,Grid,Weekday,"16,400"
July 2019,44 O'Shaughnessy,Grid,Weekday,"15,000"
August 2019,44 O'Shaughnessy,Grid,Weekday,"15,600"
September 2019,44 O'Shaughnessy,Grid,Weekday,"16,600"
October 2019,44 O'Shaughnessy,Grid,Weekday,"16,500"
November 2019,44 O'Shaughnessy,Grid,Weekday,"14,900"
December 2019,44 O'Shaughnessy,Grid,Weekday,"14,400"
January 2020,44 O'Shaughnessy,Grid,Weekday,"15,200"
February 2020,44 O'Shaughnessy,Grid,Weekday,"16,600"
March 2020,44 O'Shaughnessy,Grid,Weekday,"8,900"
April 2020,44 O'Shaughnessy,Grid,Weekday,"2,500"
May 2020,44 O'Shaughnessy,Grid,Weekday,"2,500"
June 2020,44 O'Shaughnessy,Grid,Weekday,"3,100"
July 2020,44 O'Shaughnessy,Grid,Weekday,"3,100"
August 2020,44 O'Shaughnessy,Grid,Weekday,"3,500"
September 2020,44 O'Shaughnessy,Grid,Weekday,"4,500"
October 2020,44 O'Shaughnessy,Grid,Weekday,"4,900"
November 2020,44 O'Shaughnessy,Grid,Weekday,"4,900"
December 2020,44 O'Shaughnessy,Grid,Weekday,"4,500"
January 2021,44 O'Shaughnessy,Grid,Weekday,"4,300"
February 2021,44 O'Shaughnessy,Grid,Weekday,"4,900"
March 2021,44 O'Shaughnessy,Grid,Weekday,"5,000"
April 2021,44 O'Shaughnessy,Grid,Weekday,"5,500"
May 2021,44 O'Shaughnessy,Grid,Weekday,"5,600"
June 2021,44 O'Shaughnessy,Grid,Weekday,"6,200"
July 2021,44 O'Shaughnessy,Grid,Weekday,"6,700"
August 2021,44 O'Shaughnessy,Grid,Weekday,"7,500"
September 2021,44 O'Shaughnessy,Grid,Weekday,"8,300"
October 2021,44 O'Shaughnessy,Grid,Weekday,"8,300"
November 2021,44 O'Shaughnessy,Grid,Weekday,"8,100"
December 2021,44 O'Shaughnessy,Grid,Weekday,"7,500"
January 2022,44 O'Shaughnessy,Grid,Weekday,"7,700"
February 2022,44 O'Shaughnessy,Grid,Weekday,"8,000"
March 2022,44 O'Shaughnessy,Grid,Weekday,"8,500"
April 2022,44 O'Shaughnessy,Grid,Weekday,"9,100"
May 2022,44 O'Shaughnessy,Grid,Weekday,"9,300"
June 2022,44 O'Shaughnessy,Grid,Weekday,"8,500"
July 2022,44 O'Shaughnessy,Grid,Weekday,"8,400"
August 2022,44 O'Shaughnessy,Grid,Weekday,"9,300"
September 2022,44 O'Shaughnessy,Grid,Weekday,"10,500"
October 2022,44 O'Shaughnessy,Grid,Weekday,"10,400"
November 2022,44 O'Shaughnessy,Grid,Weekday,"9,600"
December 2022,44 O'Shaughnessy,Grid,Weekday,"8,900"
January 2023,44 O'Shaughnessy,Grid,Weekday,"9,500"
February 2023,44 O'Shaughnessy,Grid,Weekday,"10,200"
March 2023,44 O'Shaughnessy,Grid,Weekday,"10,100"
April 2023,44 O'Shaughnessy,Grid,Weekday,"11,000"
May 2023,44 O'Shaughnessy,Grid,Weekday,"10,900"
June 2023,44 O'Shaughnessy,Grid,Weekday,"10,400"
July 2023,44 O'Shaughnessy,Grid,Weekday,"10,400"
August 2023,44 O'Shaughnessy,Grid,Weekday,"11,200"
September 2023,44 O'Shaughnessy,Grid,Weekday,"12,400"
October 2023,44 O'Shaughnessy,Grid,Weekday,"12,300"
November 2023,44 O'Shaughnessy,Grid,Weekday,"11,600"
December 2023,44 O'Shaughnessy,Grid,Weekday,"10,900"
January 2024,44 O'Shaughnessy,Grid,Weekday,"11,400"
February 2024,44 O'Shaughnessy,Grid,Weekday,"12,200"
March 2024,44 O'Shaughnessy,Grid,Weekday,"12,700"
April 2024,44 O'Shaughnessy,Grid,Weekday,"12,200"
May 2024,44 O'Shaughnessy,Grid,Weekday,"13,300"
June 2024,44 O'Shaughnessy,Grid,Weekday,"11,600"
July 2024,44 O'Shaughnessy,Grid,Weekday,"11,300"
August 2024,44 O'Shaughnessy,Grid,Weekday,"12,100"
September 2024,44 O'Shaughnessy,Grid,Weekday,"13,400"
October 2024,44 O'Shaughnessy,Grid,Weekday,"13,500"
November 2024,44 O'Shaughnessy,Grid,Weekday,"11,700"
December 2024,44 O'Shaughnessy,Grid,Weekday,"11,500"
January 2025,44 O'Shaughnessy,Grid,Weekday,"12,200"
February 2025,44 O'Shaughnessy,Grid,Weekday,"12,500"
March 2025,44 O'Shaughnessy,Grid,Weekday,"12,800"
April 2025,44 O'Shaughnessy,Grid,Weekday,"12,700"
May 2025,44 O'Shaughnessy,Grid,Weekday,"13,400"
June 2025,44 O'Shaughnessy,Grid,Weekday,"11,800"
July 2025,44 O'Shaughnessy,Grid,Weekday,"11,700"
August 2025,44 O'Shaughnessy,Grid,Weekday,"12,500"
September 2025,44 O'Shaughnessy,Grid,Weekday,"13,900"
October 2025,44 O'Shaughnessy,Grid,Weekday,"13,900"
November 2025,44 O'Shaughnessy,Grid,Weekday,"12,500"
December 2025,44 O'Shaughnessy,Grid,Weekday,"11,900"
January 2026,44 O'Shaughnessy,Grid,Weekday,"13,000"
February 2026,44 O'Shaughnessy,Grid,Weekday,"12,800"
March 2026,44 O'Shaughnessy,Grid,Weekday,"13,500"
April 2026,44 O'Shaughnessy,Grid,Weekday,"13,400"
May 2026,44 O'Shaughnessy,Grid,Weekday,"14,000"
June 2026,44 O'Shaughnessy,Grid,Weekday,"12,500"
July 2026,44 O'Shaughnessy,Grid,Weekday,"11,800"
August 2026,44 O'Shaughnessy,Grid,Weekday,"12,900"
January 2019,45 Union/Stockton,Grid,Weekday,"10,700"
February 2019,45 Union/Stockton,Grid,Weekday,"13,400"
March 2019,45 Union/Stockton,Grid,Weekday,"10,800"
April 2019,45 Union/Stockton,Grid,Weekday,"10,100"
May 2019,45 Union/Stockton,Grid,Weekday,"10,600"
June 2019,45 Union/Stockton,Grid,Weekday,"11,100"
July 2019,45 Union/Stockton,Grid,Weekday,"10,500"
August 2019,45 Union/Stockton,Grid,Weekday,"11,000"
September 2019,45 Union/Stockton,Grid,Weekday,"11,400"
October 2019,45 Union/Stockton,Grid,Weekday,"10,900"
November 2019,45 Union/Stockton,Grid,Weekday,"10,900"
December 2019,45 Union/Stockton,Grid,Weekday,"11,000"
January 2020,45 Union/Stockton,Grid,Weekday,"11,400"
February 2020,45 Union/Stockton,Grid,Weekday,"11,100"
March 2020,45 Union/Stockton,Grid,Weekday,"4,900"
April 2020,45 Union/Stockton,Grid,Weekday,500
August 2020,45 Union/Stockton,Grid,Weekday,800
September 2020,45 Union/Stockton,Grid,Weekday,"3,300"
October 2020,45 Union/Stockton,Grid,Weekday,"3,700"
November 2020,45 Union/Stockton,Grid,Weekday,"3,700"
December 2020,45 Union/Stockton,Grid,Weekday,"3,100"
January 2021,45 Union/Stockton,Grid,Weekday,"2,800"
February 2021,45 Union/Stockton,Grid,Weekday,"2,900"
March 2021,45 Union/Stockton,Grid,Weekday,"3,200"
April 2021,45 Union/Stockton,Grid,Weekday,"3,600"
May 2021,45 Union/Stockton,Grid,Weekday,"3,900"
June 2021,45 Union/Stockton,Grid,Weekday,"4,700"
July 2021,45 Union/Stockton,Grid,Weekday,"5,100"
August 2021,45 Union/Stockton,Grid,Weekday,"5,000"
September 2021,45 Union/Stockton,Grid,Weekday,"5,500"
October 2021,45 Union/Stockton,Grid,Weekday,"5,200"
November 2021,45 Union/Stockton,Grid,Weekday,"7,500"
December 2021,45 Union/Stockton,Grid,Weekday,"7,000"
January 2022,45 Union/Stockton,Grid,Weekday,"6,600"
February 2022,45 Union/Stockton,Grid,Weekday,"7,400"
March 2022,45 Union/Stockton,Grid,Weekday,"7,700"
April 2022,45 Union/Stockton,Grid,Weekday,"7,300"
May 2022,45 Union/Stockton,Grid,Weekday,"7,200"
June 2022,45 Union/Stockton,Grid,Weekday,"7,400"
July 2022,45 Union/Stockton,Grid,Weekday,"8,000"
August 2022,45 Union/Stockton,Grid,Weekday,"8,700"
September 2022,45 Union/Stockton,Grid,Weekday,"9,100"
October 2022,45 Union/Stockton,Grid,Weekday,"8,800"
November 2022,45 Union/Stockton,Grid,Weekday,"8,300"
December 2022,45 Union/Stockton,Grid,Weekday,"7,800"
January 2023,45 Union/Stockton,Grid,Weekday,"7,700"
February 2023,45 Union/Stockton,Grid,Weekday,"7,900"
March 2023,45 Union/Stockton,Grid,Weekday,"7,800"
April 2023,45 Union/Stockton,Grid,Weekday,"8,700"
May 2023,45 Union/Stockton,Grid,Weekday,"8,600"
June 2023,45 Union/Stockton,Grid,Weekday,"8,800"
July 2023,45 Union/Stockton,Grid,Weekday,"8,800"
August 2023,45 Union/Stockton,Grid,Weekday,"9,200"
September 2023,45 Union/Stockton,Grid,Weekday,"9,300"
October 2023,45 Union/Stockton,Grid,Weekday,"9,200"
November 2023,45 Union/Stockton,Grid,Weekday,"8,000"
December 2023,45 Union/Stockton,Grid,Weekday,"8,100"
January 2024,45 Union/Stockton,Grid,Weekday,"8,500"
February 2024,45 Union/Stockton,Grid,Weekday,"8,700"
March 2024,45 Union/Stockton,Grid,Weekday,"8,800"
April 2024,45 Union/Stockton,Grid,Weekday,"8,800"
May 2024,45 Union/Stockton,Grid,Weekday,"9,300"
June 2024,45 Union/Stockton,Grid,Weekday,"9,300"
July 2024,45 Union/Stockton,Grid,Weekday,"9,300"
August 2024,45 Union/Stockton,Grid,Weekday,"9,700"
September 2024,45 Union/Stockton,Grid,Weekday,"10,200"
October 2024,45 Union/Stockton,Grid,Weekday,"10,000"
November 2024,45 Union/Stockton,Grid,Weekday,"9,200"
December 2024,45 Union/Stockton,Grid,Weekday,"8,800"
January 2025,45 Union/Stockton,Grid,Weekday,"9,300"
February 2025,45 Union/Stockton,Grid,Weekday,"9,200"
March 2025,45 Union/Stockton,Grid,Weekday,"10,200"
April 2025,45 Union/Stockton,Grid,Weekday,"10,600"
May 2025,45 Union/Stockton,Grid,Weekday,"10,900"
June 2025,45 Union/Stockton,Grid,Weekday,"10,500"
July 2025,45 Union/Stockton,Grid,Weekday,"10,700"
August 2025,45 Union/Stockton,Grid,Weekday,"10,900"
September 2025,45 Union/Stockton,Grid,Weekday,"11,300"
October 2025,45 Union/Stockton,Grid,Weekday,"11,000"
November 2025,45 Union/Stockton,Grid,Weekday,"10,400"
December 2025,45 Union/Stockton,Grid,Weekday,"9,600"
January 2026,45 Union/Stockton,Grid,Weekday,"10,300"
February 2026,45 Union/Stockton,Grid,Weekday,"10,500"
March 2026,45 Union/Stockton,Grid,Weekday,"10,600"
April 2026,45 Union/Stockton,Grid,Weekday,"10,700"
May 2026,45 Union/Stockton,Grid,Weekday,"11,000"
June 2026,45 Union/Stockton,Grid,Weekday,"11,000"
July 2026,45 Union/Stockton,Grid,Weekday,"10,700"
August 2026,45 Union/Stockton,Grid,Weekday,"10,800"
January 2019,47 Van Ness,Frequent Local,Weekday,"11,400"
February 2019,47 Van Ness,Frequent Local,Weekday,"11,300"
March 2019,47 Van Ness,Frequent Local,Weekday,"11,600"
April 2019,47 Van Ness,Frequent Local,Weekday,"12,100"
May 2019,47 Van Ness,Frequent Local,Weekday,"12,500"
June 2019,47 Van Ness,Frequent Local,Weekday,"11,700"
July 2019,47 Van Ness,Frequent Local,Weekday,"11,600"
August 2019,47 Van Ness,Frequent Local,Weekday,"12,200"
September 2019,47 Van Ness,Frequent Local,Weekday,"12,600"
October 2019,47 Van Ness,Frequent Local,Weekday,"12,000"
November 2019,47 Van Ness,Frequent Local,Weekday,"10,800"
December 2019,47 Van Ness,Frequent Local,Weekday,"10,300"
January 2020,47 Van Ness,Frequent Local,Weekday,"10,900"
February 2020,47 Van Ness,Frequent Local,Weekday,"11,600"
March 2020,47 Van Ness,Frequent Local,Weekday,"5,800"
April 2020,47 Van Ness,Frequent Local,Weekday,500
January 2019,48 Quintara/24th Street,Grid,Weekday,"8,000"
February 2019,48 Quintara/24th Street,Grid,Weekday,"8,400"
March 2019,48 Quintara/24th Street,Grid,Weekday,"7,500"
April 2019,48 Quintara/24th Street,Grid,Weekday,"8,600"
May 2019,48 Quintara/24th Street,Grid,Weekday,"8,700"
June 2019,48 Quintara/24th Street,Grid,Weekday,"7,800"
July 2019,48 Quintara/24th Street,Grid,Weekday,"7,500"
August 2019,48 Quintara/24th Street,Grid,Weekday,"7,000"
September 2019,48 Quintara/24th Street,Grid,Weekday,"9,000"
October 2019,48 Quintara/24th Street,Grid,Weekday,"8,700"
November 2019,48 Quintara/24th Street,Grid,Weekday,"8,100"
December 2019,48 Quintara/24th Street,Grid,Weekday,"7,200"
January 2020,48 Quintara/24th Street,Grid,Weekday,"8,200"
February 2020,48 Quintara/24th Street,Grid,Weekday,"9,000"
March 2020,48 Quintara/24th Street,Grid,Weekday,"5,100"
April 2020,48 Quintara/24th Street,Grid,Weekday,400
August 2020,48 Quintara/24th Street,Grid,Weekday,500
September 2020,48 Quintara/24th Street,Grid,Weekday,"2,000"
October 2020,48 Quintara/24th Street,Grid,Weekday,"2,400"
November 2020,48 Quintara/24th Street,Grid,Weekday,"2,400"
December 2020,48 Quintara/24th Street,Grid,Weekday,"2,300"
January 2021,48 Quintara/24th Street,Grid,Weekday,"2,200"
February 2021,48 Quintara/24th Street,Grid,Weekday,"2,500"
March 2021,48 Quintara/24th Street,Grid,Weekday,"2,700"
April 2021,48 Quintara/24th Street,Grid,Weekday,"2,900"
May 2021,48 Quintara/24th Street,Grid,Weekday,"3,000"
June 2021,48 Quintara/24th Street,Grid,Weekday,"3,000"
July 2021,48 Quintara/24th Street,Grid,Weekday,"3,100"
August 2021,48 Quintara/24th Street,Grid,Weekday,"4,000"
September 2021,48 Quintara/24th Street,Grid,Weekday,"5,000"
October 2021,48 Quintara/24th Street,Grid,Weekday,"5,100"
November 2021,48 Quintara/24th Street,Grid,Weekday,"5,300"
December 2021,48 Quintara/24th Street,Grid,Weekday,"4,500"
January 2022,48 Quintara/24th Street,Grid,Weekday,"4,900"
February 2022,48 Quintara/24th Street,Grid,Weekday,"5,000"
March 2022,48 Quintara/24th Street,Grid,Weekday,"5,600"
April 2022,48 Quintara/24th Street,Grid,Weekday,"5,900"
May 2022,48 Quintara/24th Street,Grid,Weekday,"6,100"
June 2022,48 Quintara/24th Street,Grid,Weekday,"5,600"
July 2022,48 Quintara/24th Street,Grid,Weekday,"5,300"
August 2022,48 Quintara/24th Street,Grid,Weekday,"6,000"
September 2022,48 Quintara/24th Street,Grid,Weekday,"7,300"
October 2022,48 Quintara/24th Street,Grid,Weekday,"7,100"
November 2022,48 Quintara/24th Street,Grid,Weekday,"6,500"
December 2022,48 Quintara/24th Street,Grid,Weekday,"5,800"
January 2023,48 Quintara/24th Street,Grid,Weekday,"6,800"
February 2023,48 Quintara/24th Street,Grid,Weekday,"7,400"
March 2023,48 Quintara/24th Street,Grid,Weekday,"7,100"
April 2023,48 Quintara/24th Street,Grid,Weekday,"7,600"
May 2023,48 Quintara/24th Street,Grid,Weekday,"7,300"
June 2023,48 Quintara/24th Street,Grid,Weekday,"6,400"
July 2023,48 Quintara/24th Street,Grid,Weekday,"6,000"
August 2023,48 Quintara/24th Street,Grid,Weekday,"7,100"
September 2023,48 Quintara/24th Street,Grid,Weekday,"8,200"
October 2023,48 Quintara/24th Street,Grid,Weekday,"8,300"
November 2023,48 Quintara/24th Street,Grid,Weekday,"7,400"
December 2023,48 Quintara/24th Street,Grid,Weekday,"6,800"
January 2024,48 Quintara/24th Street,Grid,Weekday,"7,400"
February 2024,48 Quintara/24th Street,Grid,Weekday,"7,900"
March 2024,48 Quintara/24th Street,Grid,Weekday,"8,200"
April 2024,48 Quintara/24th Street,Grid,Weekday,"7,700"
May 2024,48 Quintara/24th Street,Grid,Weekday,"8,500"
June 2024,48 Quintara/24th Street,Grid,Weekday,"7,000"
July 2024,48 Quintara/24th Street,Grid,Weekday,"6,700"
August 2024,48 Quintara/24th Street,Grid,Weekday,"7,600"
September 2024,48 Quintara/24th Street,Grid,Weekday,"8,900"
October 2024,48 Quintara/24th Street,Grid,Weekday,"8,700"
November 2024,48 Quintara/24th Street,Grid,Weekday,"7,400"
December 2024,48 Quintara/24th Street,Grid,Weekday,"7,200"
January 2025,48 Quintara/24th Street,Grid,Weekday,"7,700"
February 2025,48 Quintara/24th Street,Grid,Weekday,"8,100"
March 2025,48 Quintara/24th Street,Grid,Weekday,"8,000"
April 2025,48 Quintara/24th Street,Grid,Weekday,"7,900"
May 2025,48 Quintara/24th Street,Grid,Weekday,"8,500"
June 2025,48 Quintara/24th Street,Grid,Weekday,"6,800"
July 2025,48 Quintara/24th Street,Grid,Weekday,"6,900"
August 2025,48 Quintara/24th Street,Grid,Weekday,"7,800"
September 2025,48 Quintara/24th Street,Grid,Weekday,"9,200"
October 2025,48 Quintara/24th Street,Grid,Weekday,"9,100"
November 2025,48 Quintara/24th Street,Grid,Weekday,"8,000"
December 2025,48 Quintara/24th Street,Grid,Weekday,"7,400"
January 2026,48 Quintara/24th Street,Grid,Weekday,"8,500"
February 2026,48 Quintara/24th Street,Grid,Weekday,"8,200"
March 2026,48 Quintara/24th Street,Grid,Weekday,"8,700"
April 2026,48 Quintara/24th Street,Grid,Weekday,"8,600"
May 2026,48 Quintara/24th Street,Grid,Weekday,"9,000"
June 2026,48 Quintara/24th Street,Grid,Weekday,"7,700"
July 2026,48 Quintara/24th Street,Grid,Weekday,"7,100"
August 2026,48 Quintara/24th Street,Grid,Weekday,"8,000"
January 2019,49 Van Ness/Mission,Frequent Local,Weekday,"24,400"
February 2019,49 Van Ness/Mission,Frequent Local,Weekday,"24,900"
March 2019,49 Van Ness/Mission,Frequent Local,Weekday,"24,400"
April 2019,49 Van Ness/Mission,Frequent Local,Weekday,"25,500"
May 2019,49 Van Ness/Mission,Frequent Local,Weekday,"25,300"
June 2019,49 Van Ness/Mission,Frequent Local,Weekday,"24,500"
July 2019,49 Van Ness/Mission,Frequent Local,Weekday,"23,000"
August 2019,49 Van Ness/Mission,Frequent Local,Weekday,"22,200"
September 2019,49 Van Ness/Mission,Frequent Local,Weekday,"26,000"
October 2019,49 Van Ness/Mission,Frequent Local,Weekday,"25,800"
November 2019,49 Van Ness/Mission,Frequent Local,Weekday,"24,300"
December 2019,49 Van Ness/Mission,Frequent Local,Weekday,"23,100"
January 2020,49 Van Ness/Mission,Frequent Local,Weekday,"24,500"
February 2020,49 Van Ness/Mission,Frequent Local,Weekday,"26,200"
March 2020,49 Van Ness/Mission,Frequent Local,Weekday,"15,700"
April 2020,49 Van Ness/Mission,Frequent Local,Weekday,"8,000"
May 2020,49 Van Ness/Mission,Frequent Local,Weekday,"9,800"
June 2020,49 Van Ness/Mission,Frequent Local,Weekday,"11,800"
July 2020,49 Van Ness/Mission,Frequent Local,Weekday,"12,100"
August 2020,49 Van Ness/Mission,Frequent Local,Weekday,"12,200"
September 2020,49 Van Ness/Mission,Frequent Local,Weekday,"12,400"
October 2020,49 Van Ness/Mission,Frequent Local,Weekday,"13,100"
November 2020,49 Van Ness/Mission,Frequent Local,Weekday,"12,600"
December 2020,49 Van Ness/Mission,Frequent Local,Weekday,"11,800"
January 2021,49 Van Ness/Mission,Frequent Local,Weekday,"11,200"
February 2021,49 Van Ness/Mission,Frequent Local,Weekday,"11,700"
March 2021,49 Van Ness/Mission,Frequent Local,Weekday,"12,200"
April 2021,49 Van Ness/Mission,Frequent Local,Weekday,"12,700"
May 2021,49 Van Ness/Mission,Frequent Local,Weekday,"13,400"
June 2021,49 Van Ness/Mission,Frequent Local,Weekday,"14,500"
July 2021,49 Van Ness/Mission,Frequent Local,Weekday,"14,900"
August 2021,49 Van Ness/Mission,Frequent Local,Weekday,"16,800"
September 2021,49 Van Ness/Mission,Frequent Local,Weekday,"19,200"
October 2021,49 Van Ness/Mission,Frequent Local,Weekday,"18,600"
November 2021,49 Van Ness/Mission,Frequent Local,Weekday,"19,500"
December 2021,49 Van Ness/Mission,Frequent Local,Weekday,"18,500"
January 2022,49 Van Ness/Mission,Frequent Local,Weekday,"18,200"
February 2022,49 Van Ness/Mission,Frequent Local,Weekday,"19,300"
March 2022,49 Van Ness/Mission,Frequent Local,Weekday,"20,200"
April 2022,49 Van Ness/Mission,Frequent Local,Weekday,"23,200"
May 2022,49 Van Ness/Mission,Frequent Local,Weekday,"24,600"
June 2022,49 Van Ness/Mission,Frequent Local,Weekday,"23,900"
July 2022,49 Van Ness/Mission,Frequent Local,Weekday,"23,500"
August 2022,49 Van Ness/Mission,Frequent Local,Weekday,"25,200"
September 2022,49 Van Ness/Mission,Frequent Local,Weekday,"27,800"
October 2022,49 Van Ness/Mission,Frequent Local,Weekday,"28,300"
November 2022,49 Van Ness/Mission,Frequent Local,Weekday,"26,700"
December 2022,49 Van Ness/Mission,Frequent Local,Weekday,"24,600"
January 2023,49 Van Ness/Mission,Frequent Local,Weekday,"27,300"
February 2023,49 Van Ness/Mission,Frequent Local,Weekday,"29,700"
March 2023,49 Van Ness/Mission,Frequent Local,Weekday,"29,200"
April 2023,49 Van Ness/Mission,Frequent Local,Weekday,"31,600"
May 2023,49 Van Ness/Mission,Frequent Local,Weekday,"31,500"
June 2023,49 Van Ness/Mission,Frequent Local,Weekday,"29,900"
July 2023,49 Van Ness/Mission,Frequent Local,Weekday,"29,600"
August 2023,49 Van Ness/Mission,Frequent Local,Weekday,"31,500"
September 2023,49 Van Ness/Mission,Frequent Local,Weekday,"34,000"
October 2023,49 Van Ness/Mission,Frequent Local,Weekday,"34,200"
November 2023,49 Van Ness/Mission,Frequent Local,Weekday,"32,800"
December 2023,49 Van Ness/Mission,Frequent Local,Weekday,"30,600"
January 2024,49 Van Ness/Mission,Frequent Local,Weekday,"31,600"
February 2024,49 Van Ness/Mission,Frequent Local,Weekday,"34,100"
March 2024,49 Van Ness/Mission,Frequent Local,Weekday,"34,400"
April 2024,49 Van Ness/Mission,Frequent Local,Weekday,"33,400"
May 2024,49 Van Ness/Mission,Frequent Local,Weekday,"35,100"
June 2024,49 Van Ness/Mission,Frequent Local,Weekday,"32,300"
July 2024,49 Van Ness/Mission,Frequent Local,Weekday,"32,000"
August 2024,49 Van Ness/Mission,Frequent Local,Weekday,"33,800"
September 2024,49 Van Ness/Mission,Frequent Local,Weekday,"37,400"
October 2024,49 Van Ness/Mission,Frequent Local,Weekday,"37,200"
November 2024,49 Van Ness/Mission,Frequent Local,Weekday,"33,300"
December 2024,49 Van Ness/Mission,Frequent Local,Weekday,"32,500"
January 2025,49 Van Ness/Mission,Frequent Local,Weekday,"33,700"
February 2025,49 Van Ness/Mission,Frequent Local,Weekday,"34,900"
March 2025,49 Van Ness/Mission,Frequent Local,Weekday,"35,400"
April 2025,49 Van Ness/Mission,Frequent Local,Weekday,"35,700"
May 2025,49 Van Ness/Mission,Frequent Local,Weekday,"36,400"
June 2025,49 Van Ness/Mission,Frequent Local,Weekday,"32,700"
July 2025,49 Van Ness/Mission,Frequent Local,Weekday,"32,300"
August 2025,49 Van Ness/Mission,Frequent Local,Weekday,"34,500"
September 2025,49 Van Ness/Mission,Frequent Local,Weekday,"37,500"
October 2025,49 Van Ness/Mission,Frequent Local,Weekday,"37,300"
November 2025,49 Van Ness/Mission,Frequent Local,Weekday,"34,200"
December 2025,49 Van Ness/Mission,Frequent Local,Weekday,"32,200"
January 2026,49 Van Ness/Mission,Frequent Local,Weekday,"35,400"
February 2026,49 Van Ness/Mission,Frequent Local,Weekday,"35,600"
March 2026,49 Van Ness/Mission,Frequent Local,Weekday,"36,400"
April 2026,49 Van Ness/Mission,Frequent Local,Weekday,"35,900"
May 2026,49 Van Ness/Mission,Frequent Local,Weekday,"36,600"
June 2026,49 Van Ness/Mission,Frequent Local,Weekday,"33,800"
July 2026,49 Van Ness/Mission,Frequent Local,Weekday,"32,900"
August 2026,49 Van Ness/Mission,Frequent Local,Weekday,"34,400"
January 2019,52 Excelsior,Connector,Weekday,"1,600"
February 2019,52 Excelsior,Connector,Weekday,"1,600"
March 2019,52 Excelsior,Connector,Weekday,"1,800"
April 2019,52 Excelsior,Connector,Weekday,"2,200"
May 2019,52 Excelsior,Connector,Weekday,"2,100"
June 2019,52 Excelsior,Connector,Weekday,"1,900"
July 2019,52 Excelsior,Connector,Weekday,"1,900"
August 2019,52 Excelsior,Connector,Weekday,"2,000"
September 2019,52 Excelsior,Connector,Weekday,"2,100"
October 2019,52 Excelsior,Connector,Weekday,"2,200"
November 2019,52 Excelsior,Connector,Weekday,"1,800"
December 2019,52 Excelsior,Connector,Weekday,"1,300"
January 2020,52 Excelsior,Connector,Weekday,"1,200"
February 2020,52 Excelsior,Connector,Weekday,"2,100"
March 2020,52 Excelsior,Connector,Weekday,800
April 2020,52 Excelsior,Connector,Weekday,
August 2021,52 Excelsior,Connector,Weekday,500
September 2021,52 Excelsior,Connector,Weekday,"1,100"
October 2021,52 Excelsior,Connector,Weekday,"1,100"
November 2021,52 Excelsior,Connector,Weekday,"1,000"
December 2021,52 Excelsior,Connector,Weekday,"1,000"
January 2022,52 Excelsior,Connector,Weekday,"1,100"
February 2022,52 Excelsior,Connector,Weekday,"1,100"
March 2022,52 Excelsior,Connector,Weekday,"1,200"
April 2022,52 Excelsior,Connector,Weekday,"1,200"
May 2022,52 Excelsior,Connector,Weekday,"1,300"
June 2022,52 Excelsior,Connector,Weekday,"1,100"
July 2022,52 Excelsior,Connector,Weekday,"1,000"
August 2022,52 Excelsior,Connector,Weekday,"1,100"
September 2022,52 Excelsior,Connector,Weekday,"1,300"
October 2022,52 Excelsior,Connector,Weekday,"1,300"
November 2022,52 Excelsior,Connector,Weekday,"1,100"
December 2022,52 Excelsior,Connector,Weekday,"1,100"
January 2023,52 Excelsior,Connector,Weekday,"1,200"
February 2023,52 Excelsior,Connector,Weekday,"1,300"
March 2023,52 Excelsior,Connector,Weekday,"1,200"
April 2023,52 Excelsior,Connector,Weekday,"1,400"
May 2023,52 Excelsior,Connector,Weekday,"1,400"
June 2023,52 Excelsior,Connector,Weekday,"1,300"
July 2023,52 Excelsior,Connector,Weekday,"1,300"
August 2023,52 Excelsior,Connector,Weekday,"1,400"
September 2023,52 Excelsior,Connector,Weekday,"1,500"
October 2023,52 Excelsior,Connector,Weekday,"1,500"
November 2023,52 Excelsior,Connector,Weekday,"1,400"
December 2023,52 Excelsior,Connector,Weekday,"1,300"
January 2024,52 Excelsior,Connector,Weekday,"1,400"
February 2024,52 Excelsior,Connector,Weekday,"1,500"
March 2024,52 Excelsior,Connector,Weekday,"1,500"
April 2024,52 Excelsior,Connector,Weekday,"1,400"
May 2024,52 Excelsior,Connector,Weekday,"1,600"
June 2024,52 Excelsior,Connector,Weekday,"1,400"
July 2024,52 Excelsior,Connector,Weekday,"1,300"
August 2024,52 Excelsior,Connector,Weekday,"1,400"
September 2024,52 Excelsior,Connector,Weekday,"1,600"
October 2024,52 Excelsior,Connector,Weekday,"1,700"
November 2024,52 Excelsior,Connector,Weekday,"1,400"
December 2024,52 Excelsior,Connector,Weekday,"1,400"
January 2025,52 Excelsior,Connector,Weekday,"1,500"
February 2025,52 Excelsior,Connector,Weekday,"1,500"
March 2025,52 Excelsior,Connector,Weekday,"1,500"
April 2025,52 Excelsior,Connector,Weekday,"1,400"
May 2025,52 Excelsior,Connector,Weekday,"1,600"
June 2025,52 Excelsior,Connector,Weekday,"1,500"
July 2025,52 Excelsior,Connector,Weekday,"1,500"
August 2025,52 Excelsior,Connector,Weekday,"1,600"
September 2025,52 Excelsior,Connector,Weekday,"1,700"
October 2025,52 Excelsior,Connector,Weekday,"1,700"
November 2025,52 Excelsior,Connector,Weekday,"1,500"
December 2025,52 Excelsior,Connector,Weekday,"1,400"
January 2026,52 Excelsior,Connector,Weekday,"1,600"
February 2026,52 Excelsior,Connector,Weekday,"1,600"
March 2026,52 Excelsior,Connector,Weekday,"1,700"
April 2026,52 Excelsior,Connector,Weekday,"1,700"
May 2026,52 Excelsior,Connector,Weekday,"1,800"
June 2026,52 Excelsior,Connector,Weekday,"1,600"
July 2026,52 Excelsior,Connector,Weekday,"1,600"
August 2026,52 Excelsior,Connector,Weekday,"1,700"
January 2019,54 Felton,Grid,Weekday,"6,500"
February 2019,54 Felton,Grid,Weekday,"6,300"
March 2019,54 Felton,Grid,Weekday,"6,000"
April 2019,54 Felton,Grid,Weekday,"6,400"
May 2019,54 Felton,Grid,Weekday,"6,500"
June 2019,54 Felton,Grid,Weekday,"6,200"
July 2019,54 Felton,Grid,Weekday,"5,800"
August 2019,54 Felton,Grid,Weekday,"5,600"
September 2019,54 Felton,Grid,Weekday,"6,600"
October 2019,54 Felton,Grid,Weekday,"6,500"
November 2019,54 Felton,Grid,Weekday,"6,100"
December 2019,54 Felton,Grid,Weekday,"5,600"
January 2020,54 Felton,Grid,Weekday,"6,100"
February 2020,54 Felton,Grid,Weekday,"6,400"
March 2020,54 Felton,Grid,Weekday,"4,000"
April 2020,54 Felton,Grid,Weekday,600
May 2020,54 Felton,Grid,Weekday,"1,200"
June 2020,54 Felton,Grid,Weekday,"1,500"
July 2020,54 Felton,Grid,Weekday,"1,600"
August 2020,54 Felton,Grid,Weekday,"1,600"
September 2020,54 Felton,Grid,Weekday,"2,100"
October 2020,54 Felton,Grid,Weekday,"2,400"
November 2020,54 Felton,Grid,Weekday,"2,400"
December 2020,54 Felton,Grid,Weekday,"2,200"
January 2021,54 Felton,Grid,Weekday,"2,100"
February 2021,54 Felton,Grid,Weekday,"2,300"
March 2021,54 Felton,Grid,Weekday,"2,300"
April 2021,54 Felton,Grid,Weekday,"2,500"
May 2021,54 Felton,Grid,Weekday,"2,600"
June 2021,54 Felton,Grid,Weekday,"2,600"
July 2021,54 Felton,Grid,Weekday,"2,700"
August 2021,54 Felton,Grid,Weekday,"3,000"
September 2021,54 Felton,Grid,Weekday,"3,100"
October 2021,54 Felton,Grid,Weekday,"3,100"
November 2021,54 Felton,Grid,Weekday,"3,200"
December 2021,54 Felton,Grid,Weekday,"2,900"
January 2022,54 Felton,Grid,Weekday,"2,800"
February 2022,54 Felton,Grid,Weekday,"2,900"
March 2022,54 Felton,Grid,Weekday,"3,300"
April 2022,54 Felton,Grid,Weekday,"3,500"
May 2022,54 Felton,Grid,Weekday,"3,600"
June 2022,54 Felton,Grid,Weekday,"3,400"
July 2022,54 Felton,Grid,Weekday,"3,500"
August 2022,54 Felton,Grid,Weekday,"3,700"
September 2022,54 Felton,Grid,Weekday,"4,200"
October 2022,54 Felton,Grid,Weekday,"4,000"
November 2022,54 Felton,Grid,Weekday,"3,900"
December 2022,54 Felton,Grid,Weekday,"3,500"
January 2023,54 Felton,Grid,Weekday,"3,700"
February 2023,54 Felton,Grid,Weekday,"4,000"
March 2023,54 Felton,Grid,Weekday,"3,800"
April 2023,54 Felton,Grid,Weekday,"4,200"
May 2023,54 Felton,Grid,Weekday,"4,300"
June 2023,54 Felton,Grid,Weekday,"4,000"
July 2023,54 Felton,Grid,Weekday,"3,900"
August 2023,54 Felton,Grid,Weekday,"4,200"
September 2023,54 Felton,Grid,Weekday,"4,600"
October 2023,54 Felton,Grid,Weekday,"4,500"
November 2023,54 Felton,Grid,Weekday,"4,200"
December 2023,54 Felton,Grid,Weekday,"4,000"
January 2024,54 Felton,Grid,Weekday,"4,100"
February 2024,54 Felton,Grid,Weekday,"4,300"
March 2024,54 Felton,Grid,Weekday,"4,400"
April 2024,54 Felton,Grid,Weekday,"4,300"
May 2024,54 Felton,Grid,Weekday,"4,600"
June 2024,54 Felton,Grid,Weekday,"4,200"
July 2024,54 Felton,Grid,Weekday,"4,200"
August 2024,54 Felton,Grid,Weekday,"4,400"
September 2024,54 Felton,Grid,Weekday,"4,900"
October 2024,54 Felton,Grid,Weekday,"4,800"
November 2024,54 Felton,Grid,Weekday,"4,300"
December 2024,54 Felton,Grid,Weekday,"4,300"
January 2025,54 Felton,Grid,Weekday,"4,400"
February 2025,54 Felton,Grid,Weekday,"4,500"
March 2025,54 Felton,Grid,Weekday,"4,500"
April 2025,54 Felton,Grid,Weekday,"4,600"
May 2025,54 Felton,Grid,Weekday,"4,800"
June 2025,54 Felton,Grid,Weekday,"4,500"
July 2025,54 Felton,Grid,Weekday,"4,500"
August 2025,54 Felton,Grid,Weekday,"4,800"
September 2025,54 Felton,Grid,Weekday,"5,200"
October 2025,54 Felton,Grid,Weekday,"5,100"
November 2025,54 Felton,Grid,Weekday,"4,700"
December 2025,54 Felton,Grid,Weekday,"4,500"
January 2026,54 Felton,Grid,Weekday,"4,800"
February 2026,54 Felton,Grid,Weekday,"4,700"
March 2026,54 Felton,Grid,Weekday,"4,900"
April 2026,54 Felton,Grid,Weekday,"4,900"
May 2026,54 Felton,Grid,Weekday,"5,000"
June 2026,54 Felton,Grid,Weekday,"4,700"
July 2026,54 Felton,Grid,Weekday,"4,600"
August 2026,54 Felton,Grid,Weekday,"4,800"
January 2019,55 Dogpatch,Connector,Weekday,"2,400"
February 2019,55 Dogpatch,Connector,Weekday,"2,600"
March 2019,55 Dogpatch,Connector,Weekday,"2,700"
April 2019,55 Dogpatch,Connector,Weekday,"2,700"
May 2019,55 Dogpatch,Connector,Weekday,"2,700"
June 2019,55 Dogpatch,Connector,Weekday,"2,300"
July 2019,55 Dogpatch,Connector,Weekday,"2,400"
August 2019,55 Dogpatch,Connector,Weekday,"2,100"
September 2019,55 Dogpatch,Connector,Weekday,"2,700"
October 2019,55 Dogpatch,Connector,Weekday,"2,600"
November 2019,55 Dogpatch,Connector,Weekday,"2,500"
December 2019,55 Dogpatch,Connector,Weekday,"2,300"
January 2020,55 Dogpatch,Connector,Weekday,"2,500"
February 2020,55 Dogpatch,Connector,Weekday,"2,200"
March 2020,55 Dogpatch,Connector,Weekday,"1,400"
April 2020,55 Dogpatch,Connector,Weekday,200
January 2021,55 Dogpatch,Connector,Weekday,200
February 2021,55 Dogpatch,Connector,Weekday,800
March 2021,55 Dogpatch,Connector,Weekday,800
April 2021,55 Dogpatch,Connector,Weekday,"1,000"
May 2021,55 Dogpatch,Connector,Weekday,900
June 2021,55 Dogpatch,Connector,Weekday,900
July 2021,55 Dogpatch,Connector,Weekday,900
August 2021,55 Dogpatch,Connector,Weekday,"1,000"
September 2021,55 Dogpatch,Connector,Weekday,"1,100"
October 2021,55 Dogpatch,Connector,Weekday,"1,100"
November 2021,55 Dogpatch,Connector,Weekday,"1,200"
December 2021,55 Dogpatch,Connector,Weekday,"1,100"
January 2022,55 Dogpatch,Connector,Weekday,"1,100"
February 2022,55 Dogpatch,Connector,Weekday,"1,200"
March 2022,55 Dogpatch,Connector,Weekday,"1,300"
April 2022,55 Dogpatch,Connector,Weekday,"1,400"
May 2022,55 Dogpatch,Connector,Weekday,"1,400"
June 2022,55 Dogpatch,Connector,Weekday,"1,300"
July 2022,55 Dogpatch,Connector,Weekday,"1,400"
August 2022,55 Dogpatch,Connector,Weekday,"1,400"
September 2022,55 Dogpatch,Connector,Weekday,"1,600"
October 2022,55 Dogpatch,Connector,Weekday,"1,600"
November 2022,55 Dogpatch,Connector,Weekday,"1,400"
December 2022,55 Dogpatch,Connector,Weekday,"1,400"
January 2023,55 Dogpatch,Connector,Weekday,"1,500"
February 2023,55 Dogpatch,Connector,Weekday,"1,700"
March 2023,55 Dogpatch,Connector,Weekday,"1,600"
April 2023,55 Dogpatch,Connector,Weekday,"1,800"
May 2023,55 Dogpatch,Connector,Weekday,"1,800"
June 2023,55 Dogpatch,Connector,Weekday,"1,700"
July 2023,55 Dogpatch,Connector,Weekday,"1,600"
August 2023,55 Dogpatch,Connector,Weekday,"1,600"
September 2023,55 Dogpatch,Connector,Weekday,"1,700"
October 2023,55 Dogpatch,Connector,Weekday,"1,700"
November 2023,55 Dogpatch,Connector,Weekday,"1,600"
December 2023,55 Dogpatch,Connector,Weekday,"1,400"
January 2024,55 Dogpatch,Connector,Weekday,"1,500"
February 2024,55 Dogpatch,Connector,Weekday,"1,700"
March 2024,55 Dogpatch,Connector,Weekday,"1,700"
April 2024,55 Dogpatch,Connector,Weekday,"1,600"
May 2024,55 Dogpatch,Connector,Weekday,"1,600"
June 2024,55 Dogpatch,Connector,Weekday,"1,600"
July 2024,55 Dogpatch,Connector,Weekday,"1,500"
August 2024,55 Dogpatch,Connector,Weekday,"1,500"
September 2024,55 Dogpatch,Connector,Weekday,"1,600"
October 2024,55 Dogpatch,Connector,Weekday,"1,600"
November 2024,55 Dogpatch,Connector,Weekday,"1,500"
December 2024,55 Dogpatch,Connector,Weekday,"1,400"
January 2025,55 Dogpatch,Connector,Weekday,"1,500"
February 2025,55 Dogpatch,Connector,Weekday,"1,700"
March 2025,55 Dogpatch,Connector,Weekday,"1,700"
April 2025,55 Dogpatch,Connector,Weekday,"1,800"
May 2025,55 Dogpatch,Connector,Weekday,"1,800"
June 2025,55 Dogpatch,Connector,Weekday,"1,900"
July 2025,55 Dogpatch,Connector,Weekday,"1,900"
August 2025,55 Dogpatch,Connector,Weekday,"1,800"
September 2025,55 Dogpatch,Connector,Weekday,"1,800"
October 2025,55 Dogpatch,Connector,Weekday,"1,900"
November 2025,55 Dogpatch,Connector,Weekday,"1,700"
December 2025,55 Dogpatch,Connector,Weekday,"1,600"
January 2026,55 Dogpatch,Connector,Weekday,"1,800"
February 2026,55 Dogpatch,Connector,Weekday,"1,800"
March 2026,55 Dogpatch,Connector,Weekday,"1,800"
April 2026,55 Dogpatch,Connector,Weekday,"1,800"
May 2026,55 Dogpatch,Connector,Weekday,"1,800"
June 2026,55 Dogpatch,Connector,Weekday,"1,800"
July 2026,55 Dogpatch,Connector,Weekday,"1,800"
August 2026,55 Dogpatch,Connector,Weekday,"1,800"
January 2019,56 Rutland,Connector,Weekday,200
February 2019,56 Rutland,Connector,Weekday,300
March 2019,56 Rutland,Connector,Weekday,300
April 2019,56 Rutland,Connector,Weekday,400
May 2019,56 Rutland,Connector,Weekday,400
June 2019,56 Rutland,Connector,Weekday,300
July 2019,56 Rutland,Connector,Weekday,300
August 2019,56 Rutland,Connector,Weekday,300
September 2019,56 Rutland,Connector,Weekday,400
October 2019,56 Rutland,Connector,Weekday,400
November 2019,56 Rutland,Connector,Weekday,300
December 2019,56 Rutland,Connector,Weekday,200
January 2020,56 Rutland,Connector,Weekday,200
February 2020,56 Rutland,Connector,Weekday,300
March 2020,56 Rutland,Connector,Weekday,200
September 2022,56 Rutland,Connector,Weekday,100
October 2022,56 Rutland,Connector,Weekday,200
November 2022,56 Rutland,Connector,Weekday,200
December 2022,56 Rutland,Connector,Weekday,300
January 2023,56 Rutland,Connector,Weekday,200
February 2023,56 Rutland,Connector,Weekday,300
March 2023,56 Rutland,Connector,Weekday,300
April 2023,56 Rutland,Connector,Weekday,300
May 2023,56 Rutland,Connector,Weekday,400
June 2023,56 Rutland,Connector,Weekday,100
July 2023,56 Rutland,Connector,Weekday,300
August 2023,56 Rutland,Connector,Weekday,200
September 2023,56 Rutland,Connector,Weekday,400
October 2023,56 Rutland,Connector,Weekday,400
November 2023,56 Rutland,Connector,Weekday,400
December 2023,56 Rutland,Connector,Weekday,300
January 2024,56 Rutland,Connector,Weekday,300
February 2024,56 Rutland,Connector,Weekday,400
March 2024,56 Rutland,Connector,Weekday,400
April 2024,56 Rutland,Connector,Weekday,300
May 2024,56 Rutland,Connector,Weekday,400
June 2024,56 Rutland,Connector,Weekday,200
July 2024,56 Rutland,Connector,Weekday,200
August 2024,56 Rutland,Connector,Weekday,100
September 2024,56 Rutland,Connector,Weekday,300
October 2024,56 Rutland,Connector,Weekday,200
November 2024,56 Rutland,Connector,Weekday,300
December 2024,56 Rutland,Connector,Weekday,100
January 2025,56 Rutland,Connector,Weekday,200
February 2025,56 Rutland,Connector,Weekday,400
March 2025,56 Rutland,Connector,Weekday,300
April 2025,56 Rutland,Connector,Weekday,400
May 2025,56 Rutland,Connector,Weekday,500
June 2025,56 Rutland,Connector,Weekday,400
July 2025,56 Rutland,Connector,Weekday,300
August 2025,56 Rutland,Connector,Weekday,400
September 2025,56 Rutland,Connector,Weekday,500
October 2025,56 Rutland,Connector,Weekday,500
November 2025,56 Rutland,Connector,Weekday,400
December 2025,56 Rutland,Connector,Weekday,400
January 2026,56 Rutland,Connector,Weekday,500
February 2026,56 Rutland,Connector,Weekday,400
March 2026,56 Rutland,Connector,Weekday,500
April 2026,56 Rutland,Connector,Weekday,500
May 2026,56 Rutland,Connector,Weekday,500
June 2026,56 Rutland,Connector,Weekday,500
July 2026,56 Rutland,Connector,Weekday,500
August 2026,56 Rutland,Connector,Weekday,500
January 2019,57 Parkmerced,Connector,Weekday,"2,300"
February 2019,57 Parkmerced,Connector,Weekday,"3,700"
March 2019,57 Parkmerced,Connector,Weekday,"3,800"
April 2019,57 Parkmerced,Connector,Weekday,"3,900"
May 2019,57 Parkmerced,Connector,Weekday,"3,500"
June 2019,57 Parkmerced,Connector,Weekday,"2,400"
July 2019,57 Parkmerced,Connector,Weekday,"2,300"
August 2019,57 Parkmerced,Connector,Weekday,"2,400"
September 2019,57 Parkmerced,Connector,Weekday,"3,900"
October 2019,57 Parkmerced,Connector,Weekday,"4,000"
November 2019,57 Parkmerced,Connector,Weekday,"3,400"
December 2019,57 Parkmerced,Connector,Weekday,"3,100"
January 2020,57 Parkmerced,Connector,Weekday,"2,700"
February 2020,57 Parkmerced,Connector,Weekday,"3,900"
March 2020,57 Parkmerced,Connector,Weekday,"1,600"
April 2020,57 Parkmerced,Connector,Weekday,100
August 2021,57 Parkmerced,Connector,Weekday,300
September 2021,57 Parkmerced,Connector,Weekday,500
October 2021,57 Parkmerced,Connector,Weekday,500
November 2021,57 Parkmerced,Connector,Weekday,600
December 2021,57 Parkmerced,Connector,Weekday,500
January 2022,57 Parkmerced,Connector,Weekday,400
February 2022,57 Parkmerced,Connector,Weekday,600
March 2022,57 Parkmerced,Connector,Weekday,600
April 2022,57 Parkmerced,Connector,Weekday,600
May 2022,57 Parkmerced,Connector,Weekday,500
June 2022,57 Parkmerced,Connector,Weekday,400
July 2022,57 Parkmerced,Connector,Weekday,500
August 2022,57 Parkmerced,Connector,Weekday,800
September 2022,57 Parkmerced,Connector,Weekday,"1,100"
October 2022,57 Parkmerced,Connector,Weekday,"1,100"
November 2022,57 Parkmerced,Connector,Weekday,"1,000"
December 2022,57 Parkmerced,Connector,Weekday,800
January 2023,57 Parkmerced,Connector,Weekday,900
February 2023,57 Parkmerced,Connector,Weekday,"1,200"
March 2023,57 Parkmerced,Connector,Weekday,"1,100"
April 2023,57 Parkmerced,Connector,Weekday,"1,200"
May 2023,57 Parkmerced,Connector,Weekday,"1,300"
June 2023,57 Parkmerced,Connector,Weekday,800
July 2023,57 Parkmerced,Connector,Weekday,900
August 2023,57 Parkmerced,Connector,Weekday,"1,300"
September 2023,57 Parkmerced,Connector,Weekday,"1,800"
October 2023,57 Parkmerced,Connector,Weekday,"1,800"
November 2023,57 Parkmerced,Connector,Weekday,"1,700"
December 2023,57 Parkmerced,Connector,Weekday,"1,400"
January 2024,57 Parkmerced,Connector,Weekday,"1,300"
February 2024,57 Parkmerced,Connector,Weekday,"1,900"
March 2024,57 Parkmerced,Connector,Weekday,"1,700"
April 2024,57 Parkmerced,Connector,Weekday,"1,900"
May 2024,57 Parkmerced,Connector,Weekday,"1,700"
June 2024,57 Parkmerced,Connector,Weekday,"1,200"
July 2024,57 Parkmerced,Connector,Weekday,"1,200"
August 2024,57 Parkmerced,Connector,Weekday,"1,500"
September 2024,57 Parkmerced,Connector,Weekday,"2,000"
October 2024,57 Parkmerced,Connector,Weekday,"2,100"
November 2024,57 Parkmerced,Connector,Weekday,"1,800"
December 2024,57 Parkmerced,Connector,Weekday,"1,600"
January 2025,57 Parkmerced,Connector,Weekday,"1,400"
February 2025,57 Parkmerced,Connector,Weekday,"2,000"
March 2025,57 Parkmerced,Connector,Weekday,"1,800"
April 2025,57 Parkmerced,Connector,Weekday,"2,000"
May 2025,57 Parkmerced,Connector,Weekday,"1,800"
June 2025,57 Parkmerced,Connector,Weekday,"1,200"
July 2025,57 Parkmerced,Connector,Weekday,"1,200"
August 2025,57 Parkmerced,Connector,Weekday,"1,500"
September 2025,57 Parkmerced,Connector,Weekday,"2,000"
October 2025,57 Parkmerced,Connector,Weekday,"2,100"
November 2025,57 Parkmerced,Connector,Weekday,"1,800"
December 2025,57 Parkmerced,Connector,Weekday,"1,600"
January 2026,57 Parkmerced,Connector,Weekday,"1,500"
February 2026,57 Parkmerced,Connector,Weekday,"2,000"
March 2026,57 Parkmerced,Connector,Weekday,"1,900"
April 2026,57 Parkmerced,Connector,Weekday,"2,000"
May 2026,57 Parkmerced,Connector,Weekday,"1,900"
June 2026,57 Parkmerced,Connector,Weekday,"1,300"
July 2026,57 Parkmerced,Connector,Weekday,"1,200"
August 2026,57 Parkmerced,Connector,Weekday,"1,600"
August 2021,58 Lake Merced,Connector,Weekday,300
September 2021,58 Lake Merced,Connector,Weekday,700
October 2021,58 Lake Merced,Connector,Weekday,700
November 2021,58 Lake Merced,Connector,Weekday,700
December 2021,58 Lake Merced,Connector,Weekday,600
January 2022,58 Lake Merced,Connector,Weekday,700
February 2022,58 Lake Merced,Connector,Weekday,700
March 2022,58 Lake Merced,Connector,Weekday,800
April 2022,58 Lake Merced,Connector,Weekday,900
May 2022,58 Lake Merced,Connector,Weekday,900
June 2022,58 Lake Merced,Connector,Weekday,900
July 2022,58 Lake Merced,Connector,Weekday,500
August 2022,58 Lake Merced,Connector,Weekday,400
September 2022,58 Lake Merced,Connector,Weekday,500
October 2022,58 Lake Merced,Connector,Weekday,500
November 2022,58 Lake Merced,Connector,Weekday,400
December 2022,58 Lake Merced,Connector,Weekday,400
January 2023,58 Lake Merced,Connector,Weekday,400
February 2023,58 Lake Merced,Connector,Weekday,400
March 2023,58 Lake Merced,Connector,Weekday,400
April 2023,58 Lake Merced,Connector,Weekday,400
May 2023,58 Lake Merced,Connector,Weekday,400
June 2023,58 Lake Merced,Connector,Weekday,400
July 2023,58 Lake Merced,Connector,Weekday,400
August 2023,58 Lake Merced,Connector,Weekday,500
September 2023,58 Lake Merced,Connector,Weekday,500
October 2023,58 Lake Merced,Connector,Weekday,500
November 2023,58 Lake Merced,Connector,Weekday,500
December 2023,58 Lake Merced,Connector,Weekday,400
January 2024,58 Lake Merced,Connector,Weekday,400
February 2024,58 Lake Merced,Connector,Weekday,500
March 2024,58 Lake Merced,Connector,Weekday,500
April 2024,58 Lake Merced,Connector,Weekday,500
May 2024,58 Lake Merced,Connector,Weekday,500
June 2024,58 Lake Merced,Connector,Weekday,500
July 2024,58 Lake Merced,Connector,Weekday,500
August 2024,58 Lake Merced,Connector,Weekday,500
September 2024,58 Lake Merced,Connector,Weekday,600
October 2024,58 Lake Merced,Connector,Weekday,600
November 2024,58 Lake Merced,Connector,Weekday,500
December 2024,58 Lake Merced,Connector,Weekday,500
January 2025,58 Lake Merced,Connector,Weekday,500
February 2025,58 Lake Merced,Connector,Weekday,500
March 2025,58 Lake Merced,Connector,Weekday,500
April 2025,58 Lake Merced,Connector,Weekday,600
May 2025,58 Lake Merced,Connector,Weekday,600
June 2025,58 Lake Merced,Connector,Weekday,500
July 2025,58 Lake Merced,Connector,Weekday,500
August 2025,58 Lake Merced,Connector,Weekday,500
September 2025,58 Lake Merced,Connector,Weekday,600
October 2025,58 Lake Merced,Connector,Weekday,600
November 2025,58 Lake Merced,Connector,Weekday,500
December 2025,58 Lake Merced,Connector,Weekday,500
January 2026,58 Lake Merced,Connector,Weekday,500
February 2026,58 Lake Merced,Connector,Weekday,500
March 2026,58 Lake Merced,Connector,Weekday,600
April 2026,58 Lake Merced,Connector,Weekday,600
May 2026,58 Lake Merced,Connector,Weekday,600
June 2026,58 Lake Merced,Connector,Weekday,600
July 2026,58 Lake Merced,Connector,Weekday,500
August 2026,58 Lake Merced,Connector,Weekday,600
January 2019,59 Powell/Mason Cable Car,Cable Car,Weekday,"3,500"
February 2019,59 Powell/Mason Cable Car,Cable Car,Weekday,"3,300"
March 2019,59 Powell/Mason Cable Car,Cable Car,Weekday,"4,400"
April 2019,59 Powell/Mason Cable Car,Cable Car,Weekday,"4,400"
May 2019,59 Powell/Mason Cable Car,Cable Car,Weekday,"4,800"
June 2019,59 Powell/Mason Cable Car,Cable Car,Weekday,"4,900"
July 2019,59 Powell/Mason Cable Car,Cable Car,Weekday,"5,900"
August 2019,59 Powell/Mason Cable Car,Cable Car,Weekday,"6,000"
September 2019,59 Powell/Mason Cable Car,Cable Car,Weekday,"5,000"
October 2019,59 Powell/Mason Cable Car,Cable Car,Weekday,"4,900"
November 2019,59 Powell/Mason Cable Car,Cable Car,Weekday,"3,900"
December 2019,59 Powell/Mason Cable Car,Cable Car,Weekday,"3,800"
January 2020,59 Powell/Mason Cable Car,Cable Car,Weekday,"3,400"
February 2020,59 Powell/Mason Cable Car,Cable Car,Weekday,"3,200"
March 2020,59 Powell/Mason Cable Car,Cable Car,Weekday,"4,300"
January 2019,60 Powell/Hyde Cable Car,Cable Car,Weekday,"6,100"
February 2019,60 Powell/Hyde Cable Car,Cable Car,Weekday,"5,700"
March 2019,60 Powell/Hyde Cable Car,Cable Car,Weekday,"7,600"
April 2019,60 Powell/Hyde Cable Car,Cable Car,Weekday,"7,700"
May 2019,60 Powell/Hyde Cable Car,Cable Car,Weekday,"8,300"
June 2019,60 Powell/Hyde Cable Car,Cable Car,Weekday,"8,500"
July 2019,60 Powell/Hyde Cable Car,Cable Car,Weekday,"9,700"
August 2019,60 Powell/Hyde Cable Car,Cable Car,Weekday,"9,800"
September 2019,60 Powell/Hyde Cable Car,Cable Car,Weekday,"8,200"
October 2019,60 Powell/Hyde Cable Car,Cable Car,Weekday,"8,000"
November 2019,60 Powell/Hyde Cable Car,Cable Car,Weekday,"6,300"
December 2019,60 Powell/Hyde Cable Car,Cable Car,Weekday,"6,200"
January 2020,60 Powell/Hyde Cable Car,Cable Car,Weekday,"5,600"
February 2020,60 Powell/Hyde Cable Car,Cable Car,Weekday,"5,300"
March 2020,60 Powell/Hyde Cable Car,Cable Car,Weekday,"7,000"
January 2019,61 California Cable Car,Cable Car,Weekday,"2,600"
February 2019,61 California Cable Car,Cable Car,Weekday,"2,400"
March 2019,61 California Cable Car,Cable Car,Weekday,"3,200"
April 2019,61 California Cable Car,Cable Car,Weekday,"3,300"
May 2019,61 California Cable Car,Cable Car,Weekday,"3,600"
June 2019,61 California Cable Car,Cable Car,Weekday,"3,600"
July 2019,61 California Cable Car,Cable Car,Weekday,"4,000"
August 2019,61 California Cable Car,Cable Car,Weekday,"4,100"
September 2019,61 California Cable Car,Cable Car,Weekday,"3,400"
October 2019,61 California Cable Car,Cable Car,Weekday,"3,300"
November 2019,61 California Cable Car,Cable Car,Weekday,"2,600"
December 2019,61 California Cable Car,Cable Car,Weekday,"2,600"
January 2020,61 California Cable Car,Cable Car,Weekday,"2,300"
February 2020,61 California Cable Car,Cable Car,Weekday,"2,200"
March 2020,61 California Cable Car,Cable Car,Weekday,"2,900"
January 2019,66 Quintara,Connector,Weekday,800
February 2019,66 Quintara,Connector,Weekday,900
March 2019,66 Quintara,Connector,Weekday,800
April 2019,66 Quintara,Connector,Weekday,900
May 2019,66 Quintara,Connector,Weekday,900
June 2019,66 Quintara,Connector,Weekday,700
July 2019,66 Quintara,Connector,Weekday,700
August 2019,66 Quintara,Connector,Weekday,700
September 2019,66 Quintara,Connector,Weekday,800
October 2019,66 Quintara,Connector,Weekday,800
November 2019,66 Quintara,Connector,Weekday,700
December 2019,66 Quintara,Connector,Weekday,700
January 2020,66 Quintara,Connector,Weekday,700
February 2020,66 Quintara,Connector,Weekday,800
March 2020,66 Quintara,Connector,Weekday,500
August 2021,66 Quintara,Connector,Weekday,300
September 2021,66 Quintara,Connector,Weekday,600
October 2021,66 Quintara,Connector,Weekday,600
November 2021,66 Quintara,Connector,Weekday,600
December 2021,66 Quintara,Connector,Weekday,600
January 2022,66 Quintara,Connector,Weekday,600
February 2022,66 Quintara,Connector,Weekday,700
March 2022,66 Quintara,Connector,Weekday,700
April 2022,66 Quintara,Connector,Weekday,800
May 2022,66 Quintara,Connector,Weekday,800
June 2022,66 Quintara,Connector,Weekday,700
July 2022,66 Quintara,Connector,Weekday,600
August 2022,66 Quintara,Connector,Weekday,300
September 2022,66 Quintara,Connector,Weekday,500
October 2022,66 Quintara,Connector,Weekday,500
November 2022,66 Quintara,Connector,Weekday,500
December 2022,66 Quintara,Connector,Weekday,400
January 2023,66 Quintara,Connector,Weekday,500
February 2023,66 Quintara,Connector,Weekday,500
March 2023,66 Quintara,Connector,Weekday,500
April 2023,66 Quintara,Connector,Weekday,500
May 2023,66 Quintara,Connector,Weekday,500
June 2023,66 Quintara,Connector,Weekday,300
July 2023,66 Quintara,Connector,Weekday,300
August 2023,66 Quintara,Connector,Weekday,200
September 2023,66 Quintara,Connector,Weekday,600
October 2023,66 Quintara,Connector,Weekday,500
November 2023,66 Quintara,Connector,Weekday,400
December 2023,66 Quintara,Connector,Weekday,300
January 2024,66 Quintara,Connector,Weekday,300
February 2024,66 Quintara,Connector,Weekday,300
March 2024,66 Quintara,Connector,Weekday,400
April 2024,66 Quintara,Connector,Weekday,300
May 2024,66 Quintara,Connector,Weekday,400
June 2024,66 Quintara,Connector,Weekday,200
July 2024,66 Quintara,Connector,Weekday,300
August 2024,66 Quintara,Connector,Weekday,300
September 2024,66 Quintara,Connector,Weekday,300
October 2024,66 Quintara,Connector,Weekday,400
November 2024,66 Quintara,Connector,Weekday,300
December 2024,66 Quintara,Connector,Weekday,300
January 2025,66 Quintara,Connector,Weekday,200
February 2025,66 Quintara,Connector,Weekday,200
March 2025,66 Quintara,Connector,Weekday,400
April 2025,66 Quintara,Connector,Weekday,400
May 2025,66 Quintara,Connector,Weekday,400
June 2025,66 Quintara,Connector,Weekday,300
July 2025,66 Quintara,Connector,Weekday,300
August 2025,66 Quintara,Connector,Weekday,400
September 2025,66 Quintara,Connector,Weekday,500
October 2025,66 Quintara,Connector,Weekday,500
November 2025,66 Quintara,Connector,Weekday,500
December 2025,66 Quintara,Connector,Weekday,400
January 2026,66 Quintara,Connector,Weekday,500
February 2026,66 Quintara,Connector,Weekday,500
March 2026,66 Quintara,Connector,Weekday,600
April 2026,66 Quintara,Connector,Weekday,500
May 2026,66 Quintara,Connector,Weekday,600
June 2026,66 Quintara,Connector,Weekday,500
July 2026,66 Quintara,Connector,Weekday,500
August 2026,66 Quintara,Connector,Weekday,600
January 2019,67 Bernal Heights,Connector,Weekday,"1,200"
February 2019,67 Bernal Heights,Connector,Weekday,"1,300"
March 2019,67 Bernal Heights,Connector,Weekday,"1,100"
April 2019,67 Bernal Heights,Connector,Weekday,"1,500"
May 2019,67 Bernal Heights,Connector,Weekday,"1,400"
June 2019,67 Bernal Heights,Connector,Weekday,"1,400"
July 2019,67 Bernal Heights,Connector,Weekday,"1,300"
August 2019,67 Bernal Heights,Connector,Weekday,800
September 2019,67 Bernal Heights,Connector,Weekday,"1,000"
October 2019,67 Bernal Heights,Connector,Weekday,"1,000"
November 2019,67 Bernal Heights,Connector,Weekday,"1,400"
December 2019,67 Bernal Heights,Connector,Weekday,"1,400"
January 2020,67 Bernal Heights,Connector,Weekday,"1,200"
February 2020,67 Bernal Heights,Connector,Weekday,"1,400"
March 2020,67 Bernal Heights,Connector,Weekday,800
April 2020,67 Bernal Heights,Connector,Weekday,
August 2020,67 Bernal Heights,Connector,Weekday,100
September 2020,67 Bernal Heights,Connector,Weekday,
January 2021,67 Bernal Heights,Connector,Weekday,100
July 2021,67 Bernal Heights,Connector,Weekday,600
February 2022,67 Bernal Heights,Connector,Weekday,300
March 2022,67 Bernal Heights,Connector,Weekday,500
June 2022,67 Bernal Heights,Connector,Weekday,300
July 2022,67 Bernal Heights,Connector,Weekday,500
October 2022,67 Bernal Heights,Connector,Weekday,100
November 2022,67 Bernal Heights,Connector,Weekday,100
December 2022,67 Bernal Heights,Connector,Weekday,400
January 2023,67 Bernal Heights,Connector,Weekday,500
February 2023,67 Bernal Heights,Connector,Weekday,400
March 2023,67 Bernal Heights,Connector,Weekday,500
April 2023,67 Bernal Heights,Connector,Weekday,500
May 2023,67 Bernal Heights,Connector,Weekday,500
June 2023,67 Bernal Heights,Connector,Weekday,600
July 2023,67 Bernal Heights,Connector,Weekday,700
August 2023,67 Bernal Heights,Connector,Weekday,600
September 2023,67 Bernal Heights,Connector,Weekday,400
October 2023,67 Bernal Heights,Connector,Weekday,600
November 2023,67 Bernal Heights,Connector,Weekday,200
December 2023,67 Bernal Heights,Connector,Weekday,300
January 2024,67 Bernal Heights,Connector,Weekday,500
February 2024,67 Bernal Heights,Connector,Weekday,600
March 2024,67 Bernal Heights,Connector,Weekday,500
April 2024,67 Bernal Heights,Connector,Weekday,700
May 2024,67 Bernal Heights,Connector,Weekday,700
June 2024,67 Bernal Heights,Connector,Weekday,800
July 2024,67 Bernal Heights,Connector,Weekday,800
August 2024,67 Bernal Heights,Connector,Weekday,700
September 2024,67 Bernal Heights,Connector,Weekday,900
October 2024,67 Bernal Heights,Connector,Weekday,800
November 2024,67 Bernal Heights,Connector,Weekday,700
December 2024,67 Bernal Heights,Connector,Weekday,700
January 2025,67 Bernal Heights,Connector,Weekday,700
February 2025,67 Bernal Heights,Connector,Weekday,800
March 2025,67 Bernal Heights,Connector,Weekday,800
April 2025,67 Bernal Heights,Connector,Weekday,800
May 2025,67 Bernal Heights,Connector,Weekday,900
June 2025,67 Bernal Heights,Connector,Weekday,700
July 2025,67 Bernal Heights,Connector,Weekday,700
August 2025,67 Bernal Heights,Connector,Weekday,800
September 2025,67 Bernal Heights,Connector,Weekday,900
October 2025,67 Bernal Heights,Connector,Weekday,900
November 2025,67 Bernal Heights,Connector,Weekday,800
December 2025,67 Bernal Heights,Connector,Weekday,700
January 2026,67 Bernal Heights,Connector,Weekday,800
February 2026,67 Bernal Heights,Connector,Weekday,800
March 2026,67 Bernal Heights,Connector,Weekday,800
April 2026,67 Bernal Heights,Connector,Weekday,800
May 2026,67 Bernal Heights,Connector,Weekday,900
June 2026,67 Bernal Heights,Connector,Weekday,900
July 2026,67 Bernal Heights,Connector,Weekday,800
August 2026,67 Bernal Heights,Connector,Weekday,900
January 2019,76X Marin Headlands Express,Specialized,Weekday,
February 2019,76X Marin Headlands Express,Specialized,Weekday,
March 2019,76X Marin Headlands Express,Specialized,Weekday,
April 2019,76X Marin Headlands Express,Specialized,Weekday,
May 2019,76X Marin Headlands Express,Specialized,Weekday,
June 2019,76X Marin Headlands Express,Specialized,Weekday,
July 2019,76X Marin Headlands Express,Specialized,Weekday,
August 2019,76X Marin Headlands Express,Specialized,Weekday,
September 2019,76X Marin Headlands Express,Specialized,Weekday,
October 2019,76X Marin Headlands Express,Specialized,Weekday,
November 2019,76X Marin Headlands Express,Specialized,Weekday,
December 2019,76X Marin Headlands Express,Specialized,Weekday,
January 2020,76X Marin Headlands Express,Specialized,Weekday,
February 2020,76X Marin Headlands Express,Specialized,Weekday,
March 2020,76X Marin Headlands Express,Specialized,Weekday,
January 2019,81X Caltrain Express,Specialized,Weekday,200
February 2019,81X Caltrain Express,Specialized,Weekday,200
March 2019,81X Caltrain Express,Specialized,Weekday,200
April 2019,81X Caltrain Express,Specialized,Weekday,100
May 2019,81X Caltrain Express,Specialized,Weekday,100
June 2019,81X Caltrain Express,Specialized,Weekday,100
July 2019,81X Caltrain Express,Specialized,Weekday,100
August 2019,81X Caltrain Express,Specialized,Weekday,200
September 2019,81X Caltrain Express,Specialized,Weekday,100
October 2019,81X Caltrain Express,Specialized,Weekday,100
November 2019,81X Caltrain Express,Specialized,Weekday,100
December 2019,81X Caltrain Express,Specialized,Weekday,100
January 2020,81X Caltrain Express,Specialized,Weekday,100
February 2020,81X Caltrain Express,Specialized,Weekday,100
March 2020,81X Caltrain Express,Specialized,Weekday,100
January 2019,82X Levi Plaza Express,Specialized,Weekday,500
February 2019,82X Levi Plaza Express,Specialized,Weekday,500
March 2019,82X Levi Plaza Express,Specialized,Weekday,400
April 2019,82X Levi Plaza Express,Specialized,Weekday,400
May 2019,82X Levi Plaza Express,Specialized,Weekday,400
June 2019,82X Levi Plaza Express,Specialized,Weekday,500
July 2019,82X Levi Plaza Express,Specialized,Weekday,400
August 2019,82X Levi Plaza Express,Specialized,Weekday,500
September 2019,82X Levi Plaza Express,Specialized,Weekday,400
October 2019,82X Levi Plaza Express,Specialized,Weekday,400
November 2019,82X Levi Plaza Express,Specialized,Weekday,400
December 2019,82X Levi Plaza Express,Specialized,Weekday,300
January 2020,82X Levi Plaza Express,Specialized,Weekday,300
February 2020,82X Levi Plaza Express,Specialized,Weekday,300
March 2020,82X Levi Plaza Express,Specialized,Weekday,200
January 2019,83X Mid/Market Express,Specialized,Weekday,200
February 2019,83X Mid/Market Express,Specialized,Weekday,300
March 2019,83X Mid/Market Express,Specialized,Weekday,
April 2019,83X Mid/Market Express,Specialized,Weekday,
May 2019,83X Mid/Market Express,Specialized,Weekday,
June 2019,83X Mid/Market Express,Specialized,Weekday,200
July 2019,83X Mid/Market Express,Specialized,Weekday,200
August 2019,83X Mid/Market Express,Specialized,Weekday,100
September 2019,83X Mid/Market Express,Specialized,Weekday,300
October 2019,83X Mid/Market Express,Specialized,Weekday,200
November 2019,83X Mid/Market Express,Specialized,Weekday,100
December 2019,83X Mid/Market Express,Specialized,Weekday,100
January 2020,83X Mid/Market Express,Specialized,Weekday,200
February 2020,83X Mid/Market Express,Specialized,Weekday,100
March 2020,83X Mid/Market Express,Specialized,Weekday,100
January 2019,88 BART Shuttle,Specialized,Weekday,400
February 2019,88 BART Shuttle,Specialized,Weekday,400
March 2019,88 BART Shuttle,Specialized,Weekday,400
April 2019,88 BART Shuttle,Specialized,Weekday,400
May 2019,88 BART Shuttle,Specialized,Weekday,400
June 2019,88 BART Shuttle,Specialized,Weekday,100
July 2019,88 BART Shuttle,Specialized,Weekday,300
August 2019,88 BART Shuttle,Specialized,Weekday,300
September 2019,88 BART Shuttle,Specialized,Weekday,400
October 2019,88 BART Shuttle,Specialized,Weekday,300
November 2019,88 BART Shuttle,Specialized,Weekday,400
December 2019,88 BART Shuttle,Specialized,Weekday,300
January 2020,88 BART Shuttle,Specialized,Weekday,400
February 2020,88 BART Shuttle,Specialized,Weekday,400
March 2020,88 BART Shuttle,Specialized,Weekday,200
January 2019,90 San Bruno Owl,Owl,Weekday,300
February 2019,90 San Bruno Owl,Owl,Weekday,300
March 2019,90 San Bruno Owl,Owl,Weekday,300
April 2019,90 San Bruno Owl,Owl,Weekday,300
May 2019,90 San Bruno Owl,Owl,Weekday,300
June 2019,90 San Bruno Owl,Owl,Weekday,300
July 2019,90 San Bruno Owl,Owl,Weekday,300
August 2019,90 San Bruno Owl,Owl,Weekday,300
September 2019,90 San Bruno Owl,Owl,Weekday,300
October 2019,90 San Bruno Owl,Owl,Weekday,300
November 2019,90 San Bruno Owl,Owl,Weekday,300
December 2019,90 San Bruno Owl,Owl,Weekday,200
January 2020,90 San Bruno Owl,Owl,Weekday,300
February 2020,90 San Bruno Owl,Owl,Weekday,300
March 2020,90 San Bruno Owl,Owl,Weekday,200
April 2020,90 San Bruno Owl,Owl,Weekday,200
May 2020,90 San Bruno Owl,Owl,Weekday,300
June 2020,90 San Bruno Owl,Owl,Weekday,300
July 2020,90 San Bruno Owl,Owl,Weekday,300
August 2020,90 San Bruno Owl,Owl,Weekday,300
September 2020,90 San Bruno Owl,Owl,Weekday,300
October 2020,90 San Bruno Owl,Owl,Weekday,400
November 2020,90 San Bruno Owl,Owl,Weekday,300
December 2020,90 San Bruno Owl,Owl,Weekday,200
January 2021,90 San Bruno Owl,Owl,Weekday,300
February 2021,90 San Bruno Owl,Owl,Weekday,300
March 2021,90 San Bruno Owl,Owl,Weekday,300
April 2021,90 San Bruno Owl,Owl,Weekday,400
May 2021,90 San Bruno Owl,Owl,Weekday,300
June 2021,90 San Bruno Owl,Owl,Weekday,400
July 2021,90 San Bruno Owl,Owl,Weekday,400
August 2021,90 San Bruno Owl,Owl,Weekday,300
September 2021,90 San Bruno Owl,Owl,Weekday,200
October 2021,90 San Bruno Owl,Owl,Weekday,200
November 2021,90 San Bruno Owl,Owl,Weekday,200
December 2021,90 San Bruno Owl,Owl,Weekday,200
January 2022,90 San Bruno Owl,Owl,Weekday,200
February 2022,90 San Bruno Owl,Owl,Weekday,200
March 2022,90 San Bruno Owl,Owl,Weekday,200
April 2022,90 San Bruno Owl,Owl,Weekday,200
May 2022,90 San Bruno Owl,Owl,Weekday,200
June 2022,90 San Bruno Owl,Owl,Weekday,200
July 2022,90 San Bruno Owl,Owl,Weekday,300
August 2022,90 San Bruno Owl,Owl,Weekday,300
September 2022,90 San Bruno Owl,Owl,Weekday,300
October 2022,90 San Bruno Owl,Owl,Weekday,300
November 2022,90 San Bruno Owl,Owl,Weekday,300
December 2022,90 San Bruno Owl,Owl,Weekday,300
January 2023,90 San Bruno Owl,Owl,Weekday,300
February 2023,90 San Bruno Owl,Owl,Weekday,300
March 2023,90 San Bruno Owl,Owl,Weekday,300
April 2023,90 San Bruno Owl,Owl,Weekday,300
May 2023,90 San Bruno Owl,Owl,Weekday,300
June 2023,90 San Bruno Owl,Owl,Weekday,300
July 2023,90 San Bruno Owl,Owl,Weekday,300
August 2023,90 San Bruno Owl,Owl,Weekday,300
September 2023,90 San Bruno Owl,Owl,Weekday,300
October 2023,90 San Bruno Owl,Owl,Weekday,300
November 2023,90 San Bruno Owl,Owl,Weekday,300
December 2023,90 San Bruno Owl,Owl,Weekday,300
January 2024,90 San Bruno Owl,Owl,Weekday,300
February 2024,90 San Bruno Owl,Owl,Weekday,300
March 2024,90 San Bruno Owl,Owl,Weekday,300
April 2024,90 San Bruno Owl,Owl,Weekday,300
May 2024,90 San Bruno Owl,Owl,Weekday,300
June 2024,90 San Bruno Owl,Owl,Weekday,300
July 2024,90 San Bruno Owl,Owl,Weekday,400
August 2024,90 San Bruno Owl,Owl,Weekday,400
September 2024,90 San Bruno Owl,Owl,Weekday,300
October 2024,90 San Bruno Owl,Owl,Weekday,400
November 2024,90 San Bruno Owl,Owl,Weekday,400
December 2024,90 San Bruno Owl,Owl,Weekday,400
January 2025,90 San Bruno Owl,Owl,Weekday,400
February 2025,90 San Bruno Owl,Owl,Weekday,400
March 2025,90 San Bruno Owl,Owl,Weekday,400
April 2025,90 San Bruno Owl,Owl,Weekday,300
May 2025,90 San Bruno Owl,Owl,Weekday,300
June 2025,90 San Bruno Owl,Owl,Weekday,300
July 2025,90 San Bruno Owl,Owl,Weekday,300
August 2025,90 San Bruno Owl,Owl,Weekday,300
September 2025,90 San Bruno Owl,Owl,Weekday,300
October 2025,90 San Bruno Owl,Owl,Weekday,400
November 2025,90 San Bruno Owl,Owl,Weekday,300
December 2025,90 San Bruno Owl,Owl,Weekday,300
January 2026,90 San Bruno Owl,Owl,Weekday,300
February 2026,90 San Bruno Owl,Owl,Weekday,300
March 2026,90 San Bruno Owl,Owl,Weekday,300
April 2026,90 San Bruno Owl,Owl,Weekday,300
May 2026,90 San Bruno Owl,Owl,Weekday,300
June 2026,90 San Bruno Owl,Owl,Weekday,300
July 2026,90 San Bruno Owl,Owl,Weekday,300
August 2026,90 San Bruno Owl,Owl,Weekday,400
January 2019,91 3rd Street/19th Ave Owl,Owl,Weekday,600
February 2019,91 3rd Street/19th Ave Owl,Owl,Weekday,600
March 2019,91 3rd Street/19th Ave Owl,Owl,Weekday,600
April 2019,91 3rd Street/19th Ave Owl,Owl,Weekday,600
May 2019,91 3rd Street/19th Ave Owl,Owl,Weekday,600
June 2019,91 3rd Street/19th Ave Owl,Owl,Weekday,600
July 2019,91 3rd Street/19th Ave Owl,Owl,Weekday,600
August 2019,91 3rd Street/19th Ave Owl,Owl,Weekday,600
September 2019,91 3rd Street/19th Ave Owl,Owl,Weekday,700
October 2019,91 3rd Street/19th Ave Owl,Owl,Weekday,700
November 2019,91 3rd Street/19th Ave Owl,Owl,Weekday,600
December 2019,91 3rd Street/19th Ave Owl,Owl,Weekday,700
January 2020,91 3rd Street/19th Ave Owl,Owl,Weekday,600
February 2020,91 3rd Street/19th Ave Owl,Owl,Weekday,600
March 2020,91 3rd Street/19th Ave Owl,Owl,Weekday,400
April 2020,91 3rd Street/19th Ave Owl,Owl,Weekday,300
May 2020,91 3rd Street/19th Ave Owl,Owl,Weekday,400
June 2020,91 3rd Street/19th Ave Owl,Owl,Weekday,500
July 2020,91 3rd Street/19th Ave Owl,Owl,Weekday,500
August 2020,91 3rd Street/19th Ave Owl,Owl,Weekday,500
September 2020,91 3rd Street/19th Ave Owl,Owl,Weekday,700
October 2020,91 3rd Street/19th Ave Owl,Owl,Weekday,800
November 2020,91 3rd Street/19th Ave Owl,Owl,Weekday,700
December 2020,91 3rd Street/19th Ave Owl,Owl,Weekday,600
January 2021,91 3rd Street/19th Ave Owl,Owl,Weekday,500
February 2021,91 3rd Street/19th Ave Owl,Owl,Weekday,500
March 2021,91 3rd Street/19th Ave Owl,Owl,Weekday,600
April 2021,91 3rd Street/19th Ave Owl,Owl,Weekday,600
May 2021,91 3rd Street/19th Ave Owl,Owl,Weekday,700
June 2021,91 3rd Street/19th Ave Owl,Owl,Weekday,800
July 2021,91 3rd Street/19th Ave Owl,Owl,Weekday,800
August 2021,91 3rd Street/19th Ave Owl,Owl,Weekday,600
September 2021,91 3rd Street/19th Ave Owl,Owl,Weekday,400
October 2021,91 3rd Street/19th Ave Owl,Owl,Weekday,400
November 2021,91 3rd Street/19th Ave Owl,Owl,Weekday,500
December 2021,91 3rd Street/19th Ave Owl,Owl,Weekday,500
January 2022,91 3rd Street/19th Ave Owl,Owl,Weekday,400
February 2022,91 3rd Street/19th Ave Owl,Owl,Weekday,400
March 2022,91 3rd Street/19th Ave Owl,Owl,Weekday,400
April 2022,91 3rd Street/19th Ave Owl,Owl,Weekday,400
May 2022,91 3rd Street/19th Ave Owl,Owl,Weekday,400
June 2022,91 3rd Street/19th Ave Owl,Owl,Weekday,500
July 2022,91 3rd Street/19th Ave Owl,Owl,Weekday,500
August 2022,91 3rd Street/19th Ave Owl,Owl,Weekday,500
September 2022,91 3rd Street/19th Ave Owl,Owl,Weekday,500
October 2022,91 3rd Street/19th Ave Owl,Owl,Weekday,500
November 2022,91 3rd Street/19th Ave Owl,Owl,Weekday,500
December 2022,91 3rd Street/19th Ave Owl,Owl,Weekday,500
January 2023,91 3rd Street/19th Ave Owl,Owl,Weekday,500
February 2023,91 3rd Street/19th Ave Owl,Owl,Weekday,500
March 2023,91 3rd Street/19th Ave Owl,Owl,Weekday,500
April 2023,91 3rd Street/19th Ave Owl,Owl,Weekday,500
May 2023,91 3rd Street/19th Ave Owl,Owl,Weekday,500
June 2023,91 3rd Street/19th Ave Owl,Owl,Weekday,500
July 2023,91 3rd Street/19th Ave Owl,Owl,Weekday,500
August 2023,91 3rd Street/19th Ave Owl,Owl,Weekday,600
September 2023,91 3rd Street/19th Ave Owl,Owl,Weekday,600
October 2023,91 3rd Street/19th Ave Owl,Owl,Weekday,600
November 2023,91 3rd Street/19th Ave Owl,Owl,Weekday,500
December 2023,91 3rd Street/19th Ave Owl,Owl,Weekday,600
January 2024,91 3rd Street/19th Ave Owl,Owl,Weekday,500
February 2024,91 3rd Street/19th Ave Owl,Owl,Weekday,600
March 2024,91 3rd Street/19th Ave Owl,Owl,Weekday,600
April 2024,91 3rd Street/19th Ave Owl,Owl,Weekday,600
May 2024,91 3rd Street/19th Ave Owl,Owl,Weekday,600
June 2024,91 3rd Street/19th Ave Owl,Owl,Weekday,600
July 2024,91 3rd Street/19th Ave Owl,Owl,Weekday,600
August 2024,91 3rd Street/19th Ave Owl,Owl,Weekday,600
September 2024,91 3rd Street/19th Ave Owl,Owl,Weekday,600
October 2024,91 3rd Street/19th Ave Owl,Owl,Weekday,700
November 2024,91 3rd Street/19th Ave Owl,Owl,Weekday,600
December 2024,91 3rd Street/19th Ave Owl,Owl,Weekday,600
January 2025,91 3rd Street/19th Ave Owl,Owl,Weekday,600
February 2025,91 3rd Street/19th Ave Owl,Owl,Weekday,600
March 2025,91 3rd Street/19th Ave Owl,Owl,Weekday,600
April 2025,91 3rd Street/19th Ave Owl,Owl,Weekday,600
May 2025,91 3rd Street/19th Ave Owl,Owl,Weekday,600
June 2025,91 3rd Street/19th Ave Owl,Owl,Weekday,600
July 2025,91 3rd Street/19th Ave Owl,Owl,Weekday,600
August 2025,91 3rd Street/19th Ave Owl,Owl,Weekday,600
September 2025,91 3rd Street/19th Ave Owl,Owl,Weekday,700
October 2025,91 3rd Street/19th Ave Owl,Owl,Weekday,700
November 2025,91 3rd Street/19th Ave Owl,Owl,Weekday,700
December 2025,91 3rd Street/19th Ave Owl,Owl,Weekday,700
January 2026,91 3rd Street/19th Ave Owl,Owl,Weekday,600
February 2026,91 3rd Street/19th Ave Owl,Owl,Weekday,700
March 2026,91 3rd Street/19th Ave Owl,Owl,Weekday,600
April 2026,91 3rd Street/19th Ave Owl,Owl,Weekday,600
May 2026,91 3rd Street/19th Ave Owl,Owl,Weekday,600
June 2026,91 3rd Street/19th Ave Owl,Owl,Weekday,600
July 2026,91 3rd Street/19th Ave Owl,Owl,Weekday,700
August 2026,91 3rd Street/19th Ave Owl,Owl,Weekday,700
April 2020,714 BART Early Bird,Specialized,Weekday,
May 2020,714 BART Early Bird,Specialized,Weekday,
June 2020,714 BART Early Bird,Specialized,Weekday,
July 2020,714 BART Early Bird,Specialized,Weekday,
August 2020,714 BART Early Bird,Specialized,Weekday,
September 2020,714 BART Early Bird,Specialized,Weekday,
October 2020,714 BART Early Bird,Specialized,Weekday,
November 2020,714 BART Early Bird,Specialized,Weekday,
December 2020,714 BART Early Bird,Specialized,Weekday,
January 2021,714 BART Early Bird,Specialized,Weekday,
February 2021,714 BART Early Bird,Specialized,Weekday,
March 2021,714 BART Early Bird,Specialized,Weekday,
April 2021,714 BART Early Bird,Specialized,Weekday,
May 2021,714 BART Early Bird,Specialized,Weekday,
July 2021,714 BART Early Bird,Specialized,Weekday,
August 2021,714 BART Early Bird,Specialized,Weekday,
September 2021,714 BART Early Bird,Specialized,Weekday,
October 2021,714 BART Early Bird,Specialized,Weekday,
November 2021,714 BART Early Bird,Specialized,Weekday,
December 2021,714 BART Early Bird,Specialized,Weekday,
January 2022,714 BART Early Bird,Specialized,Weekday,
February 2022,714 BART Early Bird,Specialized,Weekday,
March 2022,714 BART Early Bird,Specialized,Weekday,
April 2022,714 BART Early Bird,Specialized,Weekday,
May 2022,714 BART Early Bird,Specialized,Weekday,
June 2022,714 BART Early Bird,Specialized,Weekday,
July 2022,714 BART Early Bird,Specialized,Weekday,
August 2022,714 BART Early Bird,Specialized,Weekday,
September 2022,714 BART Early Bird,Specialized,Weekday,
October 2022,714 BART Early Bird,Specialized,Weekday,
November 2022,714 BART Early Bird,Specialized,Weekday,
December 2022,714 BART Early Bird,Specialized,Weekday,
January 2023,714 BART Early Bird,Specialized,Weekday,
February 2023,714 BART Early Bird,Specialized,Weekday,
March 2023,714 BART Early Bird,Specialized,Weekday,
April 2023,714 BART Early Bird,Specialized,Weekday,
May 2023,714 BART Early Bird,Specialized,Weekday,
June 2023,714 BART Early Bird,Specialized,Weekday,
July 2023,714 BART Early Bird,Specialized,Weekday,
August 2023,714 BART Early Bird,Specialized,Weekday,
September 2023,714 BART Early Bird,Specialized,Weekday,
October 2023,714 BART Early Bird,Specialized,Weekday,
November 2023,714 BART Early Bird,Specialized,Weekday,
December 2023,714 BART Early Bird,Specialized,Weekday,
January 2024,714 BART Early Bird,Specialized,Weekday,
February 2024,714 BART Early Bird,Specialized,Weekday,
March 2024,714 BART Early Bird,Specialized,Weekday,
April 2024,714 BART Early Bird,Specialized,Weekday,
May 2024,714 BART Early Bird,Specialized,Weekday,
June 2024,714 BART Early Bird,Specialized,Weekday,
July 2024,714 BART Early Bird,Specialized,Weekday,
August 2024,714 BART Early Bird,Specialized,Weekday,
September 2024,714 BART Early Bird,Specialized,Weekday,
October 2024,714 BART Early Bird,Specialized,Weekday,
November 2024,714 BART Early Bird,Specialized,Weekday,
December 2024,714 BART Early Bird,Specialized,Weekday,
January 2025,714 BART Early Bird,Specialized,Weekday,
February 2025,714 BART Early Bird,Specialized,Weekday,
March 2025,714 BART Early Bird,Specialized,Weekday,
April 2025,714 BART Early Bird,Specialized,Weekday,
May 2025,714 BART Early Bird,Specialized,Weekday,
June 2025,714 BART Early Bird,Specialized,Weekday,
July 2025,714 BART Early Bird,Specialized,Weekday,
August 2025,714 BART Early Bird,Specialized,Weekday,
September 2025,714 BART Early Bird,Specialized,Weekday,
October 2025,714 BART Early Bird,Specialized,Weekday,
November 2025,714 BART Early Bird,Specialized,Weekday,
December 2025,714 BART Early Bird,Specialized,Weekday,
January 2026,714 BART Early Bird,Specialized,Weekday,
February 2026,714 BART Early Bird,Specialized,Weekday,
March 2026,714 BART Early Bird,Specialized,Weekday,
April 2026,714 BART Early Bird,Specialized,Weekday,
May 2026,714 BART Early Bird,Specialized,Weekday,
June 2026,714 BART Early Bird,Specialized,Weekday,
July 2026,714 BART Early Bird,Specialized,Weekday,
August 2026,714 BART Early Bird,Specialized,Weekday,
January 2019,E Embarcadero,Historic,Weekday,"1,400"
February 2019,E Embarcadero,Historic,Weekday,"1,700"
March 2019,E Embarcadero,Historic,Weekday,"2,000"
April 2019,E Embarcadero,Historic,Weekday,"2,000"
May 2019,E Embarcadero,Historic,Weekday,"2,100"
June 2019,E Embarcadero,Historic,Weekday,"2,100"
July 2019,E Embarcadero,Historic,Weekday,"2,300"
August 2019,E Embarcadero,Historic,Weekday,"2,200"
September 2019,E Embarcadero,Historic,Weekday,"1,900"
October 2019,E Embarcadero,Historic,Weekday,"1,700"
November 2019,E Embarcadero,Historic,Weekday,"1,600"
December 2019,E Embarcadero,Historic,Weekday,"1,600"
January 2020,E Embarcadero,Historic,Weekday,"1,400"
February 2020,E Embarcadero,Historic,Weekday,"1,700"
March 2020,E Embarcadero,Historic,Weekday,"2,000"
January 2019,F Market & Wharves,Historic,Weekday,"14,900"
February 2019,F Market & Wharves,Historic,Weekday,"17,600"
March 2019,F Market & Wharves,Historic,Weekday,"20,700"
April 2019,F Market & Wharves,Historic,Weekday,"20,300"
May 2019,F Market & Wharves,Historic,Weekday,"22,000"
June 2019,F Market & Wharves,Historic,Weekday,"22,000"
July 2019,F Market & Wharves,Historic,Weekday,"18,200"
August 2019,F Market & Wharves,Historic,Weekday,"16,800"
September 2019,F Market & Wharves,Historic,Weekday,"14,500"
October 2019,F Market & Wharves,Historic,Weekday,"13,400"
November 2019,F Market & Wharves,Historic,Weekday,"12,200"
December 2019,F Market & Wharves,Historic,Weekday,"12,500"
January 2020,F Market & Wharves,Historic,Weekday,"10,900"
February 2020,F Market & Wharves,Historic,Weekday,"12,900"
March 2020,F Market & Wharves,Historic,Weekday,"15,200"
January 2019,J Church,Muni Metro,Weekday,"13,900"
February 2019,J Church,Muni Metro,Weekday,"14,700"
March 2019,J Church,Muni Metro,Weekday,"14,800"
April 2019,J Church,Muni Metro,Weekday,"14,900"
May 2019,J Church,Muni Metro,Weekday,"14,600"
June 2019,J Church,Muni Metro,Weekday,"15,100"
July 2019,J Church,Muni Metro,Weekday,"15,800"
August 2019,J Church,Muni Metro,Weekday,"15,700"
September 2019,J Church,Muni Metro,Weekday,"15,500"
October 2019,J Church,Muni Metro,Weekday,"15,900"
November 2019,J Church,Muni Metro,Weekday,"14,800"
December 2019,J Church,Muni Metro,Weekday,"14,200"
January 2020,J Church,Muni Metro,Weekday,"14,500"
February 2020,J Church,Muni Metro,Weekday,"15,400"
March 2020,J Church,Muni Metro,Weekday,"15,500"
December 2020,J Church,Muni Metro,Weekday,300
January 2021,J Church,Muni Metro,Weekday,700
February 2021,J Church,Muni Metro,Weekday,800
March 2021,J Church,Muni Metro,Weekday,900
April 2021,J Church,Muni Metro,Weekday,"1,000"
May 2021,J Church,Muni Metro,Weekday,"1,600"
June 2021,J Church,Muni Metro,Weekday,"2,100"
July 2021,J Church,Muni Metro,Weekday,"2,100"
August 2021,J Church,Muni Metro,Weekday,"1,500"
September 2021,J Church,Muni Metro,Weekday,"2,500"
October 2021,J Church,Muni Metro,Weekday,"2,900"
November 2021,J Church,Muni Metro,Weekday,"2,800"
December 2021,J Church,Muni Metro,Weekday,"2,500"
January 2022,J Church,Muni Metro,Weekday,"2,800"
February 2022,J Church,Muni Metro,Weekday,"3,300"
March 2022,J Church,Muni Metro,Weekday,"4,800"
April 2022,J Church,Muni Metro,Weekday,"4,900"
May 2022,J Church,Muni Metro,Weekday,"4,900"
June 2022,J Church,Muni Metro,Weekday,"5,200"
July 2022,J Church,Muni Metro,Weekday,"4,700"
August 2022,J Church,Muni Metro,Weekday,"5,200"
September 2022,J Church,Muni Metro,Weekday,"5,700"
October 2022,J Church,Muni Metro,Weekday,"5,900"
November 2022,J Church,Muni Metro,Weekday,"5,400"
December 2022,J Church,Muni Metro,Weekday,"4,600"
January 2023,J Church,Muni Metro,Weekday,"5,600"
February 2023,J Church,Muni Metro,Weekday,"6,300"
March 2023,J Church,Muni Metro,Weekday,"5,900"
April 2023,J Church,Muni Metro,Weekday,"6,900"
May 2023,J Church,Muni Metro,Weekday,"6,300"
June 2023,J Church,Muni Metro,Weekday,"6,200"
July 2023,J Church,Muni Metro,Weekday,"6,200"
August 2023,J Church,Muni Metro,Weekday,"6,400"
September 2023,J Church,Muni Metro,Weekday,"7,300"
October 2023,J Church,Muni Metro,Weekday,"6,900"
November 2023,J Church,Muni Metro,Weekday,"6,500"
December 2023,J Church,Muni Metro,Weekday,"6,300"
January 2024,J Church,Muni Metro,Weekday,"6,600"
February 2024,J Church,Muni Metro,Weekday,"7,200"
March 2024,J Church,Muni Metro,Weekday,"7,400"
April 2024,J Church,Muni Metro,Weekday,"7,300"
May 2024,J Church,Muni Metro,Weekday,"7,800"
June 2024,J Church,Muni Metro,Weekday,"7,600"
July 2024,J Church,Muni Metro,Weekday,"6,800"
August 2024,J Church,Muni Metro,Weekday,"7,300"
September 2024,J Church,Muni Metro,Weekday,"7,700"
October 2024,J Church,Muni Metro,Weekday,"7,300"
November 2024,J Church,Muni Metro,Weekday,"6,500"
December 2024,J Church,Muni Metro,Weekday,"6,400"
January 2025,J Church,Muni Metro,Weekday,"6,900"
February 2025,J Church,Muni Metro,Weekday,"7,100"
March 2025,J Church,Muni Metro,Weekday,"7,500"
April 2025,J Church,Muni Metro,Weekday,"6,600"
May 2025,J Church,Muni Metro,Weekday,"7,500"
June 2025,J Church,Muni Metro,Weekday,"6,900"
July 2025,J Church,Muni Metro,Weekday,"6,800"
August 2025,J Church,Muni Metro,Weekday,"7,500"
September 2025,J Church,Muni Metro,Weekday,"7,800"
October 2025,J Church,Muni Metro,Weekday,"7,600"
November 2025,J Church,Muni Metro,Weekday,"6,800"
December 2025,J Church,Muni Metro,Weekday,"6,200"
January 2026,J Church,Muni Metro,Weekday,"7,600"
February 2026,J Church,Muni Metro,Weekday,"7,600"
March 2026,J Church,Muni Metro,Weekday,"8,100"
April 2026,J Church,Muni Metro,Weekday,"7,900"
May 2026,J Church,Muni Metro,Weekday,"8,300"
June 2026,J Church,Muni Metro,Weekday,"8,100"
July 2026,J Church,Muni Metro,Weekday,"7,800"
August 2026,J Church,Muni Metro,Weekday,"7,800"
January 2023,K Ingleside,Muni Metro,Weekday,"8,700"
February 2023,K Ingleside,Muni Metro,Weekday,"14,200"
March 2023,K Ingleside,Muni Metro,Weekday,"13,300"
April 2023,K Ingleside,Muni Metro,Weekday,"13,800"
May 2023,K Ingleside,Muni Metro,Weekday,"13,200"
June 2023,K Ingleside,Muni Metro,Weekday,"13,500"
July 2023,K Ingleside,Muni Metro,Weekday,"12,300"
August 2023,K Ingleside,Muni Metro,Weekday,"13,700"
September 2023,K Ingleside,Muni Metro,Weekday,"14,100"
October 2023,K Ingleside,Muni Metro,Weekday,"14,200"
November 2023,K Ingleside,Muni Metro,Weekday,"10,300"
December 2023,K Ingleside,Muni Metro,Weekday,"13,200"
January 2024,K Ingleside,Muni Metro,Weekday,"14,100"
February 2024,K Ingleside,Muni Metro,Weekday,"14,700"
March 2024,K Ingleside,Muni Metro,Weekday,"15,200"
April 2024,K Ingleside,Muni Metro,Weekday,"14,100"
May 2024,K Ingleside,Muni Metro,Weekday,"15,200"
June 2024,K Ingleside,Muni Metro,Weekday,"14,000"
July 2024,K Ingleside,Muni Metro,Weekday,"13,500"
August 2024,K Ingleside,Muni Metro,Weekday,"10,200"
September 2024,K Ingleside,Muni Metro,Weekday,"14,600"
October 2024,K Ingleside,Muni Metro,Weekday,"12,300"
November 2024,K Ingleside,Muni Metro,Weekday,"11,500"
December 2024,K Ingleside,Muni Metro,Weekday,"11,000"
January 2025,K Ingleside,Muni Metro,Weekday,"11,900"
February 2025,K Ingleside,Muni Metro,Weekday,"10,800"
March 2025,K Ingleside,Muni Metro,Weekday,"6,300"
April 2025,K Ingleside,Muni Metro,Weekday,"12,600"
May 2025,K Ingleside,Muni Metro,Weekday,"13,200"
June 2025,K Ingleside,Muni Metro,Weekday,"11,900"
July 2025,K Ingleside,Muni Metro,Weekday,"11,800"
August 2025,K Ingleside,Muni Metro,Weekday,"12,900"
September 2025,K Ingleside,Muni Metro,Weekday,"14,400"
October 2025,K Ingleside,Muni Metro,Weekday,"14,200"
November 2025,K Ingleside,Muni Metro,Weekday,"13,400"
December 2025,K Ingleside,Muni Metro,Weekday,"12,400"
January 2026,K Ingleside,Muni Metro,Weekday,"14,200"
February 2026,K Ingleside,Muni Metro,Weekday,"14,600"
March 2026,K Ingleside,Muni Metro,Weekday,"15,200"
April 2026,K Ingleside,Muni Metro,Weekday,"14,700"
May 2026,K Ingleside,Muni Metro,Weekday,"15,000"
June 2026,K Ingleside,Muni Metro,Weekday,"14,900"
July 2026,K Ingleside,Muni Metro,Weekday,"13,900"
August 2026,K Ingleside,Muni Metro,Weekday,"14,500"
January 2021,K L M N Owl,Owl,Weekday,
March 2021,K L M N Owl,Owl,Weekday,100
April 2021,K L M N Owl,Owl,Weekday,
May 2021,K L M N Owl,Owl,Weekday,100
June 2021,K L M N Owl,Owl,Weekday,200
July 2021,K L M N Owl,Owl,Weekday,100
August 2021,K L M N Owl,Owl,Weekday,
September 2021,K L M N Owl,Owl,Weekday,
June 2022,K L M N Owl,Owl,Weekday,
January 2019,KT Ingleside/Third,Muni Metro,Weekday,"35,300"
February 2019,KT Ingleside/Third,Muni Metro,Weekday,"37,400"
March 2019,KT Ingleside/Third,Muni Metro,Weekday,"37,600"
April 2019,KT Ingleside/Third,Muni Metro,Weekday,"37,900"
May 2019,KT Ingleside/Third,Muni Metro,Weekday,"37,000"
June 2019,KT Ingleside/Third,Muni Metro,Weekday,"38,400"
July 2019,KT Ingleside/Third,Muni Metro,Weekday,"33,100"
August 2019,KT Ingleside/Third,Muni Metro,Weekday,"32,900"
September 2019,KT Ingleside/Third,Muni Metro,Weekday,"32,500"
October 2019,KT Ingleside/Third,Muni Metro,Weekday,"33,300"
November 2019,KT Ingleside/Third,Muni Metro,Weekday,"31,100"
December 2019,KT Ingleside/Third,Muni Metro,Weekday,"29,800"
January 2020,KT Ingleside/Third,Muni Metro,Weekday,"30,500"
February 2020,KT Ingleside/Third,Muni Metro,Weekday,"32,400"
March 2020,KT Ingleside/Third,Muni Metro,Weekday,"32,500"
May 2021,KT Ingleside/Third,Muni Metro,Weekday,"5,300"
June 2021,KT Ingleside/Third,Muni Metro,Weekday,"12,400"
July 2021,KT Ingleside/Third,Muni Metro,Weekday,"15,100"
August 2021,KT Ingleside/Third,Muni Metro,Weekday,"14,600"
September 2021,KT Ingleside/Third,Muni Metro,Weekday,"15,800"
October 2021,KT Ingleside/Third,Muni Metro,Weekday,"15,500"
November 2021,KT Ingleside/Third,Muni Metro,Weekday,"16,700"
December 2021,KT Ingleside/Third,Muni Metro,Weekday,"16,100"
January 2022,KT Ingleside/Third,Muni Metro,Weekday,"15,000"
February 2022,KT Ingleside/Third,Muni Metro,Weekday,"17,600"
March 2022,KT Ingleside/Third,Muni Metro,Weekday,"18,400"
April 2022,KT Ingleside/Third,Muni Metro,Weekday,"19,400"
May 2022,KT Ingleside/Third,Muni Metro,Weekday,"20,800"
June 2022,KT Ingleside/Third,Muni Metro,Weekday,"20,900"
July 2022,KT Ingleside/Third,Muni Metro,Weekday,"20,200"
August 2022,KT Ingleside/Third,Muni Metro,Weekday,"20,600"
September 2022,KT Ingleside/Third,Muni Metro,Weekday,"22,700"
October 2022,KT Ingleside/Third,Muni Metro,Weekday,"23,300"
November 2022,KT Ingleside/Third,Muni Metro,Weekday,"22,600"
December 2022,KT Ingleside/Third,Muni Metro,Weekday,"20,900"
January 2023,KT Ingleside/Third,Muni Metro,Weekday,"3,500"
November 2023,KT Ingleside/Third,Muni Metro,Weekday,"6,300"
February 2025,KT Ingleside/Third,Muni Metro,Weekday,"3,700"
March 2025,KT Ingleside/Third,Muni Metro,Weekday,"11,300"
January 2019,L Taraval,Muni Metro,Weekday,"30,700"
February 2019,L Taraval,Muni Metro,Weekday,"32,500"
March 2019,L Taraval,Muni Metro,Weekday,"32,700"
April 2019,L Taraval,Muni Metro,Weekday,"32,900"
May 2019,L Taraval,Muni Metro,Weekday,"32,200"
June 2019,L Taraval,Muni Metro,Weekday,"33,400"
July 2019,L Taraval,Muni Metro,Weekday,"33,900"
August 2019,L Taraval,Muni Metro,Weekday,"33,700"
September 2019,L Taraval,Muni Metro,Weekday,"33,300"
October 2019,L Taraval,Muni Metro,Weekday,"34,100"
November 2019,L Taraval,Muni Metro,Weekday,"31,900"
December 2019,L Taraval,Muni Metro,Weekday,"30,500"
January 2020,L Taraval,Muni Metro,Weekday,"31,300"
February 2020,L Taraval,Muni Metro,Weekday,"33,200"
March 2020,L Taraval,Muni Metro,Weekday,"33,400"
September 2024,L Taraval,Muni Metro,Weekday,700
October 2024,L Taraval,Muni Metro,Weekday,"15,000"
November 2024,L Taraval,Muni Metro,Weekday,"13,700"
December 2024,L Taraval,Muni Metro,Weekday,"13,500"
January 2025,L Taraval,Muni Metro,Weekday,"14,600"
February 2025,L Taraval,Muni Metro,Weekday,"15,000"
March 2025,L Taraval,Muni Metro,Weekday,"15,900"
April 2025,L Taraval,Muni Metro,Weekday,"15,900"
May 2025,L Taraval,Muni Metro,Weekday,"16,400"
June 2025,L Taraval,Muni Metro,Weekday,"15,900"
July 2025,L Taraval,Muni Metro,Weekday,"16,300"
August 2025,L Taraval,Muni Metro,Weekday,"16,700"
September 2025,L Taraval,Muni Metro,Weekday,"17,300"
October 2025,L Taraval,Muni Metro,Weekday,"17,500"
November 2025,L Taraval,Muni Metro,Weekday,"16,000"
December 2025,L Taraval,Muni Metro,Weekday,"15,100"
January 2026,L Taraval,Muni Metro,Weekday,"17,000"
February 2026,L Taraval,Muni Metro,Weekday,"17,500"
March 2026,L Taraval,Muni Metro,Weekday,"18,300"
April 2026,L Taraval,Muni Metro,Weekday,"18,200"
May 2026,L Taraval,Muni Metro,Weekday,"18,500"
June 2026,L Taraval,Muni Metro,Weekday,"19,000"
July 2026,L Taraval,Muni Metro,Weekday,"18,100"
August 2026,L Taraval,Muni Metro,Weekday,"18,400"
January 2019,M Ocean View,Muni Metro,Weekday,"29,600"
February 2019,M Ocean View,Muni Metro,Weekday,"31,300"
March 2019,M Ocean View,Muni Metro,Weekday,"31,500"
April 2019,M Ocean View,Muni Metro,Weekday,"31,700"
May 2019,M Ocean View,Muni Metro,Weekday,"31,000"
June 2019,M Ocean View,Muni Metro,Weekday,"32,200"
July 2019,M Ocean View,Muni Metro,Weekday,"32,900"
August 2019,M Ocean View,Muni Metro,Weekday,"32,700"
September 2019,M Ocean View,Muni Metro,Weekday,"32,400"
October 2019,M Ocean View,Muni Metro,Weekday,"33,100"
November 2019,M Ocean View,Muni Metro,Weekday,"30,900"
December 2019,M Ocean View,Muni Metro,Weekday,"29,600"
January 2020,M Ocean View,Muni Metro,Weekday,"30,400"
February 2020,M Ocean View,Muni Metro,Weekday,"32,200"
March 2020,M Ocean View,Muni Metro,Weekday,"32,400"
August 2021,M Ocean View,Muni Metro,Weekday,"4,800"
September 2021,M Ocean View,Muni Metro,Weekday,"10,100"
October 2021,M Ocean View,Muni Metro,Weekday,"11,400"
November 2021,M Ocean View,Muni Metro,Weekday,"11,900"
December 2021,M Ocean View,Muni Metro,Weekday,"11,000"
January 2022,M Ocean View,Muni Metro,Weekday,"10,000"
February 2022,M Ocean View,Muni Metro,Weekday,"12,600"
March 2022,M Ocean View,Muni Metro,Weekday,"13,400"
April 2022,M Ocean View,Muni Metro,Weekday,"14,200"
May 2022,M Ocean View,Muni Metro,Weekday,"13,700"
June 2022,M Ocean View,Muni Metro,Weekday,"12,300"
July 2022,M Ocean View,Muni Metro,Weekday,"12,200"
August 2022,M Ocean View,Muni Metro,Weekday,"14,900"
September 2022,M Ocean View,Muni Metro,Weekday,"18,200"
October 2022,M Ocean View,Muni Metro,Weekday,"17,900"
November 2022,M Ocean View,Muni Metro,Weekday,"16,400"
December 2022,M Ocean View,Muni Metro,Weekday,"15,000"
January 2023,M Ocean View,Muni Metro,Weekday,"16,000"
February 2023,M Ocean View,Muni Metro,Weekday,"21,100"
March 2023,M Ocean View,Muni Metro,Weekday,"19,200"
April 2023,M Ocean View,Muni Metro,Weekday,"20,400"
May 2023,M Ocean View,Muni Metro,Weekday,"20,000"
June 2023,M Ocean View,Muni Metro,Weekday,"17,300"
July 2023,M Ocean View,Muni Metro,Weekday,"16,600"
August 2023,M Ocean View,Muni Metro,Weekday,"19,600"
September 2023,M Ocean View,Muni Metro,Weekday,"20,400"
October 2023,M Ocean View,Muni Metro,Weekday,"21,500"
November 2023,M Ocean View,Muni Metro,Weekday,"19,700"
December 2023,M Ocean View,Muni Metro,Weekday,"17,600"
January 2024,M Ocean View,Muni Metro,Weekday,"18,600"
February 2024,M Ocean View,Muni Metro,Weekday,"21,100"
March 2024,M Ocean View,Muni Metro,Weekday,"20,400"
April 2024,M Ocean View,Muni Metro,Weekday,"19,900"
May 2024,M Ocean View,Muni Metro,Weekday,"21,200"
June 2024,M Ocean View,Muni Metro,Weekday,"18,000"
July 2024,M Ocean View,Muni Metro,Weekday,"17,800"
August 2024,M Ocean View,Muni Metro,Weekday,"13,200"
September 2024,M Ocean View,Muni Metro,Weekday,"20,900"
October 2024,M Ocean View,Muni Metro,Weekday,"19,400"
November 2024,M Ocean View,Muni Metro,Weekday,"17,300"
December 2024,M Ocean View,Muni Metro,Weekday,"17,000"
January 2025,M Ocean View,Muni Metro,Weekday,"16,900"
February 2025,M Ocean View,Muni Metro,Weekday,"18,800"
March 2025,M Ocean View,Muni Metro,Weekday,"18,600"
April 2025,M Ocean View,Muni Metro,Weekday,"19,500"
May 2025,M Ocean View,Muni Metro,Weekday,"19,400"
June 2025,M Ocean View,Muni Metro,Weekday,"16,900"
July 2025,M Ocean View,Muni Metro,Weekday,"17,400"
August 2025,M Ocean View,Muni Metro,Weekday,"18,200"
September 2025,M Ocean View,Muni Metro,Weekday,"21,000"
October 2025,M Ocean View,Muni Metro,Weekday,"20,900"
November 2025,M Ocean View,Muni Metro,Weekday,"18,700"
December 2025,M Ocean View,Muni Metro,Weekday,"17,000"
January 2026,M Ocean View,Muni Metro,Weekday,"18,500"
February 2026,M Ocean View,Muni Metro,Weekday,"20,400"
March 2026,M Ocean View,Muni Metro,Weekday,"20,300"
April 2026,M Ocean View,Muni Metro,Weekday,"21,000"
May 2026,M Ocean View,Muni Metro,Weekday,"20,900"
June 2026,M Ocean View,Muni Metro,Weekday,"19,000"
July 2026,M Ocean View,Muni Metro,Weekday,"18,300"
August 2026,M Ocean View,Muni Metro,Weekday,"20,300"
January 2019,N Judah,Muni Metro,Weekday,"43,900"
February 2019,N Judah,Muni Metro,Weekday,"46,500"
March 2019,N Judah,Muni Metro,Weekday,"46,800"
April 2019,N Judah,Muni Metro,Weekday,"47,100"
May 2019,N Judah,Muni Metro,Weekday,"46,100"
June 2019,N Judah,Muni Metro,Weekday,"47,800"
July 2019,N Judah,Muni Metro,Weekday,"50,900"
August 2019,N Judah,Muni Metro,Weekday,"50,600"
September 2019,N Judah,Muni Metro,Weekday,"50,000"
October 2019,N Judah,Muni Metro,Weekday,"51,200"
November 2019,N Judah,Muni Metro,Weekday,"47,800"
December 2019,N Judah,Muni Metro,Weekday,"45,800"
January 2020,N Judah,Muni Metro,Weekday,"46,900"
February 2020,N Judah,Muni Metro,Weekday,"49,800"
March 2020,N Judah,Muni Metro,Weekday,"50,000"
May 2021,N Judah,Muni Metro,Weekday,"4,000"
June 2021,N Judah,Muni Metro,Weekday,"10,000"
July 2021,N Judah,Muni Metro,Weekday,"12,100"
August 2021,N Judah,Muni Metro,Weekday,"12,600"
September 2021,N Judah,Muni Metro,Weekday,"13,900"
October 2021,N Judah,Muni Metro,Weekday,"14,700"
November 2021,N Judah,Muni Metro,Weekday,"15,100"
December 2021,N Judah,Muni Metro,Weekday,"14,100"
January 2022,N Judah,Muni Metro,Weekday,"13,100"
February 2022,N Judah,Muni Metro,Weekday,"15,500"
March 2022,N Judah,Muni Metro,Weekday,"17,600"
April 2022,N Judah,Muni Metro,Weekday,"19,300"
May 2022,N Judah,Muni Metro,Weekday,"20,000"
June 2022,N Judah,Muni Metro,Weekday,"21,100"
July 2022,N Judah,Muni Metro,Weekday,"20,100"
August 2022,N Judah,Muni Metro,Weekday,"21,300"
September 2022,N Judah,Muni Metro,Weekday,"22,700"
October 2022,N Judah,Muni Metro,Weekday,"21,500"
November 2022,N Judah,Muni Metro,Weekday,"20,400"
December 2022,N Judah,Muni Metro,Weekday,"19,200"
January 2023,N Judah,Muni Metro,Weekday,"22,700"
February 2023,N Judah,Muni Metro,Weekday,"24,400"
March 2023,N Judah,Muni Metro,Weekday,"24,100"
April 2023,N Judah,Muni Metro,Weekday,"26,600"
May 2023,N Judah,Muni Metro,Weekday,"26,800"
June 2023,N Judah,Muni Metro,Weekday,"26,700"
July 2023,N Judah,Muni Metro,Weekday,"26,700"
August 2023,N Judah,Muni Metro,Weekday,"28,700"
September 2023,N Judah,Muni Metro,Weekday,"27,900"
October 2023,N Judah,Muni Metro,Weekday,"27,800"
November 2023,N Judah,Muni Metro,Weekday,"25,700"
December 2023,N Judah,Muni Metro,Weekday,"24,200"
January 2024,N Judah,Muni Metro,Weekday,"26,600"
February 2024,N Judah,Muni Metro,Weekday,"27,900"
March 2024,N Judah,Muni Metro,Weekday,"27,900"
April 2024,N Judah,Muni Metro,Weekday,"29,300"
May 2024,N Judah,Muni Metro,Weekday,"30,600"
June 2024,N Judah,Muni Metro,Weekday,"30,300"
July 2024,N Judah,Muni Metro,Weekday,"28,600"
August 2024,N Judah,Muni Metro,Weekday,"30,500"
September 2024,N Judah,Muni Metro,Weekday,"31,000"
October 2024,N Judah,Muni Metro,Weekday,"30,300"
November 2024,N Judah,Muni Metro,Weekday,"27,000"
December 2024,N Judah,Muni Metro,Weekday,"26,000"
January 2025,N Judah,Muni Metro,Weekday,"28,900"
February 2025,N Judah,Muni Metro,Weekday,"29,300"
March 2025,N Judah,Muni Metro,Weekday,"29,900"
April 2025,N Judah,Muni Metro,Weekday,"32,500"
May 2025,N Judah,Muni Metro,Weekday,"33,500"
June 2025,N Judah,Muni Metro,Weekday,"33,900"
July 2025,N Judah,Muni Metro,Weekday,"34,000"
August 2025,N Judah,Muni Metro,Weekday,"34,900"
September 2025,N Judah,Muni Metro,Weekday,"35,200"
October 2025,N Judah,Muni Metro,Weekday,"34,100"
November 2025,N Judah,Muni Metro,Weekday,"31,200"
December 2025,N Judah,Muni Metro,Weekday,"27,700"
January 2026,N Judah,Muni Metro,Weekday,"32,700"
February 2026,N Judah,Muni Metro,Weekday,"34,100"
March 2026,N Judah,Muni Metro,Weekday,"36,100"
April 2026,N Judah,Muni Metro,Weekday,"36,600"
May 2026,N Judah,Muni Metro,Weekday,"37,100"
June 2026,N Judah,Muni Metro,Weekday,"38,600"
July 2026,N Judah,Muni Metro,Weekday,"37,600"
August 2026,N Judah,Muni Metro,Weekday,"38,300"
January 2019,NX N Express,Specialized,Weekday,"1,200"
February 2019,NX N Express,Specialized,Weekday,"1,200"
March 2019,NX N Express,Specialized,Weekday,"1,200"
April 2019,NX N Express,Specialized,Weekday,"1,600"
May 2019,NX N Express,Specialized,Weekday,"1,300"
June 2019,NX N Express,Specialized,Weekday,"1,400"
July 2019,NX N Express,Specialized,Weekday,"1,300"
August 2019,NX N Express,Specialized,Weekday,"1,300"
September 2019,NX N Express,Specialized,Weekday,"1,400"
October 2019,NX N Express,Specialized,Weekday,"1,400"
November 2019,NX N Express,Specialized,Weekday,"1,300"
December 2019,NX N Express,Specialized,Weekday,"1,300"
January 2020,NX N Express,Specialized,Weekday,"1,300"
February 2020,NX N Express,Specialized,Weekday,"1,300"
March 2020,NX N Express,Specialized,Weekday,"1,100"
February 2022,S Shuttle,Muni Metro,Weekday,500
March 2022,S Shuttle,Muni Metro,Weekday,600
April 2022,S Shuttle,Muni Metro,Weekday,100
July 2022,S Shuttle,Muni Metro,Weekday,
August 2022,S Shuttle,Muni Metro,Weekday,800
September 2022,S Shuttle,Muni Metro,Weekday,400
October 2022,S Shuttle,Muni Metro,Weekday,"2,900"
November 2022,S Shuttle,Muni Metro,Weekday,"2,600"
December 2022,S Shuttle,Muni Metro,Weekday,"3,100"
January 2023,S Shuttle,Muni Metro,Weekday,500
February 2023,S Shuttle,Muni Metro,Weekday,100
March 2023,S Shuttle,Muni Metro,Weekday,"1,100"
April 2023,S Shuttle,Muni Metro,Weekday,"1,400"
May 2023,S Shuttle,Muni Metro,Weekday,"2,800"
June 2023,S Shuttle,Muni Metro,Weekday,"2,600"
July 2023,S Shuttle,Muni Metro,Weekday,"2,800"
August 2023,S Shuttle,Muni Metro,Weekday,"2,800"
September 2023,S Shuttle,Muni Metro,Weekday,"3,000"
October 2023,S Shuttle,Muni Metro,Weekday,"2,800"
November 2023,S Shuttle,Muni Metro,Weekday,"2,800"
December 2023,S Shuttle,Muni Metro,Weekday,"3,000"
January 2024,S Shuttle,Muni Metro,Weekday,"2,900"
February 2024,S Shuttle,Muni Metro,Weekday,"3,100"
March 2024,S Shuttle,Muni Metro,Weekday,"3,400"
April 2024,S Shuttle,Muni Metro,Weekday,"3,200"
May 2024,S Shuttle,Muni Metro,Weekday,"3,500"
June 2024,S Shuttle,Muni Metro,Weekday,"3,500"
July 2024,S Shuttle,Muni Metro,Weekday,"3,000"
August 2024,S Shuttle,Muni Metro,Weekday,"4,800"
September 2024,S Shuttle,Muni Metro,Weekday,300
January 2021,T Third,Muni Metro,Weekday,"1,100"
February 2021,T Third,Muni Metro,Weekday,"4,700"
March 2021,T Third,Muni Metro,Weekday,"4,900"
April 2021,T Third,Muni Metro,Weekday,"5,400"
May 2021,T Third,Muni Metro,Weekday,"10,000"
January 2023,T Third,Muni Metro,Weekday,"11,400"
February 2023,T Third,Muni Metro,Weekday,"14,800"
March 2023,T Third,Muni Metro,Weekday,"14,900"
April 2023,T Third,Muni Metro,Weekday,"16,000"
May 2023,T Third,Muni Metro,Weekday,"16,100"
June 2023,T Third,Muni Metro,Weekday,"16,400"
July 2023,T Third,Muni Metro,Weekday,"16,600"
August 2023,T Third,Muni Metro,Weekday,"17,100"
September 2023,T Third,Muni Metro,Weekday,"17,300"
October 2023,T Third,Muni Metro,Weekday,"17,100"
November 2023,T Third,Muni Metro,Weekday,"13,100"
December 2023,T Third,Muni Metro,Weekday,"17,000"
January 2024,T Third,Muni Metro,Weekday,"17,700"
February 2024,T Third,Muni Metro,Weekday,"17,800"
March 2024,T Third,Muni Metro,Weekday,"18,400"
April 2024,T Third,Muni Metro,Weekday,"18,500"
May 2024,T Third,Muni Metro,Weekday,"19,200"
June 2024,T Third,Muni Metro,Weekday,"19,200"
July 2024,T Third,Muni Metro,Weekday,"19,000"
August 2024,T Third,Muni Metro,Weekday,"19,000"
September 2024,T Third,Muni Metro,Weekday,"19,900"
October 2024,T Third,Muni Metro,Weekday,"20,500"
November 2024,T Third,Muni Metro,Weekday,"18,700"
December 2024,T Third,Muni Metro,Weekday,"19,100"
January 2025,T Third,Muni Metro,Weekday,"19,500"
February 2025,T Third,Muni Metro,Weekday,"16,800"
March 2025,T Third,Muni Metro,Weekday,"10,200"
April 2025,T Third,Muni Metro,Weekday,"20,700"
May 2025,T Third,Muni Metro,Weekday,"21,400"
June 2025,T Third,Muni Metro,Weekday,"21,600"
July 2025,T Third,Muni Metro,Weekday,"22,200"
August 2025,T Third,Muni Metro,Weekday,"22,700"
September 2025,T Third,Muni Metro,Weekday,"22,900"
October 2025,T Third,Muni Metro,Weekday,"23,400"
November 2025,T Third,Muni Metro,Weekday,"22,100"
December 2025,T Third,Muni Metro,Weekday,"21,400"
January 2026,T Third,Muni Metro,Weekday,"23,200"
February 2026,T Third,Muni Metro,Weekday,"24,300"
March 2026,T Third,Muni Metro,Weekday,"24,900"
April 2026,T Third,Muni Metro,Weekday,"25,700"
May 2026,T Third,Muni Metro,Weekday,"26,200"
June 2026,T Third,Muni Metro,Weekday,"27,700"
July 2026,T Third,Muni Metro,Weekday,"26,500"
August 2026,T Third,Muni Metro,Weekday,"26,600"
